10000									
0	0	1	1	1	352.43264	117.6311	49.005653	0.971	0
0.1	0	1	1	1	352.43264	117.6311	49.005653	0.971	0
0.2	0	1	1	1	220.37217	96.584068	194.23269	0.971	0
0.3	0	1	1	1	220.37733	96.641364	194.07341	0.971	0
0.4	0	1	1	1	308.69534	75.702622	6.7374107	0.971	0
0.5	0	1	1	1	220.36702	96.527919	194.39255	0.971	0
0.6	0	1	1	1	308.69534	75.702622	6.7385566	0.971	0
0.7	0	1	1	1	308.69534	75.702622	6.7374107	0.971	0
0.8	0	1	1	1	220.36702	96.527919	194.39255	0.971	0
0.9	0	1	1	1	308.69534	75.702622	6.7385566	0.971	0
1	0	1	1	1	308.54121	77.15908	8.2345494	0.971	0
1.1	0	1	1	1	308.54178	77.167675	8.2167877	0.971	0
1.2	0	1	1	1	128.54251	102.82988	351.78864	0.971	0
1.3	0	1	1	1	220.37733	98.004431	192.95786	0.971	0
1.4	0	1	1	1	308.54178	77.167675	8.2167877	0.971	0
1.5	0	1	1	1	128.54251	102.82988	351.78864	0.971	0
1.6	0	1	1	1	220.37733	98.004431	192.95786	0.971	0
1.7	0	1	1	1	220.37676	98.003285	192.95786	0.971	0
1.8	0	1	1	1	128.54251	102.82931	351.79093	0.971	0
1.9	0	1	1	1	220.68845	98.475402	192.47658	0.971	0
2	0	1	1	1	308.82024	77.662137	8.6780188	0.971	0
2.1	0	1	1	1	220.68845	98.476548	192.476	0.971	0
2.2	0	1	1	1	220.68845	98.475402	192.47658	0.971	0
2.3	0	1	1	1	308.82024	77.662137	8.6780188	0.971	0
2.4	0	1	1	1	220.68845	98.476548	192.476	0.971	0
2.5	0	1	1	1	309.66249	78.139984	8.7656813	0.971	0
2.6	0	1	1	1	221.47798	98.576816	191.99644	0.971	0
2.7	0	1	1	1	221.47798	98.576243	191.99644	0.971	0
2.8	0	1	1	1	309.66249	78.139984	8.7656813	0.971	0
2.9	0	1	1	1	221.47798	98.576816	191.99644	0.971	0
3	0	1	1	1	221.47798	98.576243	191.99644	0.971	0
3.1	0	1	1	1	309.66363	78.138838	8.7651083	0.971	0
3.2	0	1	1	1	221.48199	98.574524	192.00503	0.971	0
3.3	0	1	1	1	129.45294	104.03768	350.80086	0.971	0
3.4	0	1	1	1	163.1801	16.733232	147.40772	0.971	0
3.5	0	1	1	1	163.17666	16.732086	147.41173	0.971	0
3.6	0	1	1	1	129.45294	104.03768	350.80086	0.971	0
3.7	0	1	1	1	163.1801	16.733232	147.40772	0.971	0
3.8	0	1	1	1	163.17666	16.732086	147.41173	0.971	0
3.9	0	1	1	1	129.45351	104.03825	350.80258	0.971	0
4	0	1	1	1	163.17609	16.732659	147.41287	0.971	0
4.1	0	1	1	1	163.17208	16.731514	147.41688	0.971	0
4.2	0	1	1	1	129.45466	104.03825	350.80831	0.971	0
4.3	0	1	1	1	163.11707	16.720627	147.47132	0.971	0
4.4	0	1	1	1	221.14624	97.370167	195.9063	0.971	0
4.5	0	1	1	1	221.14567	97.369594	195.90745	0.971	0
4.6	0	1	1	1	221.0179	97.344383	196.20481	0.971	0
4.7	0	1	1	1	221.14624	97.370167	195.9063	0.971	0
4.8	0	1	1	1	221.14567	97.369594	195.90745	0.971	0
4.9	0	1	1	1	308.4461	73.120874	7.6083066	0.971	0
5	0	1	1	1	308.44553	73.120301	7.6083066	0.971	0
5.1	0	1	1	1	308.44553	73.120874	7.6083066	0.971	0
5.2	0	1	1	1	308.4461	73.120874	7.6083066	0.971	0
5.3	0	1	1	1	308.44553	73.120301	7.6083066	0.971	0
5.4	0	1	1	1	308.44553	73.120874	7.6083066	0.971	0
5.5	0	1	1	1	308.44553	73.120874	7.6077336	0.971	0
5.6	0	1	1	1	308.44438	73.119728	7.6065877	0.971	0
5.7	0	1	1	1	308.44381	73.119728	7.602577	0.971	0
5.8	0	1	1	1	308.44381	73.120874	7.5928367	0.971	0
5.9	0	1	1	1	221.00128	98.905693	194.21436	0.971	0
6	0	1	1	1	221.00128	98.906266	194.20691	0.971	0
6.1	0	1	1	1	221.00128	98.906839	194.20576	0.971	0
6.2	0	1	1	1	221.00128	98.905693	194.21436	0.971	0
6.3	0	1	1	1	221.00128	98.906266	194.20691	0.971	0
6.4	0	1	1	1	221.00128	98.906839	194.20576	0.971	0
6.5	0	1	1	1	128.75679	104.0308	350.8169	0.971	0
6.6	0	1	1	1	221.00128	98.906266	194.20462	0.971	0
6.7	0	1	1	1	128.48579	103.70651	351.67806	0.971	0
6.8	0	1	1	1	160.1715	15.994117	149.31567	0.971	0
6.9	0	1	1	1	160.16921	15.994117	149.31796	0.971	0
7	0	1	1	1	128.48579	103.70651	351.67806	0.971	0
7.1	0	1	1	1	160.1715	15.994117	149.31567	0.971	0
7.2	0	1	1	1	160.16921	15.994117	149.31796	0.971	0
7.3	0	1	1	1	220.18825	97.866348	194.06768	0.971	0
7.4	0	1	1	1	159.5464	16.032505	149.81471	0.971	0
7.5	0	1	1	1	159.25075	16.051413	150.0502	0.971	0
7.6	0	1	1	1	220.18825	97.866348	194.06768	0.971	0
7.7	0	1	1	1	219.26694	99.045495	193.07016	0.971	0
7.8	0	1	1	1	307.1197	77.031311	9.2257664	0.971	0
7.9	0	1	1	1	219.1787	98.968146	193.16241	0.971	0
8	0	1	1	1	307.08246	76.991777	9.2017022	0.971	0
8.1	0	1	1	1	219.16953	98.963562	193.17272	0.971	0
8.2	0	1	1	1	219.16839	98.964135	193.17272	0.971	0
8.3	0	1	1	1	307.08246	76.991777	9.2017022	0.971	0
8.4	0	1	1	1	219.1724	98.96127	193.17501	0.971	0
8.5	0	1	1	1	307.07902	76.988912	9.203994	0.971	0
8.6	0	1	1	1	156.76641	17.164097	151.50436	0.971	0
8.7	0	1	1	1	219.3483	98.078915	195.205	0.971	0
8.8	0	1	1	1	156.76641	17.164097	151.50436	0.971	0
8.9	0	1	1	1	219.3483	98.078915	195.205	0.971	0
9	0	1	1	1	219.34772	98.077196	195.20672	0.971	0
9.1	0	1	1	1	156.67531	17.174983	151.5926	0.971	0
9.2	0	1	1	1	335.27599	162.18315	207.26175	0.971	0
9.3	0	1	1	1	155.86343	17.48438	152.25036	0.971	0
9.4	0	1	1	1	154.91977	18.172502	153.04849	0.971	0
9.5	0	1	1	1	219.13573	98.127617	196.30966	0.971	0
9.6	0	1	1	1	154.91174	18.175367	153.05823	0.971	0
9.7	0	1	1	1	219.13573	98.127617	196.30966	0.971	0
9.8	0	1	1	1	154.91174	18.175367	153.05823	0.971	0
9.9	0	1	1	1	159.03532	17.489537	149.1369	0.971	0
0.05	0.08660254	1	1	1	220.92279	97.641176	192.56882	0.971	0
0.15	0.08660254	1	1	1	220.90273	97.625133	192.59231	0.971	0
0.25	0.08660254	1	1	1	220.38019	96.66772	194.0121	0.971	0
0.35	0.08660254	1	1	1	220.37045	96.525054	194.38567	0.971	0
0.45	0.08660254	1	1	1	308.70107	75.708924	6.7328271	0.971	0
0.55	0.08660254	1	1	1	220.36874	96.527919	194.3914	0.971	0
0.65	0.08660254	1	1	1	308.69534	75.703195	6.7374107	0.971	0
0.75	0.08660254	1	1	1	308.69992	75.704913	6.7328271	0.971	0
0.85	0.08660254	1	1	1	220.36816	96.527919	194.39369	0.971	0
0.95	0.08660254	1	1	1	308.54809	77.111525	8.2918452	0.971	0
1.05	0.08660254	1	1	1	308.54579	77.10866	8.295283	0.971	0
1.15	0.08660254	1	1	1	308.54465	77.144183	8.2528841	0.971	0
1.25	0.08660254	1	1	1	128.54308	102.8379	351.76858	0.971	0
1.35	0.08660254	1	1	1	220.37561	98.010733	192.95385	0.971	0
1.45	0.08660254	1	1	1	220.37733	97.999847	192.955	0.971	0
1.55	0.08660254	1	1	1	128.54308	102.82874	351.7852	0.971	0
1.65	0.08660254	1	1	1	220.37561	98.010733	192.95385	0.971	0
1.75	0.08660254	1	1	1	220.37905	98.002139	192.95385	0.971	0
1.85	0.08660254	1	1	1	220.38077	98.002712	192.95213	0.971	0
1.95	0.08660254	1	1	1	220.69131	98.463943	192.48288	0.971	0
2.05	0.08660254	1	1	1	308.82024	77.663283	8.6808836	0.971	0
2.15	0.08660254	1	1	1	220.68902	98.474256	192.47486	0.971	0
2.25	0.08660254	1	1	1	220.68902	98.471391	192.47887	0.971	0
2.35	0.08660254	1	1	1	308.82139	77.669013	8.6871861	0.971	0
2.45	0.08660254	1	1	1	221.4734	98.57968	191.9867	0.971	0
2.55	0.08660254	1	1	1	309.65561	78.161756	8.769692	0.971	0
2.65	0.08660254	1	1	1	221.47741	98.576243	191.99472	0.971	0
2.75	0.08660254	1	1	1	221.4734	98.57968	191.9867	0.971	0
2.85	0.08660254	1	1	1	309.65561	78.161756	8.769692	0.971	0
2.95	0.08660254	1	1	1	221.48199	98.572805	191.99988	0.971	0
3.05	0.08660254	1	1	1	221.48887	98.571086	192.01535	0.971	0
3.15	0.08660254	1	1	1	309.68254	78.086699	8.7610976	0.971	0
3.25	0.08660254	1	1	1	221.50434	98.567648	192.04342	0.971	0
3.35	0.08660254	1	1	1	129.45523	104.02908	350.8043	0.971	0
3.45	0.08660254	1	1	1	163.17666	16.732086	147.41173	0.971	0
3.55	0.08660254	1	1	1	163.18067	16.732086	147.40829	0.971	0
3.65	0.08660254	1	1	1	129.45466	104.03768	350.80086	0.971	0
3.75	0.08660254	1	1	1	163.17666	16.732086	147.41173	0.971	0
3.85	0.08660254	1	1	1	163.1801	16.731514	147.40886	0.971	0
3.95	0.08660254	1	1	1	129.45638	104.03653	350.80487	0.971	0
4.05	0.08660254	1	1	1	163.1589	16.726357	147.42949	0.971	0
4.15	0.08660254	1	1	1	163.12223	16.718336	147.4673	0.971	0
4.25	0.08660254	1	1	1	221.69169	98.835793	194.21894	0.971	0
4.35	0.08660254	1	1	1	162.93545	16.691979	147.65294	0.971	0
4.45	0.08660254	1	1	1	221.20124	97.386209	195.78197	0.971	0
4.55	0.08660254	1	1	1	221.12905	97.363864	195.94985	0.971	0
4.65	0.08660254	1	1	1	221.13192	97.369021	195.94297	0.971	0
4.75	0.08660254	1	1	1	221.19551	97.38048	195.78827	0.971	0
4.85	0.08660254	1	1	1	220.6724	97.279066	197.01383	0.971	0
4.95	0.08660254	1	1	1	308.45126	73.125457	7.6088795	0.971	0
5.05	0.08660254	1	1	1	308.44667	73.121447	7.6100254	0.971	0
5.15	0.08660254	1	1	1	220.6724	97.279066	197.01383	0.971	0
5.25	0.08660254	1	1	1	308.44896	73.123739	7.6083066	0.971	0
5.35	0.08660254	1	1	1	308.4461	73.121447	7.6088795	0.971	0
5.45	0.08660254	1	1	1	308.44381	73.121447	7.6048688	0.971	0
5.55	0.08660254	1	1	1	308.44495	73.120301	7.5951285	0.971	0
5.65	0.08660254	1	1	1	308.44209	73.118582	7.5790857	0.971	0
5.75	0.08660254	1	1	1	308.44037	73.127176	7.5538756	0.971	0
5.85	0.08660254	1	1	1	308.44152	73.123739	7.5550215	0.971	0
5.95	0.08660254	1	1	1	220.99097	98.886786	194.27681	0.971	0
6.05	0.08660254	1	1	1	221.00013	98.902829	194.23212	0.971	0
6.15	0.08660254	1	1	1	221.00529	98.909131	194.21436	0.971	0
6.25	0.08660254	1	1	1	128.75679	104.02794	350.81862	0.971	0
6.35	0.08660254	1	1	1	221.00185	98.905693	194.20519	0.971	0
6.45	0.08660254	1	1	1	221.003	98.907985	194.2092	0.971	0
6.55	0.08660254	1	1	1	128.75794	104.02106	350.82091	0.971	0
6.65	0.08660254	1	1	1	221.05686	98.878764	194.18456	0.971	0
6.75	0.08660254	1	1	1	128.49094	103.7025	351.67577	0.971	0
6.85	0.08660254	1	1	1	160.1652	15.99469	149.32025	0.971	0
6.95	0.08660254	1	1	1	160.18181	15.993544	149.30764	0.971	0
7.05	0.08660254	1	1	1	128.48808	103.70479	351.67691	0.971	0
7.15	0.08660254	1	1	1	160.1205	15.998128	149.35692	0.971	0
7.25	0.08660254	1	1	1	158.61076	16.092666	150.56128	0.971	0
7.35	0.08660254	1	1	1	220.17221	97.852597	194.08086	0.971	0
7.45	0.08660254	1	1	1	158.98662	16.068601	150.26391	0.971	0
7.55	0.08660254	1	1	1	158.55919	16.096103	150.59795	0.971	0
7.65	0.08660254	1	1	1	220.14127	97.830825	194.1032	0.971	0
7.75	0.08660254	1	1	1	219.47721	99.283273	192.85416	0.971	0
7.85	0.08660254	1	1	1	307.25435	77.184863	9.3730166	0.971	0
7.95	0.08660254	1	1	1	219.25032	99.038047	193.08219	0.971	0
8.05	0.08660254	1	1	1	307.10194	77.01756	9.2137343	0.971	0
8.15	0.08660254	1	1	1	219.17011	98.962416	193.17215	0.971	0
8.25	0.08660254	1	1	1	219.17011	98.964135	193.17444	0.971	0
8.35	0.08660254	1	1	1	307.0796	76.989485	9.2022751	0.971	0
8.45	0.08660254	1	1	1	219.16896	98.964135	193.17845	0.971	0
8.55	0.08660254	1	1	1	307.0796	76.980318	9.2028481	0.971	0
8.65	0.08660254	1	1	1	156.94116	17.141178	151.33706	0.971	0
8.75	0.08660254	1	1	1	219.35174	98.092093	195.19011	0.971	0
8.85	0.08660254	1	1	1	219.34772	98.077769	195.20901	0.971	0
8.95	0.08660254	1	1	1	156.68276	17.175556	151.58515	0.971	0
9.05	0.08660254	1	1	1	219.34772	98.078342	195.20787	0.971	0
9.15	0.08660254	1	1	1	156.69651	17.185869	151.56968	0.971	0
9.25	0.08660254	1	1	1	335.39402	162.37051	207.38036	0.971	0
9.35	0.08660254	1	1	1	39.132444	81.873377	73.694405	0.971	0
9.45	0.08660254	1	1	1	154.92378	18.169638	153.04333	0.971	0
9.55	0.08660254	1	1	1	219.13401	98.129336	196.30623	0.971	0
9.65	0.08660254	1	1	1	154.91174	18.173648	153.05708	0.971	0
9.75	0.08660254	1	1	1	219.13458	98.127617	196.30795	0.971	0
9.85	0.08660254	1	1	1	154.92091	18.172502	153.04734	0.971	0
9.95	0.08660254	1	1	1	159.05308	17.488391	149.12143	0.971	0
0	0.17320508	1	1	1	220.92279	97.641176	192.56882	0.971	0
0.1	0.17320508	1	1	1	220.92336	97.641749	192.56768	0.971	0
0.2	0.17320508	1	1	1	220.91075	97.631435	192.58257	0.971	0
0.3	0.17320508	1	1	1	220.37618	96.522189	194.36963	0.971	0
0.4	0.17320508	1	1	1	308.70508	75.71007	6.7293893	0.971	0
0.5	0.17320508	1	1	1	308.70221	75.710643	6.7334	0.971	0
0.6	0.17320508	1	1	1	220.37618	96.522189	194.36963	0.971	0
0.7	0.17320508	1	1	1	308.6982	75.70033	6.7316811	0.971	0
0.8	0.17320508	1	1	1	220.37103	96.522189	194.3914	0.971	0
0.9	0.17320508	1	1	1	308.69992	75.699757	6.733973	0.971	0
1	0.17320508	1	1	1	308.5498	77.108087	8.3004396	0.971	0
1.1	0.17320508	1	1	1	308.54866	77.104076	8.2958559	0.971	0
1.2	0.17320508	1	1	1	308.54522	77.141892	8.2603325	0.971	0
1.3	0.17320508	1	1	1	220.37618	98.015317	192.94869	0.971	0
1.4	0.17320508	1	1	1	220.37446	98.009015	192.95385	0.971	0
1.5	0.17320508	1	1	1	220.37848	98.004431	192.95385	0.971	0
1.6	0.17320508	1	1	1	220.37618	98.015317	192.94869	0.971	0
1.7	0.17320508	1	1	1	220.37848	98.006723	192.94984	0.971	0
1.8	0.17320508	1	1	1	220.38363	98.016463	192.94125	0.971	0
1.9	0.17320508	1	1	1	220.69246	98.466235	192.47715	0.971	0
2	0.17320508	1	1	1	308.82482	77.664429	8.675154	0.971	0
2.1	0.17320508	1	1	1	308.82139	77.663283	8.6774458	0.971	0
2.2	0.17320508	1	1	1	220.69246	98.466235	192.47715	0.971	0
2.3	0.17320508	1	1	1	308.82482	77.664429	8.675154	0.971	0
2.4	0.17320508	1	1	1	221.46881	98.581972	191.97638	0.971	0
2.5	0.17320508	1	1	1	309.65848	78.154308	8.7679731	0.971	0
2.6	0.17320508	1	1	1	309.66134	78.14686	8.7662543	0.971	0
2.7	0.17320508	1	1	1	221.47454	98.577962	191.98899	0.971	0
2.8	0.17320508	1	1	1	221.47512	98.579108	191.98956	0.971	0
2.9	0.17320508	1	1	1	221.4734	98.579108	191.98441	0.971	0
3	0.17320508	1	1	1	221.49116	98.568794	192.01535	0.971	0
3.1	0.17320508	1	1	1	221.50778	98.568221	192.05259	0.971	0
3.2	0.17320508	1	1	1	221.50892	98.566502	192.04686	0.971	0
3.3	0.17320508	1	1	1	221.52955	98.562492	192.08238	0.971	0
3.4	0.17320508	1	1	1	129.4558	104.03137	350.80716	0.971	0
3.5	0.17320508	1	1	1	163.21218	16.712033	147.37735	0.971	0
3.6	0.17320508	1	1	1	221.70029	98.918299	194.18399	0.971	0
3.7	0.17320508	1	1	1	129.45351	104.03137	350.802	0.971	0
3.8	0.17320508	1	1	1	163.17208	16.713179	147.41688	0.971	0
3.9	0.17320508	1	1	1	163.17953	16.728649	147.41058	0.971	0
4	0.17320508	1	1	1	163.25286	16.683958	147.33037	0.971	0
4.1	0.17320508	1	1	1	163.17208	16.713179	147.41688	0.971	0
4.2	0.17320508	1	1	1	162.91253	16.689688	147.67643	0.971	0
4.3	0.17320508	1	1	1	162.9555	16.681666	147.63289	0.971	0
4.4	0.17320508	1	1	1	162.80596	16.667915	147.78415	0.971	0
4.5	0.17320508	1	1	1	221.1726	97.377042	195.85302	0.971	0
4.6	0.17320508	1	1	1	221.15598	97.371312	195.89026	0.971	0
4.7	0.17320508	1	1	1	221.16687	97.375323	195.85817	0.971	0
4.8	0.17320508	1	1	1	221.18119	97.377615	195.83468	0.971	0
4.9	0.17320508	1	1	1	308.5223	73.2538	7.6140361	0.971	0
5	0.17320508	1	1	1	308.44896	73.123739	7.6077336	0.971	0
5.1	0.17320508	1	1	1	308.44782	73.123739	7.6083066	0.971	0
5.2	0.17320508	1	1	1	308.44667	73.12202	7.6065877	0.971	0
5.3	0.17320508	1	1	1	308.44553	73.119728	7.6094525	0.971	0
5.4	0.17320508	1	1	1	308.4461	73.12202	7.6077336	0.971	0
5.5	0.17320508	1	1	1	308.44438	73.121447	7.6037229	0.971	0
5.6	0.17320508	1	1	1	308.44152	73.119728	7.561324	0.971	0
5.7	0.17320508	1	1	1	308.4398	73.123739	7.5510108	0.971	0
5.8	0.17320508	1	1	1	308.4398	73.123166	7.5366868	0.971	0
5.9	0.17320508	1	1	1	308.43751	73.123739	7.5103308	0.971	0
6	0.17320508	1	1	1	309.04541	72.958154	7.045089	0.971	0
6.1	0.17320508	1	1	1	308.9566	72.97477	7.1098333	0.971	0
6.2	0.17320508	1	1	1	221.003	98.907985	194.2092	0.971	0
6.3	0.17320508	1	1	1	162.45875	16.716044	147.43235	0.971	0
6.4	0.17320508	1	1	1	221.00243	98.908558	194.20748	0.971	0
6.5	0.17320508	1	1	1	221.00128	98.906839	194.2029	0.971	0
6.6	0.17320508	1	1	1	162.45875	16.716044	147.43235	0.971	0
6.7	0.17320508	1	1	1	221.00357	98.905693	194.20175	0.971	0
6.8	0.17320508	1	1	1	128.48922	103.70422	351.67634	0.971	0
6.9	0.17320508	1	1	1	160.18124	15.994117	149.30764	0.971	0
7	0.17320508	1	1	1	221.07347	98.880483	194.16279	0.971	0
7.1	0.17320508	1	1	1	128.47776	103.71453	351.68551	0.971	0
7.2	0.17320508	1	1	1	159.37451	16.043964	149.9528	0.971	0
7.3	0.17320508	1	1	1	158.86974	16.07605	150.35673	0.971	0
7.4	0.17320508	1	1	1	220.16018	97.841138	194.09232	0.971	0
7.5	0.17320508	1	1	1	221.04196	98.917726	194.1118	0.971	0
7.6	0.17320508	1	1	1	220.97894	98.922309	194.0631	0.971	0
7.7	0.17320508	1	1	1	220.92393	98.925174	194.02242	0.971	0
7.8	0.17320508	1	1	1	220.88669	98.918871	193.99434	0.971	0
7.9	0.17320508	1	1	1	219.25261	99.040339	193.08563	0.971	0
8	0.17320508	1	1	1	307.09736	77.003236	9.2051399	0.971	0
8.1	0.17320508	1	1	1	219.17412	98.96127	193.17501	0.971	0
8.2	0.17320508	1	1	1	219.17125	98.962416	193.18246	0.971	0
8.3	0.17320508	1	1	1	219.16839	98.964135	193.17616	0.971	0
8.4	0.17320508	1	1	1	219.17183	98.961843	193.17902	0.971	0
8.5	0.17320508	1	1	1	219.17125	98.962416	193.18418	0.971	0
8.6	0.17320508	1	1	1	156.84147	17.169253	151.43332	0.971	0
8.7	0.17320508	1	1	1	219.35174	98.093239	195.20672	0.971	0
8.8	0.17320508	1	1	1	219.34772	98.080634	195.21016	0.971	0
8.9	0.17320508	1	1	1	156.68505	17.179567	151.58171	0.971	0
9	0.17320508	1	1	1	156.7624	17.200193	151.5078	0.971	0
9.1	0.17320508	1	1	1	219.34772	98.080634	195.21016	0.971	0
9.2	0.17320508	1	1	1	156.75953	17.209933	151.5015	0.971	0
9.3	0.17320508	1	1	1	39.128434	81.872804	73.702999	0.971	0
9.4	0.17320508	1	1	1	154.93581	18.167346	153.02958	0.971	0
9.5	0.17320508	1	1	1	154.92836	18.169638	153.03817	0.971	0
9.6	0.17320508	1	1	1	219.13401	98.128763	196.3068	0.971	0
9.7	0.17320508	1	1	1	154.93638	18.167919	153.02958	0.971	0
9.8	0.17320508	1	1	1	219.13344	98.129336	196.30508	0.971	0
9.9	0.17320508	1	1	1	154.93753	18.169638	153.02958	0.971	0
0.05	0.25980762	1	1	1	309.12792	78.013933	8.1405844	0.971	0
0.15	0.25980762	1	1	1	309.12677	78.040862	8.1514706	0.971	0
0.25	0.25980762	1	1	1	309.13422	78.066073	8.172097	0.971	0
0.35	0.25980762	1	1	1	40.998568	81.807487	78.503239	0.971	0
0.45	0.25980762	1	1	1	220.99211	98.173453	191.53349	0.971	0
0.55	0.25980762	1	1	1	221.00185	98.13793	191.53292	0.971	0
0.65	0.25980762	1	1	1	220.36988	96.52047	194.39312	0.971	0
0.75	0.25980762	1	1	1	308.69763	75.699184	6.7374107	0.971	0
0.85	0.25980762	1	1	1	308.66382	76.003997	7.0926445	0.971	0
0.95	0.25980762	1	1	1	310.28988	77.755529	5.5009678	0.971	0
1.05	0.25980762	1	1	1	341.7825	164.73568	212.30092	0.971	0
1.15	0.25980762	1	1	1	308.53777	77.175123	8.2620514	0.971	0
1.25	0.25980762	1	1	1	308.53605	77.193458	8.2397061	0.971	0
1.35	0.25980762	1	1	1	128.53964	102.82243	351.77088	0.971	0
1.45	0.25980762	1	1	1	220.37618	98.011306	192.95213	0.971	0
1.55	0.25980762	1	1	1	220.37676	98.01589	192.94755	0.971	0
1.65	0.25980762	1	1	1	128.54365	102.82014	351.78176	0.971	0
1.75	0.25980762	1	1	1	309.75932	78.927801	7.5280925	0.971	0
1.85	0.25980762	1	1	1	309.78682	78.9702	7.5051742	0.971	0
1.95	0.25980762	1	1	1	309.77422	78.952438	7.5235088	0.971	0
2.05	0.25980762	1	1	1	309.75932	78.927801	7.5280925	0.971	0
2.15	0.25980762	1	1	1	41.252388	82.650308	258.92879	0.971	0
2.25	0.25980762	1	1	1	309.77422	78.952438	7.5235088	0.971	0
2.35	0.25980762	1	1	1	309.64415	78.189258	8.7765675	0.971	0
2.45	0.25980762	1	1	1	309.65218	78.17207	8.7708379	0.971	0
2.55	0.25980762	1	1	1	221.46939	98.57968	191.97581	0.971	0
2.65	0.25980762	1	1	1	309.65905	78.151443	8.7679731	0.971	0
2.75	0.25980762	1	1	1	309.65218	78.17207	8.7708379	0.971	0
2.85	0.25980762	1	1	1	221.46939	98.57968	191.97581	0.971	0
2.95	0.25980762	1	1	1	309.65848	78.157173	8.7674002	0.971	0
3.05	0.25980762	1	1	1	221.60804	98.445035	189.57626	0.971	0
3.15	0.25980762	1	1	1	221.60804	98.441598	189.56996	0.971	0
3.25	0.25980762	1	1	1	310.19018	80.533802	8.5594165	0.971	0
3.35	0.25980762	1	1	1	221.60804	98.445035	189.57626	0.971	0
3.45	0.25980762	1	1	1	221.61033	98.441598	189.56996	0.971	0
3.55	0.25980762	1	1	1	163.17723	16.730368	147.41287	0.971	0
3.65	0.25980762	1	1	1	163.19901	16.723492	147.38881	0.971	0
3.75	0.25980762	1	1	1	221.69685	98.915434	194.16738	0.971	0
3.85	0.25980762	1	1	1	163.23453	16.678228	147.35214	0.971	0
3.95	0.25980762	1	1	1	163.25573	16.68625	147.32979	0.971	0
4.05	0.25980762	1	1	1	221.69685	98.915434	194.16738	0.971	0
4.15	0.25980762	1	1	1	163.23453	16.678228	147.35214	0.971	0
4.25	0.25980762	1	1	1	163.07869	16.67651	147.5097	0.971	0
4.35	0.25980762	1	1	1	221.70946	98.778497	194.18285	0.971	0
4.45	0.25980762	1	1	1	221.88478	98.218717	194.14102	0.971	0
4.55	0.25980762	1	1	1	221.91687	98.092093	194.15993	0.971	0
4.65	0.25980762	1	1	1	221.90254	98.088083	194.19144	0.971	0
4.75	0.25980762	1	1	1	221.92718	98.058862	194.20863	0.971	0
4.85	0.25980762	1	1	1	221.62982	96.932427	196.57781	0.971	0
4.95	0.25980762	1	1	1	221.55017	96.875704	196.69297	0.971	0
5.05	0.25980762	1	1	1	221.59601	96.900341	196.63109	0.971	0
5.15	0.25980762	1	1	1	221.55304	96.879715	196.68037	0.971	0
5.25	0.25980762	1	1	1	151.76793	18.366735	338.46966	0.971	0
5.35	0.25980762	1	1	1	221.2425	96.631051	197.17197	0.971	0
5.45	0.25980762	1	1	1	221.24135	96.62704	197.17941	0.971	0
5.55	0.25980762	1	1	1	221.24078	96.625894	197.18171	0.971	0
5.65	0.25980762	1	1	1	309.20871	72.9381	6.9213302	0.971	0
5.75	0.25980762	1	1	1	221.2425	96.625894	197.18457	0.971	0
5.85	0.25980762	1	1	1	221.24078	96.625894	197.18171	0.971	0
5.95	0.25980762	1	1	1	309.19438	72.930079	6.9356541	0.971	0
6.05	0.25980762	1	1	1	221.21213	96.655115	197.19145	0.971	0
6.15	0.25980762	1	1	1	221.13421	96.721005	197.17426	0.971	0
6.25	0.25980762	1	1	1	308.98926	72.965602	7.086915	0.971	0
6.35	0.25980762	1	1	1	128.75737	104.03023	350.81633	0.971	0
6.45	0.25980762	1	1	1	162.4639	16.675937	147.51028	0.971	0
6.55	0.25980762	1	1	1	221.08092	98.862149	194.18514	0.971	0
6.65	0.25980762	1	1	1	162.50859	16.67078	147.46272	0.971	0
6.75	0.25980762	1	1	1	162.4639	16.675937	147.51028	0.971	0
6.85	0.25980762	1	1	1	128.84388	103.99127	350.8467	0.971	0
6.95	0.25980762	1	1	1	162.50859	16.67078	147.46272	0.971	0
7.05	0.25980762	1	1	1	221.07233	98.882775	194.1605	0.971	0
7.15	0.25980762	1	1	1	128.84388	103.99127	350.8467	0.971	0
7.25	0.25980762	1	1	1	221.07118	98.886213	194.15764	0.971	0
7.35	0.25980762	1	1	1	221.06889	98.891942	194.15191	0.971	0
7.45	0.25980762	1	1	1	128.8393	103.98325	350.83925	0.971	0
7.55	0.25980762	1	1	1	221.06774	98.896526	194.14732	0.971	0
7.65	0.25980762	1	1	1	342.77544	163.45397	212.98503	0.971	0
7.75	0.25980762	1	1	1	220.88726	98.919444	194.00294	0.971	0
7.85	0.25980762	1	1	1	220.88726	98.919444	193.99377	0.971	0
7.95	0.25980762	1	1	1	220.88669	98.918871	193.99492	0.971	0
8.05	0.25980762	1	1	1	220.88669	98.920017	193.99549	0.971	0
8.15	0.25980762	1	1	1	219.17641	98.960124	193.18189	0.971	0
8.25	0.25980762	1	1	1	219.17526	98.959552	193.18533	0.971	0
8.35	0.25980762	1	1	1	219.16953	98.963562	193.18189	0.971	0
8.45	0.25980762	1	1	1	219.17641	98.960124	193.18189	0.971	0
8.55	0.25980762	1	1	1	219.36148	98.12819	195.18036	0.971	0
8.65	0.25980762	1	1	1	219.35345	98.102407	195.21016	0.971	0
8.75	0.25980762	1	1	1	156.69422	17.184723	151.57255	0.971	0
8.85	0.25980762	1	1	1	219.3483	98.086364	195.2136	0.971	0
8.95	0.25980762	1	1	1	219.35174	98.097823	195.21073	0.971	0
9.05	0.25980762	1	1	1	219.3483	98.085218	195.21474	0.971	0
9.15	0.25980762	1	1	1	156.69765	17.18415	151.56911	0.971	0
9.25	0.25980762	1	1	1	219.3483	98.142514	195.24053	0.971	0
9.35	0.25980762	1	1	1	157.02367	17.312493	151.22362	0.971	0
9.45	0.25980762	1	1	1	219.33627	98.306953	195.33564	0.971	0
9.55	0.25980762	1	1	1	218.99134	98.750995	195.51669	0.971	0
9.65	0.25980762	1	1	1	219.13344	98.129336	196.30565	0.971	0
9.75	0.25980762	1	1	1	218.85785	98.941217	195.50695	0.971	0
9.85	0.25980762	1	1	1	306.38861	74.690205	9.2779056	0.971	0
9.95	0.25980762	1	1	1	306.38918	74.690778	9.2779056	0.971	0
0	0.34641016	1	1	1	220.81392	97.960886	192.06863	0.971	0
0.1	0.34641016	1	1	1	220.81622	97.96948	192.05774	0.971	0
0.2	0.34641016	1	1	1	220.82825	97.994118	192.0354	0.971	0
0.3	0.34641016	1	1	1	40.997422	81.805768	78.505531	0.971	0
0.4	0.34641016	1	1	1	220.99612	98.162567	191.46588	0.971	0
0.5	0.34641016	1	1	1	221.01159	98.158557	191.42978	0.971	0
0.6	0.34641016	1	1	1	40.999141	81.824103	78.488915	0.971	0
0.7	0.34641016	1	1	1	220.37332	96.522189	194.39599	0.971	0
0.8	0.34641016	1	1	1	310.28988	77.748654	5.4923734	0.971	0
0.9	0.34641016	1	1	1	334.2355	166.65795	23.308496	0.971	0
1	0.34641016	1	1	1	310.35348	77.796209	5.3731982	0.971	0
1.1	0.34641016	1	1	1	310.38957	77.822565	5.3021514	0.971	0
1.2	0.34641016	1	1	1	310.39015	77.833452	5.2832438	0.971	0
1.3	0.34641016	1	1	1	128.53621	102.79436	351.7428	0.971	0
1.4	0.34641016	1	1	1	128.5385	102.81556	351.75942	0.971	0
1.5	0.34641016	1	1	1	220.37446	98.029068	192.94067	0.971	0
1.6	0.34641016	1	1	1	220.37905	98.024484	192.93666	0.971	0
1.7	0.34641016	1	1	1	309.78052	78.96046	7.5120497	0.971	0
1.8	0.34641016	1	1	1	309.81432	79.012599	7.4845477	0.971	0
1.9	0.34641016	1	1	1	41.246659	82.64687	258.91447	0.971	0
2	0.34641016	1	1	1	309.79542	78.98567	7.5051742	0.971	0
2.1	0.34641016	1	1	1	41.255253	82.65661	258.93452	0.971	0
2.2	0.34641016	1	1	1	41.252961	82.649735	258.92937	0.971	0
2.3	0.34641016	1	1	1	309.79542	78.98567	7.5051742	0.971	0
2.4	0.34641016	1	1	1	309.8275	79.03609	7.4822558	0.971	0
2.5	0.34641016	1	1	1	309.55363	78.134827	8.7685461	0.971	0
2.6	0.34641016	1	1	1	221.46194	98.584264	191.96206	0.971	0
2.7	0.34641016	1	1	1	309.65561	78.161756	8.769692	0.971	0
2.8	0.34641016	1	1	1	310.18846	80.53724	8.5548328	0.971	0
2.9	0.34641016	1	1	1	221.60632	98.438733	189.56538	0.971	0
3	0.34641016	1	1	1	221.6069	98.439306	189.56767	0.971	0
3.1	0.34641016	1	1	1	221.60632	98.437014	189.56481	0.971	0
3.2	0.34641016	1	1	1	310.19305	80.540677	8.5542599	0.971	0
3.3	0.34641016	1	1	1	221.6069	98.439306	189.56767	0.971	0
3.4	0.34641016	1	1	1	221.60804	98.436441	189.56366	0.971	0
3.5	0.34641016	1	1	1	310.19305	80.540677	8.5542599	0.971	0
3.6	0.34641016	1	1	1	292.04174	61.874285	266.60013	0.4	0
3.7	0.34641016	1	1	1	131.23312	99.752525	353.74013	0.971	0
3.8	0.34641016	1	1	1	164.1484	11.575466	327.61841	0.971	0
3.9	0.34641016	1	1	1	311.22552	80.234718	6.2641476	0.971	0
4	0.34641016	1	1	1	131.23312	99.752525	353.74013	0.971	0
4.1	0.34641016	1	1	1	164.1484	11.575466	327.61841	0.971	0
4.2	0.34641016	1	1	1	221.89338	98.216998	194.1267	0.971	0
4.3	0.34641016	1	1	1	161.21944	16.272001	149.68293	0.971	0
4.4	0.34641016	1	1	1	221.91286	98.167151	194.12211	0.971	0
4.5	0.34641016	1	1	1	221.92546	98.09152	194.14789	0.971	0
4.6	0.34641016	1	1	1	221.91458	98.042246	194.17597	0.971	0
4.7	0.34641016	1	1	1	221.91228	98.120741	194.1542	0.971	0
4.8	0.34641016	1	1	1	221.93979	98.012452	194.19373	0.971	0
4.9	0.34641016	1	1	1	221.59429	96.90206	196.63052	0.971	0
5	0.34641016	1	1	1	221.67107	96.950189	196.53083	0.971	0
5.1	0.34641016	1	1	1	221.49288	96.831586	196.76918	0.971	0
5.2	0.34641016	1	1	1	153.30001	18.013793	337.24124	0.971	0
5.3	0.34641016	1	1	1	221.24765	96.625894	197.16796	0.971	0
5.4	0.34641016	1	1	1	221.25625	96.62303	197.1565	0.971	0
5.5	0.34641016	1	1	1	221.24078	96.629905	197.18113	0.971	0
5.6	0.34641016	1	1	1	309.20985	72.941538	6.9196113	0.971	0
5.7	0.34641016	1	1	1	221.24994	96.616154	197.17941	0.971	0
5.8	0.34641016	1	1	1	309.19725	72.930652	6.9333623	0.971	0
5.9	0.34641016	1	1	1	309.20355	72.935235	6.9264868	0.971	0
6	0.34641016	1	1	1	221.21958	96.645948	197.18686	0.971	0
6.1	0.34641016	1	1	1	308.93942	72.995969	7.1218654	0.971	0
6.2	0.34641016	1	1	1	308.99499	72.974197	7.0806124	0.971	0
6.3	0.34641016	1	1	1	128.83987	104.02106	350.86274	0.971	0
6.4	0.34641016	1	1	1	162.46161	16.677083	147.50913	0.971	0
6.5	0.34641016	1	1	1	221.05686	98.878764	194.18456	0.971	0
6.6	0.34641016	1	1	1	162.51031	16.670207	147.461	0.971	0
6.7	0.34641016	1	1	1	221.07806	98.873035	194.17139	0.971	0
6.8	0.34641016	1	1	1	221.07405	98.880483	194.16336	0.971	0
6.9	0.34641016	1	1	1	162.51031	16.670207	147.461	0.971	0
7	0.34641016	1	1	1	221.0729	98.882202	194.16107	0.971	0
7.1	0.34641016	1	1	1	41.074198	81.119365	255.83711	0.971	0
7.2	0.34641016	1	1	1	162.54354	16.667915	147.42319	0.971	0
7.3	0.34641016	1	1	1	221.0729	98.882202	194.16107	0.971	0
7.4	0.34641016	1	1	1	221.07175	98.885067	194.15821	0.971	0
7.5	0.34641016	1	1	1	162.57907	16.66505	147.38423	0.971	0
7.6	0.34641016	1	1	1	221.06545	98.906266	194.13701	0.971	0
7.7	0.34641016	1	1	1	308.67471	76.179323	9.1868053	0.971	0
7.8	0.34641016	1	1	1	162.7945	16.541292	146.99805	0.971	0
7.9	0.34641016	1	1	1	220.88841	98.921163	193.9697	0.971	0
8	0.34641016	1	1	1	308.67471	76.179323	9.1868053	0.971	0
8.1	0.34641016	1	1	1	162.7945	16.541292	146.99805	0.971	0
8.2	0.34641016	1	1	1	220.88841	98.921163	193.9697	0.971	0
8.3	0.34641016	1	1	1	219.19131	98.962989	193.16413	0.971	0
8.4	0.34641016	1	1	1	219.17756	98.958406	193.19449	0.971	0
8.5	0.34641016	1	1	1	219.37064	98.152827	195.18151	0.971	0
8.6	0.34641016	1	1	1	219.35976	98.125325	195.21589	0.971	0
8.7	0.34641016	1	1	1	156.76183	17.199047	151.50838	0.971	0
8.8	0.34641016	1	1	1	219.35345	98.104698	195.21875	0.971	0
8.9	0.34641016	1	1	1	219.35976	98.125325	195.21589	0.971	0
9	0.34641016	1	1	1	219.3483	98.085791	195.21474	0.971	0
9.1	0.34641016	1	1	1	219.35345	98.104698	195.21875	0.971	0
9.2	0.34641016	1	1	1	219.35174	98.103553	195.22391	0.971	0
9.3	0.34641016	1	1	1	219.35116	98.176318	195.256	0.971	0
9.4	0.34641016	1	1	1	156.57332	17.470629	151.5926	0.971	0
9.5	0.34641016	1	1	1	306.44418	74.670152	9.2051399	0.971	0
9.6	0.34641016	1	1	1	338.11156	162.15508	210.47318	0.971	0
9.7	0.34641016	1	1	1	218.85842	98.945801	195.50294	0.971	0
9.8	0.34641016	1	1	1	306.38861	74.69307	9.2813433	0.971	0
9.9	0.34641016	1	1	1	218.85785	98.943509	195.5058	0.971	0
0.05	0.4330127	1	1	1	220.81392	97.960886	192.06863	0.971	0
0.15	0.4330127	1	1	1	220.83169	97.995836	192.03712	0.971	0
0.25	0.4330127	1	1	1	40.999714	81.796028	78.520428	0.971	0
0.35	0.4330127	1	1	1	220.98352	98.182621	191.54323	0.971	0
0.45	0.4330127	1	1	1	221.0156	98.159129	191.37191	0.971	0
0.55	0.4330127	1	1	1	40.997422	81.805195	78.502093	0.971	0
0.65	0.4330127	1	1	1	221.00128	98.129336	191.4802	0.971	0
0.75	0.4330127	1	1	1	221.28203	95.606602	192.70519	0.971	0
0.85	0.4330127	1	1	1	310.30592	77.760113	5.4505475	0.971	0
0.95	0.4330127	1	1	1	310.3953	77.833452	5.294703	0.971	0
1.05	0.4330127	1	1	1	310.41478	77.866683	5.2448557	0.971	0
1.15	0.4330127	1	1	1	310.30592	77.760113	5.4505475	0.971	0
1.25	0.4330127	1	1	1	241.96753	20.726748	268.7619	0.371	0
1.35	0.4330127	1	1	1	310.41478	77.866683	5.2448557	0.971	0
1.45	0.4330127	1	1	1	154.35598	12.913896	336.66656	0.971	0
1.55	0.4330127	1	1	1	220.37676	98.04683	192.9252	0.971	0
1.65	0.4330127	1	1	1	343.69217	166.69348	213.20562	0.971	0
1.75	0.4330127	1	1	1	309.83151	79.038955	7.4742344	0.971	0
1.85	0.4330127	1	1	1	309.82693	79.032079	7.480537	0.971	0
1.95	0.4330127	1	1	1	344.46337	166.79718	213.89603	0.971	0
2.05	0.4330127	1	1	1	41.266139	82.669215	258.96203	0.971	0
2.15	0.4330127	1	1	1	41.246086	82.644005	258.91161	0.971	0
2.25	0.4330127	1	1	1	41.26041	82.661767	258.94885	0.971	0
2.35	0.4330127	1	1	1	41.263847	82.663486	258.95744	0.971	0
2.45	0.4330127	1	1	1	309.60233	78.266035	8.7811512	0.971	0
2.55	0.4330127	1	1	1	221.43272	98.594004	191.92711	0.971	0
2.65	0.4330127	1	1	1	309.64415	78.192123	8.7742757	0.971	0
2.75	0.4330127	1	1	1	309.60233	78.266035	8.7811512	0.971	0
2.85	0.4330127	1	1	1	221.60461	98.431284	189.56137	0.971	0
2.95	0.4330127	1	1	1	221.6069	98.440452	189.57111	0.971	0
3.05	0.4330127	1	1	1	221.60632	98.419252	189.5373	0.971	0
3.15	0.4330127	1	1	1	221.60461	98.431284	189.56137	0.971	0
3.25	0.4330127	1	1	1	221.6069	98.440452	189.57111	0.971	0
3.35	0.4330127	1	1	1	221.60632	98.419252	189.5373	0.971	0
3.45	0.4330127	1	1	1	310.19076	80.539531	8.5536869	0.971	0
3.55	0.4330127	1	1	1	221.647	98.223301	189.2915	0.971	0
3.65	0.4330127	1	1	1	311.22323	80.274825	6.299671	0.971	0
3.75	0.4330127	1	1	1	131.23598	99.745077	353.73211	0.971	0
3.85	0.4330127	1	1	1	164.11803	11.590936	327.64133	0.971	0
3.95	0.4330127	1	1	1	131.23369	99.74966	353.73211	0.971	0
4.05	0.4330127	1	1	1	131.2377	99.71471	353.74643	0.971	0
4.15	0.4330127	1	1	1	164.18335	11.565726	327.57716	0.971	0
4.25	0.4330127	1	1	1	221.91859	98.12819	194.12727	0.971	0
4.35	0.4330127	1	1	1	221.92317	98.100115	194.13644	0.971	0
4.45	0.4330127	1	1	1	221.92661	98.068602	194.15076	0.971	0
4.55	0.4330127	1	1	1	221.9289	98.031933	194.16508	0.971	0
4.65	0.4330127	1	1	1	111.90897	114.75027	2.8831236	0.4	0
4.75	0.4330127	1	1	1	111.90897	114.75027	2.8831236	0.4	0
4.85	0.4330127	1	1	1	221.9289	98.031933	194.16508	0.971	0
4.95	0.4330127	1	1	1	221.55247	96.87112	196.68954	0.971	0
5.05	0.4330127	1	1	1	311.3911	81.472307	8.3422655	0.971	0
5.15	0.4330127	1	1	1	152.68179	18.146146	337.74888	0.971	0
5.25	0.4330127	1	1	1	221.55247	96.87112	196.68954	0.971	0
5.35	0.4330127	1	1	1	221.24937	96.614435	197.17598	0.971	0
5.45	0.4330127	1	1	1	312.27518	79.256106	5.2293858	0.971	0
5.55	0.4330127	1	1	1	309.211	72.939246	6.9196113	0.971	0
5.65	0.4330127	1	1	1	221.24937	96.614435	197.17598	0.971	0
5.75	0.4330127	1	1	1	309.211	72.939819	6.9196113	0.971	0
5.85	0.4330127	1	1	1	309.211	72.939246	6.9196113	0.971	0
5.95	0.4330127	1	1	1	309.08667	72.939819	7.0152952	0.971	0
6.05	0.4330127	1	1	1	308.98525	72.978207	7.0851961	0.971	0
6.15	0.4330127	1	1	1	308.944	72.997115	7.1218654	0.971	0
6.25	0.4330127	1	1	1	308.95202	72.989094	7.1126981	0.971	0
6.35	0.4330127	1	1	1	162.43869	16.685104	147.52231	0.971	0
6.45	0.4330127	1	1	1	221.07118	98.870743	194.18227	0.971	0
6.55	0.4330127	1	1	1	221.07806	98.873035	194.17081	0.971	0
6.65	0.4330127	1	1	1	221.07462	98.878764	194.16508	0.971	0
6.75	0.4330127	1	1	1	221.07405	98.87991	194.16336	0.971	0
6.85	0.4330127	1	1	1	221.07347	98.880483	194.16279	0.971	0
6.95	0.4330127	1	1	1	221.07233	98.882775	194.16107	0.971	0
7.05	0.4330127	1	1	1	221.07405	98.87991	194.16336	0.971	0
7.15	0.4330127	1	1	1	221.07347	98.880483	194.16279	0.971	0
7.25	0.4330127	1	1	1	221.06717	98.899964	194.14331	0.971	0
7.35	0.4330127	1	1	1	221.07118	98.886213	194.15764	0.971	0
7.45	0.4330127	1	1	1	221.07004	98.890224	194.15305	0.971	0
7.55	0.4330127	1	1	1	221.06717	98.899964	194.14331	0.971	0
7.65	0.4330127	1	1	1	220.88669	98.918871	193.99434	0.971	0
7.75	0.4330127	1	1	1	220.88784	98.918299	193.99606	0.971	0
7.85	0.4330127	1	1	1	220.8907	98.922882	193.98174	0.971	0
7.95	0.4330127	1	1	1	220.88669	98.918871	193.99434	0.971	0
8.05	0.4330127	1	1	1	220.88784	98.918299	193.99606	0.971	0
8.15	0.4330127	1	1	1	220.8907	98.922882	193.98174	0.971	0
8.25	0.4330127	1	1	1	220.73142	99.260927	190.93303	0.971	0
8.35	0.4330127	1	1	1	170.50651	14.311913	319.32829	0.971	0
8.45	0.4330127	1	1	1	128.97108	100.75864	350.59173	0.971	0
8.55	0.4330127	1	1	1	170.4475	14.300454	319.39303	0.971	0
8.65	0.4330127	1	1	1	219.34772	98.230176	194.97983	0.971	0
8.75	0.4330127	1	1	1	157.4488	16.880483	331.02751	0.971	0
8.85	0.4330127	1	1	1	219.35689	98.113866	195.22047	0.971	0
8.95	0.4330127	1	1	1	219.35231	98.104698	195.22047	0.971	0
9.05	0.4330127	1	1	1	219.35632	98.148243	195.23594	0.971	0
9.15	0.4330127	1	1	1	219.35575	98.158557	195.24224	0.971	0
9.25	0.4330127	1	1	1	219.35345	98.170589	195.25256	0.971	0
9.35	0.4330127	1	1	1	157.03398	17.316503	151.21158	0.971	0
9.45	0.4330127	1	1	1	219.30647	98.272575	195.4508	0.971	0
9.55	0.4330127	1	1	1	156.94918	17.59668	151.1371	0.971	0
9.65	0.4330127	1	1	1	218.85842	98.946946	195.50179	0.971	0
9.75	0.4330127	1	1	1	306.39434	74.705102	9.2836352	0.971	0
9.85	0.4330127	1	1	1	306.39606	74.717134	9.2928025	0.971	0
9.95	0.4330127	1	1	1	306.38861	74.691924	9.2790515	0.971	0
0	0.51961524	1	1	1	40.789438	85.212575	82.696717	0.971	0
0.1	0.51961524	1	1	1	40.789438	85.212575	82.696717	0.971	0
0.2	0.51961524	1	1	1	309.34794	78.655073	8.3709134	0.971	0
0.3	0.51961524	1	1	1	309.34163	78.639603	8.3686216	0.971	0
0.4	0.51961524	1	1	1	309.34335	78.644187	8.3691945	0.971	0
0.5	0.51961524	1	1	1	309.34794	78.655073	8.3709134	0.971	0
0.6	0.51961524	1	1	1	220.99211	98.173453	191.53349	0.971	0
0.7	0.51961524	1	1	1	179.05619	9.5741248	42.198915	0.971	0
0.8	0.51961524	1	1	1	310.33342	77.789334	5.4339317	0.971	0
0.9	0.51961524	1	1	1	310.3741	77.838608	5.3479881	0.971	0
1	0.51961524	1	1	1	310.38212	77.890747	5.3560095	0.971	0
1.1	0.51961524	1	1	1	310.41536	77.921114	5.2654821	0.971	0
1.2	0.51961524	1	1	1	310.3741	77.838608	5.3479881	0.971	0
1.3	0.51961524	1	1	1	310.40447	77.898196	5.2952759	0.971	0
1.4	0.51961524	1	1	1	154.73871	12.814774	336.27122	0.971	0
1.5	0.51961524	1	1	1	334.50365	167.08137	23.492416	0.971	0
1.6	0.51961524	1	1	1	342.96222	166.69577	212.50833	0.971	0
1.7	0.51961524	1	1	1	41.133786	82.940797	78.673981	0.971	0
1.8	0.51961524	1	1	1	309.83667	79.047549	7.4702237	0.971	0
1.9	0.51961524	1	1	1	150.79218	89.086916	337.66809	0.343	0
2	0.51961524	1	1	1	41.274161	82.680102	258.98151	0.971	0
2.1	0.51961524	1	1	1	41.252388	82.650881	258.92822	0.971	0
2.2	0.51961524	1	1	1	41.254107	82.660048	258.93281	0.971	0
2.3	0.51961524	1	1	1	41.272442	82.672653	258.97578	0.971	0
2.4	0.51961524	1	1	1	41.302809	82.709895	259.06058	0.971	0
2.5	0.51961524	1	1	1	310.13747	79.869744	7.4868395	0.971	0
2.6	0.51961524	1	1	1	310.15351	79.938499	7.5011635	0.971	0
2.7	0.51961524	1	1	1	310.12945	79.931623	7.5802316	0.971	0
2.8	0.51961524	1	1	1	310.13403	79.984335	7.6197657	0.971	0
2.9	0.51961524	1	1	1	221.60632	98.442171	189.57455	0.971	0
3	0.51961524	1	1	1	221.60804	98.441598	189.56996	0.971	0
3.1	0.51961524	1	1	1	310.19018	80.533802	8.5594165	0.971	0
3.2	0.51961524	1	1	1	221.60632	98.442171	189.57455	0.971	0
3.3	0.51961524	1	1	1	221.60804	98.441598	189.56996	0.971	0
3.4	0.51961524	1	1	1	310.19018	80.533802	8.5594165	0.971	0
3.5	0.51961524	1	1	1	221.60919	98.438733	189.56882	0.971	0
3.6	0.51961524	1	1	1	221.61721	98.409512	189.52928	0.971	0
3.7	0.51961524	1	1	1	60.994795	67.43083	273.14101	0.257	0
3.8	0.51961524	1	1	1	131.22739	99.758255	353.72638	0.971	0
3.9	0.51961524	1	1	1	164.14324	11.585207	327.62071	0.971	0
4	0.51961524	1	1	1	131.22682	99.761692	353.72638	0.971	0
4.1	0.51961524	1	1	1	60.993076	67.461197	273.1307	0.143	0
4.2	0.51961524	1	1	1	311.23297	80.265085	6.2561262	0.971	0
4.3	0.51961524	1	1	1	312.15944	81.293544	5.0466123	0.971	0
4.4	0.51961524	1	1	1	176.1765	11.995444	315.74902	0.971	0
4.5	0.51961524	1	1	1	311.29943	81.439075	8.4339387	0.971	0
4.6	0.51961524	1	1	1	222.57119	98.331017	188.6538	0.971	0
4.7	0.51961524	1	1	1	111.89293	114.72964	2.8613512	0.4	0
4.8	0.51961524	1	1	1	311.29943	81.439075	8.4339387	0.971	0
4.9	0.51961524	1	1	1	222.57119	98.331017	188.6538	0.971	0
5	0.51961524	1	1	1	311.45928	81.500955	8.2752294	0.971	0
5.1	0.51961524	1	1	1	311.48564	81.522727	8.2391331	0.971	0
5.2	0.51961524	1	1	1	222.68692	98.176891	188.58677	0.971	0
5.3	0.51961524	1	1	1	311.50398	81.516997	8.2116311	0.971	0
5.4	0.51961524	1	1	1	312.14282	79.472111	5.4476827	0.971	0
5.5	0.51961524	1	1	1	242.12394	112.61829	87.383512	0.171	0
5.6	0.51961524	1	1	1	338.11729	168.0405	205.27531	0.971	0
5.7	0.51961524	1	1	1	338.11615	168.0405	205.27416	0.971	0
5.8	0.51961524	1	1	1	338.11729	168.0405	205.27531	0.971	0
5.9	0.51961524	1	1	1	221.2425	96.625894	197.18457	0.971	0
6	0.51961524	1	1	1	221.18234	96.68319	197.18629	0.971	0
6.1	0.51961524	1	1	1	221.15082	96.7084	197.17483	0.971	0
6.2	0.51961524	1	1	1	221.12733	96.728454	197.16509	0.971	0
6.3	0.51961524	1	1	1	162.41463	16.683385	147.55439	0.971	0
6.4	0.51961524	1	1	1	221.08092	98.862149	194.18514	0.971	0
6.5	0.51961524	1	1	1	221.0792	98.87017	194.17425	0.971	0
6.6	0.51961524	1	1	1	162.4639	16.675937	147.51028	0.971	0
6.7	0.51961524	1	1	1	221.08092	98.862149	194.18514	0.971	0
6.8	0.51961524	1	1	1	162.50859	16.67078	147.46272	0.971	0
6.9	0.51961524	1	1	1	221.0729	98.882202	194.16107	0.971	0
7	0.51961524	1	1	1	221.07462	98.878764	194.16508	0.971	0
7.1	0.51961524	1	1	1	162.5212	16.669634	147.44897	0.971	0
7.2	0.51961524	1	1	1	221.0729	98.882202	194.16107	0.971	0
7.3	0.51961524	1	1	1	128.84102	103.98611	350.84154	0.971	0
7.4	0.51961524	1	1	1	221.07118	98.886213	194.15764	0.971	0
7.5	0.51961524	1	1	1	221.06889	98.891942	194.15191	0.971	0
7.6	0.51961524	1	1	1	220.88726	98.919444	194.00294	0.971	0
7.7	0.51961524	1	1	1	220.88726	98.919444	193.99377	0.971	0
7.8	0.51961524	1	1	1	220.88669	98.918871	193.99492	0.971	0
7.9	0.51961524	1	1	1	220.88726	98.919444	194.00294	0.971	0
8	0.51961524	1	1	1	220.88726	98.919444	193.99377	0.971	0
8.1	0.51961524	1	1	1	220.88669	98.918871	193.99492	0.971	0
8.2	0.51961524	1	1	1	170.59245	14.238574	319.27214	0.971	0
8.3	0.51961524	1	1	1	129.00374	100.70421	350.62439	0.971	0
8.4	0.51961524	1	1	1	129.00718	100.69791	350.6284	0.971	0
8.5	0.51961524	1	1	1	170.59245	14.238574	319.27214	0.971	0
8.6	0.51961524	1	1	1	128.98311	100.73801	350.60663	0.971	0
8.7	0.51961524	1	1	1	221.09238	97.076239	192.41355	0.971	0
8.8	0.51961524	1	1	1	221.10785	97.006911	192.45767	0.971	0
8.9	0.51961524	1	1	1	340.06191	165.74466	209.71802	0.971	0
9	0.51961524	1	1	1	309.5393	77.682191	7.2433324	0.971	0
9.1	0.51961524	1	1	1	219.35059	98.298931	195.30642	0.971	0
9.2	0.51961524	1	1	1	219.35345	98.222155	195.27548	0.971	0
9.3	0.51961524	1	1	1	219.35231	98.263408	195.29037	0.971	0
9.4	0.51961524	1	1	1	219.30819	98.337319	195.32761	0.971	0
9.5	0.51961524	1	1	1	219.27439	98.391177	195.39351	0.971	0
9.6	0.51961524	1	1	1	218.85842	98.932622	195.51153	0.971	0
9.7	0.51961524	1	1	1	306.38861	74.691351	9.2796244	0.971	0
9.8	0.51961524	1	1	1	306.38861	74.691924	9.2796244	0.971	0
9.9	0.51961524	1	1	1	218.85899	98.940071	195.50523	0.971	0
0.05	0.60621778	1	1	1	40.81694	85.145539	82.613639	0.971	0
0.15	0.60621778	1	1	1	40.796314	85.193095	82.67781	0.971	0
0.25	0.60621778	1	1	1	40.804335	85.175906	82.655464	0.971	0
0.35	0.60621778	1	1	1	40.988255	85.179917	82.897253	0.971	0
0.45	0.60621778	1	1	1	40.8983	85.172468	82.772921	0.971	0
0.55	0.60621778	1	1	1	220.94398	97.95974	191.78273	0.971	0
0.65	0.60621778	1	1	1	303.17661	121.90422	147.8678	0.171	0
0.75	0.60621778	1	1	1	179.49049	9.7431473	41.592152	0.971	0
0.85	0.60621778	1	1	1	41.847691	83.331555	84.240839	0.971	0
0.95	0.60621778	1	1	1	310.41249	77.913666	5.2752224	0.971	0
1.05	0.60621778	1	1	1	310.39301	77.928563	5.3170483	0.971	0
1.15	0.60621778	1	1	1	334.26186	166.90261	23.279848	0.971	0
1.25	0.60621778	1	1	1	310.41249	77.913666	5.2752224	0.971	0
1.35	0.60621778	1	1	1	310.39015	77.833452	5.2832438	0.971	0
1.45	0.60621778	1	1	1	334.44291	166.81036	23.527366	0.971	0
1.55	0.60621778	1	1	1	342.55485	166.68144	32.108555	0.971	0
1.65	0.60621778	1	1	1	41.148683	82.867459	78.699191	0.971	0
1.75	0.60621778	1	1	1	41.125192	82.921317	258.65836	0.971	0
1.85	0.60621778	1	1	1	150.79218	89.086916	337.66809	0.343	0
1.95	0.60621778	1	1	1	41.26442	82.669788	258.95687	0.971	0
2.05	0.60621778	1	1	1	41.259837	82.661194	258.94598	0.971	0
2.15	0.60621778	1	1	1	41.262702	82.666924	258.95286	0.971	0
2.25	0.60621778	1	1	1	41.26442	82.669788	258.95687	0.971	0
2.35	0.60621778	1	1	1	41.259837	82.661194	258.94598	0.971	0
2.45	0.60621778	1	1	1	41.269004	82.67208	258.97062	0.971	0
2.55	0.60621778	1	1	1	310.1644	79.930477	7.4513161	0.971	0
2.65	0.60621778	1	1	1	310.14034	79.998659	7.6065877	0.971	0
2.75	0.60621778	1	1	1	310.12716	80.012983	7.6753426	0.971	0
2.85	0.60621778	1	1	1	310.14034	79.988346	7.5974204	0.971	0
2.95	0.60621778	1	1	1	258.37532	132.28564	260.08961	0.4	0
3.05	0.60621778	1	1	1	111.53712	116.52128	184.00024	0.4	0
3.15	0.60621778	1	1	1	221.6069	98.439306	189.56767	0.971	0
3.25	0.60621778	1	1	1	221.60632	98.437014	189.56481	0.971	0
3.35	0.60621778	1	1	1	310.19305	80.540677	8.5542599	0.971	0
3.45	0.60621778	1	1	1	221.60862	98.441025	189.56939	0.971	0
3.55	0.60621778	1	1	1	221.61091	98.433003	189.56022	0.971	0
3.65	0.60621778	1	1	1	221.98505	96.54568	187.20422	0.971	0
3.75	0.60621778	1	1	1	311.22552	80.234718	6.2641476	0.971	0
3.85	0.60621778	1	1	1	60.994795	67.43083	273.14101	0.4	0
3.95	0.60621778	1	1	1	164.16329	11.569737	327.6018	0.971	0
4.05	0.60621778	1	1	1	311.22552	80.234718	6.2641476	0.971	0
4.15	0.60621778	1	1	1	42.923706	85.006883	81.258593	0.971	0
4.25	0.60621778	1	1	1	312.15829	81.293544	5.049477	0.971	0
4.35	0.60621778	1	1	1	42.925425	85.011467	81.261458	0.971	0
4.45	0.60621778	1	1	1	176.24296	12.013206	315.63385	0.971	0
4.55	0.60621778	1	1	1	311.2937	81.445951	8.444252	0.971	0
4.65	0.60621778	1	1	1	222.55285	98.377426	188.6326	0.971	0
4.75	0.60621778	1	1	1	222.52993	98.385448	188.61198	0.971	0
4.85	0.60621778	1	1	1	311.31261	81.442513	8.4219066	0.971	0
4.95	0.60621778	1	1	1	222.66286	98.216998	188.60682	0.971	0
5.05	0.60621778	1	1	1	311.50283	81.525592	8.2196525	0.971	0
5.15	0.60621778	1	1	1	311.5097	81.521008	8.2007449	0.971	0
5.25	0.60621778	1	1	1	222.7637	98.006723	188.60338	0.971	0
5.35	0.60621778	1	1	1	311.56356	81.507257	8.1033421	0.971	0
5.45	0.60621778	1	1	1	312.12162	79.587275	5.5571177	0.971	0
5.55	0.60621778	1	1	1	312.2557	79.282462	5.254023	0.971	0
5.65	0.60621778	1	1	1	338.12818	168.0405	205.28734	0.971	0
5.75	0.60621778	1	1	1	338.10927	168.03935	205.27072	0.971	0
5.85	0.60621778	1	1	1	338.15511	168.04165	205.36011	0.971	0
5.95	0.60621778	1	1	1	338.13906	168.03993	205.32516	0.971	0
6.05	0.60621778	1	1	1	222.52879	95.195219	100.946	0.971	0
6.15	0.60621778	1	1	1	131.27323	101.17862	354.67978	0.971	0
6.25	0.60621778	1	1	1	337.40109	167.801	205.29995	0.971	0
6.35	0.60621778	1	1	1	222.42164	95.205532	101.09497	0.971	0
6.45	0.60621778	1	1	1	128.83987	104.02106	350.86274	0.971	0
6.55	0.60621778	1	1	1	221.07806	98.873035	194.17139	0.971	0
6.65	0.60621778	1	1	1	41.075917	81.122802	255.8331	0.971	0
6.75	0.60621778	1	1	1	162.51031	16.670207	147.461	0.971	0
6.85	0.60621778	1	1	1	221.07806	98.873035	194.17139	0.971	0
6.95	0.60621778	1	1	1	41.075917	81.122802	255.8331	0.971	0
7.05	0.60621778	1	1	1	162.54354	16.667915	147.42319	0.971	0
7.15	0.60621778	1	1	1	221.0729	98.882202	194.16107	0.971	0
7.25	0.60621778	1	1	1	41.074198	81.119365	255.83711	0.971	0
7.35	0.60621778	1	1	1	162.54354	16.667915	147.42319	0.971	0
7.45	0.60621778	1	1	1	221.07061	98.887932	194.15592	0.971	0
7.55	0.60621778	1	1	1	221.06774	98.898245	194.1456	0.971	0
7.65	0.60621778	1	1	1	221.04654	98.917153	194.11696	0.971	0
7.75	0.60621778	1	1	1	221.21041	99.271813	193.06615	0.971	0
7.85	0.60621778	1	1	1	308.67471	76.179323	9.1868053	0.971	0
7.95	0.60621778	1	1	1	162.7945	16.541292	146.99805	0.971	0
8.05	0.60621778	1	1	1	220.88841	98.921163	193.9697	0.971	0
8.15	0.60621778	1	1	1	308.67471	76.186771	9.1862323	0.971	0
8.25	0.60621778	1	1	1	170.62454	14.201905	319.25495	0.971	0
8.35	0.60621778	1	1	1	129.0278	100.6727	350.64501	0.971	0
8.45	0.60621778	1	1	1	170.62683	14.17956	319.26583	0.971	0
8.55	0.60621778	1	1	1	128.99801	100.71223	350.62038	0.971	0
8.65	0.60621778	1	1	1	170.55693	14.222531	319.31683	0.971	0
8.75	0.60621778	1	1	1	309.58629	77.679326	7.1533781	0.971	0
8.85	0.60621778	1	1	1	309.59717	77.587653	7.0886338	0.971	0
8.95	0.60621778	1	1	1	309.60519	77.548119	7.0525375	0.971	0
9.05	0.60621778	1	1	1	339.40931	165.71601	209.03334	0.971	0
9.15	0.60621778	1	1	1	41.131494	83.127582	77.443267	0.971	0
9.25	0.60621778	1	1	1	309.61035	77.544681	7.0359217	0.971	0
9.35	0.60621778	1	1	1	41.134359	83.133311	77.451862	0.971	0
9.45	0.60621778	1	1	1	309.60462	77.534941	7.0393595	0.971	0
9.55	0.60621778	1	1	1	41.130921	83.127582	77.442694	0.971	0
9.65	0.60621778	1	1	1	306.38918	74.690205	9.2767597	0.971	0
9.75	0.60621778	1	1	1	338.12932	162.15393	210.49209	0.971	0
9.85	0.60621778	1	1	1	218.85785	98.933195	195.51268	0.971	0
9.95	0.60621778	1	1	1	306.38918	74.690778	9.2779056	0.971	0
0	0.69282032	1	1	1	40.803189	85.178771	82.654892	0.971	0
0.1	0.69282032	1	1	1	40.810065	85.163874	82.635984	0.971	0
0.2	0.69282032	1	1	1	342.67345	172.26721	211.24667	0.971	0
0.3	0.69282032	1	1	1	40.953304	85.255547	82.82506	0.971	0
0.4	0.69282032	1	1	1	131.11967	96.193884	355.94774	0.971	0
0.5	0.69282032	1	1	1	41.252961	85.291643	83.289156	0.971	0
0.6	0.69282032	1	1	1	41.561786	82.719063	83.195764	0.971	0
0.7	0.69282032	1	1	1	180.14882	9.7551794	40.9195	0.971	0
0.8	0.69282032	1	1	1	131.31963	94.305415	353.48517	0.971	0
0.9	0.69282032	1	1	1	41.684398	82.810163	83.021585	0.971	0
1	0.69282032	1	1	1	41.687263	83.179148	83.027887	0.971	0
1.1	0.69282032	1	1	1	334.49964	166.92552	23.53195	0.971	0
1.2	0.69282032	1	1	1	310.39874	78.01909	5.3004326	0.971	0
1.3	0.69282032	1	1	1	154.35598	12.913896	336.66656	0.971	0
1.4	0.69282032	1	1	1	334.37932	166.90031	23.420223	0.971	0
1.5	0.69282032	1	1	1	310.36665	77.987004	5.308454	0.971	0
1.6	0.69282032	1	1	1	153.75036	8.2694999	338.45992	0.971	0
1.7	0.69282032	1	1	1	41.203114	82.760889	258.82165	0.971	0
1.8	0.69282032	1	1	1	153.36247	8.3199201	338.86214	0.971	0
1.9	0.69282032	1	1	1	132.02265	97.744308	356.98594	0.971	0
2	0.69282032	1	1	1	153.33611	8.3033044	338.89537	0.971	0
2.1	0.69282032	1	1	1	153.36247	8.3199201	338.86214	0.971	0
2.2	0.69282032	1	1	1	132.02265	97.744308	356.98594	0.971	0
2.3	0.69282032	1	1	1	153.33611	8.3033044	338.89537	0.971	0
2.4	0.69282032	1	1	1	42.574775	88.293942	264.31403	0.971	0
2.5	0.69282032	1	1	1	42.604569	88.536303	264.39424	0.971	0
2.6	0.69282032	1	1	1	310.13747	80.015848	7.6358085	0.971	0
2.7	0.69282032	1	1	1	310.14034	80.027307	7.6352356	0.971	0
2.8	0.69282032	1	1	1	310.13747	80.021577	7.6415381	0.971	0
2.9	0.69282032	1	1	1	310.13747	80.015848	7.6358085	0.971	0
3	0.69282032	1	1	1	221.60461	98.431284	189.56137	0.971	0
3.1	0.69282032	1	1	1	221.6069	98.440452	189.57111	0.971	0
3.2	0.69282032	1	1	1	221.60403	98.337319	189.4124	0.971	0
3.3	0.69282032	1	1	1	310.19076	80.539531	8.5536869	0.971	0
3.4	0.69282032	1	1	1	131.17009	97.125514	353.42902	0.971	0
3.5	0.69282032	1	1	1	131.15634	97.15187	353.39808	0.971	0
3.6	0.69282032	1	1	1	131.15749	97.117492	353.39636	0.971	0
3.7	0.69282032	1	1	1	131.17009	97.125514	353.42902	0.971	0
3.8	0.69282032	1	1	1	131.14488	97.131816	353.3786	0.971	0
3.9	0.69282032	1	1	1	131.15749	97.117492	353.39636	0.971	0
4	0.69282032	1	1	1	312.1623	81.296409	5.0448934	0.971	0
4.1	0.69282032	1	1	1	342.41046	169.95532	209.86069	0.971	0
4.2	0.69282032	1	1	1	312.1772	81.311878	5.0277047	0.971	0
4.3	0.69282032	1	1	1	312.1623	81.296409	5.0448934	0.971	0
4.4	0.69282032	1	1	1	342.37895	169.97939	209.81657	0.971	0
4.5	0.69282032	1	1	1	312.1646	81.2987	5.0426016	0.971	0
4.6	0.69282032	1	1	1	312.17663	81.363445	5.0150996	0.971	0
4.7	0.69282032	1	1	1	222.5328	98.396334	188.6114	0.971	0
4.8	0.69282032	1	1	1	222.55858	98.35107	188.62057	0.971	0
4.9	0.69282032	1	1	1	311.3911	81.472307	8.3422655	0.971	0
5	0.69282032	1	1	1	222.69838	98.160848	188.58104	0.971	0
5.1	0.69282032	1	1	1	311.52231	81.527311	8.1869939	0.971	0
5.2	0.69282032	1	1	1	222.72875	98.109282	188.56499	0.971	0
5.3	0.69282032	1	1	1	312.10443	82.516236	7.4851206	0.971	0
5.4	0.69282032	1	1	1	312.10501	82.519101	7.4856936	0.971	0
5.5	0.69282032	1	1	1	132.16246	97.37475	352.58849	0.971	0
5.6	0.69282032	1	1	1	312.27518	79.256106	5.2293858	0.971	0
5.7	0.69282032	1	1	1	338.12359	168.03993	205.28619	0.971	0
5.8	0.69282032	1	1	1	338.0577	168.02102	205.37729	0.971	0
5.9	0.69282032	1	1	1	338.17401	168.03935	205.40995	0.971	0
6	0.69282032	1	1	1	222.41133	95.207251	101.11445	0.971	0
6.1	0.69282032	1	1	1	243.80156	21.375336	177.62666	0.429	0
6.2	0.69282032	1	1	1	131.37922	101.0858	354.68895	0.971	0
6.3	0.69282032	1	1	1	222.41133	95.207251	101.11445	0.971	0
6.4	0.69282032	1	1	1	130.91054	101.45994	354.53998	0.971	0
6.5	0.69282032	1	1	1	162.39171	16.679374	147.58591	0.971	0
6.6	0.69282032	1	1	1	41.759456	84.129112	78.05404	0.971	0
6.7	0.69282032	1	1	1	162.52234	16.669061	147.44725	0.971	0
6.8	0.69282032	1	1	1	221.07462	98.878764	194.16508	0.971	0
6.9	0.69282032	1	1	1	221.07233	98.887932	194.15248	0.971	0
7	0.69282032	1	1	1	221.07347	98.881056	194.16222	0.971	0
7.1	0.69282032	1	1	1	221.07233	98.882775	194.16107	0.971	0
7.2	0.69282032	1	1	1	221.07233	98.887932	194.15248	0.971	0
7.3	0.69282032	1	1	1	221.07004	98.890224	194.15305	0.971	0
7.4	0.69282032	1	1	1	221.07004	98.889651	194.15362	0.971	0
7.5	0.69282032	1	1	1	164.93965	16.262261	145.12162	0.971	0
7.6	0.69282032	1	1	1	164.54259	16.38029	145.46883	0.971	0
7.7	0.69282032	1	1	1	221.16916	99.256344	193.30221	0.971	0
7.8	0.69282032	1	1	1	165.95493	15.981512	144.18769	0.971	0
7.9	0.69282032	1	1	1	220.88784	98.918299	193.99606	0.971	0
8	0.69282032	1	1	1	220.8907	98.922882	193.98174	0.971	0
8.1	0.69282032	1	1	1	170.68928	14.175549	319.20567	0.971	0
8.2	0.69282032	1	1	1	170.66694	14.168673	319.22917	0.971	0
8.3	0.69282032	1	1	1	129.02437	100.67728	350.63699	0.971	0
8.4	0.69282032	1	1	1	170.66407	14.160079	319.23661	0.971	0
8.5	0.69282032	1	1	1	129.01864	100.68301	350.63871	0.971	0
8.6	0.69282032	1	1	1	170.60792	14.199613	319.27386	0.971	0
8.7	0.69282032	1	1	1	170.42343	14.315923	319.41137	0.971	0
8.8	0.69282032	1	1	1	221.13478	96.938156	192.421	0.971	0
8.9	0.69282032	1	1	1	221.14395	96.884871	192.47429	0.971	0
9	0.69282032	1	1	1	309.61264	77.553275	7.0405054	0.971	0
9.1	0.69282032	1	1	1	339.39499	165.7246	209.015	0.971	0
9.2	0.69282032	1	1	1	339.37092	165.72346	208.99209	0.971	0
9.3	0.69282032	1	1	1	41.133786	83.13503	77.453581	0.971	0
9.4	0.69282032	1	1	1	309.61207	77.546973	7.0336299	0.971	0
9.5	0.69282032	1	1	1	41.134359	83.13503	77.451862	0.971	0
9.6	0.69282032	1	1	1	339.37379	165.7246	208.9961	0.971	0
9.7	0.69282032	1	1	1	339.47864	165.84722	209.07803	0.971	0
9.8	0.69282032	1	1	1	129.93193	101.15742	353.37057	0.971	0
9.9	0.69282032	1	1	1	306.4396	74.823131	9.3277529	0.971	0
0.05	0.77942286	1	1	1	41.714765	86.014716	83.149354	0.971	0
0.15	0.77942286	1	1	1	41.711327	86.015289	83.148208	0.971	0
0.25	0.77942286	1	1	1	41.7119	86.014143	83.151646	0.971	0
0.35	0.77942286	1	1	1	131.12139	96.205343	355.94831	0.971	0
0.45	0.77942286	1	1	1	131.12598	96.215657	355.94946	0.971	0
0.55	0.77942286	1	1	1	347.90513	172.23913	216.64795	0.971	0
0.65	0.77942286	1	1	1	41.800709	83.135603	86.071439	0.971	0
0.75	0.77942286	1	1	1	191.64006	7.8518136	29.967985	0.971	0
0.85	0.77942286	1	1	1	13.568214	172.30617	331.94482	0.971	0
0.95	0.77942286	1	1	1	41.831076	83.19118	356.37402	0.971	0
1.05	0.77942286	1	1	1	173.71908	9.014345	317.94402	0.971	0
1.15	0.77942286	1	1	1	310.35863	78.078678	5.3714793	0.971	0
1.25	0.77942286	1	1	1	161.74885	9.3048346	330.05234	0.971	0
1.35	0.77942286	1	1	1	157.1056	8.0878722	335.01931	0.971	0
1.45	0.77942286	1	1	1	310.35863	78.078678	5.3714793	0.971	0
1.55	0.77942286	1	1	1	131.96937	97.550648	266.95536	0.971	0
1.65	0.77942286	1	1	1	132.01463	97.678991	356.99969	0.971	0
1.75	0.77942286	1	1	1	153.55899	8.2975748	338.66046	0.971	0
1.85	0.77942286	1	1	1	153.49425	8.389248	338.72004	0.971	0
1.95	0.77942286	1	1	1	132.04615	97.55294	357.08506	0.971	0
2.05	0.77942286	1	1	1	153.3258	8.3204931	338.90224	0.971	0
2.15	0.77942286	1	1	1	153.53837	8.389821	338.68796	0.971	0
2.25	0.77942286	1	1	1	42.613163	88.563805	264.38966	0.971	0
2.35	0.77942286	1	1	1	42.617747	88.624539	264.40226	0.971	0
2.45	0.77942286	1	1	1	42.613736	88.618809	264.40455	0.971	0
2.55	0.77942286	1	1	1	42.563889	88.173621	264.35012	0.971	0
2.65	0.77942286	1	1	1	42.538106	88.066478	84.386943	0.971	0
2.75	0.77942286	1	1	1	42.566181	88.240084	264.37648	0.971	0
2.85	0.77942286	1	1	1	42.547273	88.083667	264.3633	0.971	0
2.95	0.77942286	1	1	1	42.538106	88.066478	84.386943	0.971	0
3.05	0.77942286	1	1	1	42.400596	86.945199	264.34439	0.971	0
3.15	0.77942286	1	1	1	42.465913	87.482634	264.36502	0.971	0
3.25	0.77942286	1	1	1	221.60518	98.403782	189.51725	0.971	0
3.35	0.77942286	1	1	1	310.24461	80.683344	8.4505545	0.971	0
3.45	0.77942286	1	1	1	41.982909	83.452449	82.798704	0.971	0
3.55	0.77942286	1	1	1	221.9839	96.55141	187.20594	0.971	0
3.65	0.77942286	1	1	1	311.25531	82.645151	6.4452022	0.971	0
3.75	0.77942286	1	1	1	131.15634	97.119211	353.39407	0.971	0
3.85	0.77942286	1	1	1	221.9839	96.55141	187.20594	0.971	0
3.95	0.77942286	1	1	1	42.840054	84.856195	81.115927	0.971	0
4.05	0.77942286	1	1	1	42.852086	84.881978	81.14171	0.971	0
4.15	0.77942286	1	1	1	312.15944	81.293544	5.0466123	0.971	0
4.25	0.77942286	1	1	1	42.840054	84.856195	81.115927	0.971	0
4.35	0.77942286	1	1	1	42.852086	84.881978	81.14171	0.971	0
4.45	0.77942286	1	1	1	312.15944	81.293544	5.0466123	0.971	0
4.55	0.77942286	1	1	1	42.868702	85.080222	81.672269	0.971	0
4.65	0.77942286	1	1	1	42.625768	82.017189	81.566272	0.971	0
4.75	0.77942286	1	1	1	222.63708	98.427847	188.00693	0.971	0
4.85	0.77942286	1	1	1	222.6153	98.286326	188.57416	0.971	0
4.95	0.77942286	1	1	1	311.44038	81.496944	8.2855427	0.971	0
5.05	0.77942286	1	1	1	222.72531	98.110428	188.56729	0.971	0
5.15	0.77942286	1	1	1	312.10558	82.521392	7.4851206	0.971	0
5.25	0.77942286	1	1	1	312.10443	82.519101	7.4845477	0.971	0
5.35	0.77942286	1	1	1	223.03815	97.504812	187.70155	0.971	0
5.45	0.77942286	1	1	1	312.10558	82.521392	7.4851206	0.971	0
5.55	0.77942286	1	1	1	312.10443	82.519101	7.4845477	0.971	0
5.65	0.77942286	1	1	1	222.59697	95.195219	100.86578	0.971	0
5.75	0.77942286	1	1	1	337.8417	167.96544	205.72852	0.971	0
5.85	0.77942286	1	1	1	311.58705	79.162714	5.2849627	0.971	0
5.95	0.77942286	1	1	1	222.59697	95.195219	100.86578	0.971	0
6.05	0.77942286	1	1	1	101.10585	29.456333	9.6027726	0.371	0
6.15	0.77942286	1	1	1	63.888232	158.63482	92.461637	0.429	0
6.25	0.77942286	1	1	1	243.80156	21.375336	177.62666	0.429	0
6.35	0.77942286	1	1	1	131.26062	101.18836	354.65744	0.971	0
6.45	0.77942286	1	1	1	41.909571	84.604667	78.406409	0.971	0
6.55	0.77942286	1	1	1	41.941657	84.602375	78.424171	0.971	0
6.65	0.77942286	1	1	1	130.23732	102.24604	353.49834	0.971	0
6.75	0.77942286	1	1	1	41.767477	84.194429	78.093002	0.971	0
6.85	0.77942286	1	1	1	128.84331	103.98898	350.84555	0.971	0
6.95	0.77942286	1	1	1	162.5212	16.669634	147.44897	0.971	0
7.05	0.77942286	1	1	1	221.07347	98.881056	194.16279	0.971	0
7.15	0.77942286	1	1	1	128.84102	103.98611	350.84154	0.971	0
7.25	0.77942286	1	1	1	162.56818	16.665623	147.39683	0.971	0
7.35	0.77942286	1	1	1	221.12962	99.22082	193.55145	0.971	0
7.45	0.77942286	1	1	1	164.80902	16.318984	145.23048	0.971	0
7.55	0.77942286	1	1	1	164.97002	16.272574	145.08208	0.971	0
7.65	0.77942286	1	1	1	221.12962	99.22082	193.55145	0.971	0
7.75	0.77942286	1	1	1	164.80902	16.318984	145.23048	0.971	0
7.85	0.77942286	1	1	1	164.97002	16.272574	145.08208	0.971	0
7.95	0.77942286	1	1	1	221.16858	99.258063	193.27528	0.971	0
8.05	0.77942286	1	1	1	170.50938	14.211072	319.3936	0.971	0
8.15	0.77942286	1	1	1	129.02723	100.67098	350.63871	0.971	0
8.25	0.77942286	1	1	1	129.0427	100.65665	350.65189	0.971	0
8.35	0.77942286	1	1	1	170.66178	14.1893	319.22687	0.971	0
8.45	0.77942286	1	1	1	220.78528	99.168108	10.795671	0.971	0
8.55	0.77942286	1	1	1	170.66407	14.158933	319.23719	0.971	0
8.65	0.77942286	1	1	1	220.77725	99.168681	10.817443	0.971	0
8.75	0.77942286	1	1	1	340.12723	165.74638	209.78792	0.971	0
8.85	0.77942286	1	1	1	221.08952	97.08598	192.41126	0.971	0
8.95	0.77942286	1	1	1	309.63212	77.61229	7.032484	0.971	0
9.05	0.77942286	1	1	1	339.40358	165.7332	209.01959	0.971	0
9.15	0.77942286	1	1	1	309.61436	77.550983	7.0296192	0.971	0
9.25	0.77942286	1	1	1	41.13837	83.14076	77.463894	0.971	0
9.35	0.77942286	1	1	1	339.36691	165.73033	208.98693	0.971	0
9.45	0.77942286	1	1	1	339.36348	165.73893	208.98063	0.971	0
9.55	0.77942286	1	1	1	339.36749	165.73091	208.98693	0.971	0
9.65	0.77942286	1	1	1	41.154985	83.215244	77.711985	0.971	0
9.75	0.77942286	1	1	1	129.9325	101.15742	353.37229	0.971	0
9.85	0.77942286	1	1	1	199.00027	86.182593	118.46475	0.429	0
9.95	0.77942286	1	1	1	309.92147	78.858473	6.6377161	0.971	0
0	0.8660254	1	1	1	341.75385	172.07584	210.26921	0.971	0
0.1	0.8660254	1	1	1	341.79453	172.08272	210.31275	0.971	0
0.2	0.8660254	1	1	1	341.79052	172.08214	210.30817	0.971	0
0.3	0.8660254	1	1	1	131.11394	96.165809	355.94373	0.971	0
0.4	0.8660254	1	1	1	131.1317	96.247169	355.95118	0.971	0
0.5	0.8660254	1	1	1	344.19294	172.56056	212.84122	0.971	0
0.6	0.8660254	1	1	1	131.11795	96.14461	355.9294	0.971	0
0.7	0.8660254	1	1	1	194.00981	7.6260683	27.633182	0.971	0
0.8	0.8660254	1	1	1	14.170965	172.45113	332.50402	0.971	0
0.9	0.8660254	1	1	1	41.827638	83.184305	356.34365	0.971	0
1	0.8660254	1	1	1	41.820762	83.157948	86.330416	0.971	0
1.1	0.8660254	1	1	1	13.708015	172.33998	332.08118	0.971	0
1.2	0.8660254	1	1	1	160.7668	6.9092981	331.42572	0.971	0
1.3	0.8660254	1	1	1	132.03469	96.020278	356.82666	0.971	0
1.4	0.8660254	1	1	1	42.390282	86.988171	83.843206	0.971	0
1.5	0.8660254	1	1	1	156.10121	6.869191	336.17783	0.971	0
1.6	0.8660254	1	1	1	132.17964	96.384106	357.39904	0.971	0
1.7	0.8660254	1	1	1	152.50704	6.8989848	339.87914	0.971	0
1.8	0.8660254	1	1	1	132.28335	96.447132	357.70042	0.971	0
1.9	0.8660254	1	1	1	153.33898	8.2397061	338.88677	0.971	0
2	0.8660254	1	1	1	132.02781	97.686439	357.01172	0.971	0
2.1	0.8660254	1	1	1	153.46044	8.3743511	338.76703	0.971	0
2.2	0.8660254	1	1	1	132.02265	97.748319	356.97792	0.971	0
2.3	0.8660254	1	1	1	42.615455	88.619955	84.402413	0.971	0
2.4	0.8660254	1	1	1	42.616028	88.619955	84.402413	0.971	0
2.5	0.8660254	1	1	1	132.47873	95.595143	268.61178	0.971	0
2.6	0.8660254	1	1	1	42.615455	88.619955	84.402413	0.971	0
2.7	0.8660254	1	1	1	42.540397	88.112887	84.398402	0.971	0
2.8	0.8660254	1	1	1	42.543835	88.06304	264.37705	0.971	0
2.9	0.8660254	1	1	1	42.524355	87.959335	264.39539	0.971	0
3	0.8660254	1	1	1	42.271107	86.491417	264.72197	0.971	0
3.1	0.8660254	1	1	1	42.37825	86.791647	264.35356	0.971	0
3.2	0.8660254	1	1	1	42.372521	86.876445	264.43205	0.971	0
3.3	0.8660254	1	1	1	174.84781	5.945583	316.9614	0.971	0
3.4	0.8660254	1	1	1	41.942229	83.245038	82.520819	0.971	0
3.5	0.8660254	1	1	1	221.98505	96.54568	187.20422	0.971	0
3.6	0.8660254	1	1	1	311.16421	82.543738	6.5615127	0.971	0
3.7	0.8660254	1	1	1	41.942229	83.245038	82.520819	0.971	0
3.8	0.8660254	1	1	1	221.98505	96.54568	187.20422	0.971	0
3.9	0.8660254	1	1	1	311.16421	82.543738	6.5615127	0.971	0
4	0.8660254	1	1	1	42.923706	85.006883	81.258593	0.971	0
4.1	0.8660254	1	1	1	312.15829	81.293544	5.049477	0.971	0
4.2	0.8660254	1	1	1	42.925425	85.011467	81.261458	0.971	0
4.3	0.8660254	1	1	1	42.923706	85.006883	81.258593	0.971	0
4.4	0.8660254	1	1	1	312.15829	81.293544	5.049477	0.971	0
4.5	0.8660254	1	1	1	42.925425	85.011467	81.261458	0.971	0
4.6	0.8660254	1	1	1	42.870994	84.653368	81.333078	0.971	0
4.7	0.8660254	1	1	1	312.2322	84.806921	4.0576871	0.971	0
4.8	0.8660254	1	1	1	222.59869	98.349924	188.44811	0.971	0
4.9	0.8660254	1	1	1	222.68005	98.184913	188.48421	0.971	0
5	0.8660254	1	1	1	311.50569	81.533613	8.2030368	0.971	0
5.1	0.8660254	1	1	1	222.76313	98.055424	188.32836	0.971	0
5.2	0.8660254	1	1	1	312.04026	82.37185	7.548146	0.971	0
5.3	0.8660254	1	1	1	222.9247	97.723682	188.04303	0.971	0
5.4	0.8660254	1	1	1	311.97437	82.238924	7.6186198	0.971	0
5.5	0.8660254	1	1	1	312.04026	82.37185	7.548146	0.971	0
5.6	0.8660254	1	1	1	223.08627	97.239532	187.85739	0.971	0
5.7	0.8660254	1	1	1	337.85201	167.96544	205.73024	0.971	0
5.8	0.8660254	1	1	1	337.91905	167.97805	205.77951	0.971	0
5.9	0.8660254	1	1	1	337.7993	167.95284	205.65575	0.971	0
6	0.8660254	1	1	1	63.887659	158.63482	92.461064	0.257	0
6.1	0.8660254	1	1	1	337.84628	167.9643	205.72623	0.971	0
6.2	0.8660254	1	1	1	222.52879	95.195219	100.946	0.971	0
6.3	0.8660254	1	1	1	131.48808	100.9374	354.70557	0.971	0
6.4	0.8660254	1	1	1	310.78491	78.436776	5.53821	0.971	0
6.5	0.8660254	1	1	1	222.21595	95.293195	101.26743	0.971	0
6.6	0.8660254	1	1	1	336.80522	167.38389	205.28218	0.971	0
6.7	0.8660254	1	1	1	310.78491	78.436776	5.53821	0.971	0
6.8	0.8660254	1	1	1	128.84904	103.9758	350.84899	0.971	0
6.9	0.8660254	1	1	1	162.52693	16.666196	147.44381	0.971	0
7	0.8660254	1	1	1	221.07118	98.891942	194.14961	0.971	0
7.1	0.8660254	1	1	1	221.07233	98.918299	194.1118	0.971	0
7.2	0.8660254	1	1	1	221.0729	98.928039	194.09747	0.971	0
7.3	0.8660254	1	1	1	130.51291	97.177653	352.04876	0.971	0
7.4	0.8660254	1	1	1	130.48541	97.356416	352.11179	0.971	0
7.5	0.8660254	1	1	1	130.4814	97.382199	352.13012	0.971	0
7.6	0.8660254	1	1	1	130.59828	96.647094	351.80812	0.971	0
7.7	0.8660254	1	1	1	130.59771	96.647667	351.80525	0.971	0
7.8	0.8660254	1	1	1	130.56333	96.864818	351.89922	0.971	0
7.9	0.8660254	1	1	1	130.59828	96.647094	351.80812	0.971	0
8	0.8660254	1	1	1	130.59771	96.647667	351.80525	0.971	0
8.1	0.8660254	1	1	1	130.60516	96.59209	351.83505	0.971	0
8.2	0.8660254	1	1	1	129.03984	100.66353	350.6496	0.971	0
8.3	0.8660254	1	1	1	170.69559	14.146901	319.22057	0.971	0
8.4	0.8660254	1	1	1	102.89634	25.871909	7.6816452	0.4	0
8.5	0.8660254	1	1	1	170.69559	14.146901	319.22057	0.971	0
8.6	0.8660254	1	1	1	170.58443	14.153203	319.33001	0.971	0
8.7	0.8660254	1	1	1	161.22803	13.596288	329.28114	0.971	0
8.8	0.8660254	1	1	1	221.19379	96.802365	192.29323	0.971	0
8.9	0.8660254	1	1	1	159.74579	13.987619	330.72614	0.971	0
9	0.8660254	1	1	1	339.42478	165.72518	209.0448	0.971	0
9.1	0.8660254	1	1	1	309.61035	77.544681	7.0364947	0.971	0
9.2	0.8660254	1	1	1	41.140089	83.140187	77.469051	0.971	0
9.3	0.8660254	1	1	1	339.40988	165.72575	209.02933	0.971	0
9.4	0.8660254	1	1	1	309.6029	77.533222	7.0405054	0.971	0
9.5	0.8660254	1	1	1	41.133213	83.133311	77.44957	0.971	0
9.6	0.8660254	1	1	1	339.36405	165.74122	208.9812	0.971	0
9.7	0.8660254	1	1	1	339.37837	165.7544	208.99323	0.971	0
9.8	0.8660254	1	1	1	129.93193	101.13163	353.37287	0.971	0
9.9	0.8660254	1	1	1	309.92605	78.856181	6.6319865	0.971	0
0.05	0.95262794	1	1	1	341.75385	172.07584	210.26921	0.971	0
0.15	0.95262794	1	1	1	341.77964	172.07985	210.29728	0.971	0
0.25	0.95262794	1	1	1	131.12655	96.22597	355.94831	0.971	0
0.35	0.95262794	1	1	1	131.12712	96.224824	355.94774	0.971	0
0.45	0.95262794	1	1	1	343.58617	172.44655	212.20351	0.971	0
0.55	0.95262794	1	1	1	131.12655	96.22597	355.94831	0.971	0
0.65	0.95262794	1	1	1	131.12712	96.224824	355.94774	0.971	0
0.75	0.95262794	1	1	1	13.616342	172.28669	332.00039	0.971	0
0.85	0.95262794	1	1	1	41.831649	83.210661	356.39407	0.971	0
0.95	0.95262794	1	1	1	41.805866	83.114404	86.23244	0.971	0
1.05	0.95262794	1	1	1	13.403775	172.23971	331.80272	0.971	0
1.15	0.95262794	1	1	1	41.843108	83.274259	356.49835	0.971	0
1.25	0.95262794	1	1	1	132.02151	95.985328	356.8066	0.971	0
1.35	0.95262794	1	1	1	42.406898	87.067812	83.759554	0.971	0
1.45	0.95262794	1	1	1	157.03799	6.8921093	335.21068	0.971	0
1.55	0.95262794	1	1	1	132.25012	96.429943	357.60645	0.971	0
1.65	0.95262794	1	1	1	152.3701	6.896693	340.02295	0.971	0
1.75	0.95262794	1	1	1	132.28335	96.429943	357.69984	0.971	0
1.85	0.95262794	1	1	1	42.543835	87.709525	263.56975	0.971	0
1.95	0.95262794	1	1	1	151.95127	6.8296569	340.46069	0.971	0
2.05	0.95262794	1	1	1	132.31486	96.383533	357.81042	0.971	0
2.15	0.95262794	1	1	1	42.618893	88.627404	264.40169	0.971	0
2.25	0.95262794	1	1	1	42.621184	88.63829	84.40184	0.971	0
2.35	0.95262794	1	1	1	42.61259	88.616517	264.40455	0.971	0
2.45	0.95262794	1	1	1	132.4793	95.59457	268.6135	0.971	0
2.55	0.95262794	1	1	1	42.61259	88.625112	84.406996	0.971	0
2.65	0.95262794	1	1	1	42.61259	88.616517	264.40455	0.971	0
2.75	0.95262794	1	1	1	42.603996	88.610215	264.41086	0.971	0
2.85	0.95262794	1	1	1	42.60285	88.609069	84.41158	0.971	0
2.95	0.95262794	1	1	1	131.8903	95.076617	356.35568	0.971	0
3.05	0.95262794	1	1	1	131.67831	94.369587	355.97811	0.971	0
3.15	0.95262794	1	1	1	131.65195	94.338647	355.93456	0.971	0
3.25	0.95262794	1	1	1	174.67993	5.9232377	317.11724	0.971	0
3.35	0.95262794	1	1	1	221.93979	94.075086	184.32625	0.971	0
3.45	0.95262794	1	1	1	221.92947	94.101442	184.31594	0.971	0
3.55	0.95262794	1	1	1	131.17009	97.125514	353.42902	0.971	0
3.65	0.95262794	1	1	1	131.14488	97.131816	353.3786	0.971	0
3.75	0.95262794	1	1	1	131.15749	97.117492	353.39636	0.971	0
3.85	0.95262794	1	1	1	131.15863	97.149578	353.40381	0.971	0
3.95	0.95262794	1	1	1	131.14488	97.131816	353.3786	0.971	0
4.05	0.95262794	1	1	1	312.1772	81.311878	5.0277047	0.971	0
4.15	0.95262794	1	1	1	312.1623	81.296409	5.0448934	0.971	0
4.25	0.95262794	1	1	1	342.37895	169.97939	209.81657	0.971	0
4.35	0.95262794	1	1	1	312.1772	81.311878	5.0277047	0.971	0
4.45	0.95262794	1	1	1	312.16631	81.300992	5.0403097	0.971	0
4.55	0.95262794	1	1	1	342.37895	169.97939	209.81657	0.971	0
4.65	0.95262794	1	1	1	312.04084	85.02751	4.3516145	0.971	0
4.75	0.95262794	1	1	1	132.54405	95.562485	356.5419	0.971	0
4.85	0.95262794	1	1	1	222.7425	93.671724	185.3931	0.971	0
4.95	0.95262794	1	1	1	344.71891	173.4962	212.04423	0.971	0
5.05	0.95262794	1	1	1	343.45153	173.51683	210.7207	0.971	0
5.15	0.95262794	1	1	1	312.10443	82.516236	7.4851206	0.971	0
5.25	0.95262794	1	1	1	312.10501	82.519101	7.4856936	0.971	0
5.35	0.95262794	1	1	1	132.16246	97.37475	352.58849	0.971	0
5.45	0.95262794	1	1	1	312.10443	82.516236	7.4851206	0.971	0
5.55	0.95262794	1	1	1	312.10501	82.519101	7.4856936	0.971	0
5.65	0.95262794	1	1	1	132.16246	97.37475	352.58849	0.971	0
5.75	0.95262794	1	1	1	337.81821	167.95914	205.68841	0.971	0
5.85	0.95262794	1	1	1	337.82909	167.95169	205.61335	0.971	0
5.95	0.95262794	1	1	1	222.64452	95.182041	100.92136	0.971	0
6.05	0.95262794	1	1	1	337.81821	167.95914	205.68841	0.971	0
6.15	0.95262794	1	1	1	332.47022	172.51186	19.85929	0.971	0
6.25	0.95262794	1	1	1	312.44878	82.959132	2.5576836	0.971	0
6.35	0.95262794	1	1	1	222.76599	92.535549	187.04494	0.971	0
6.45	0.95262794	1	1	1	200.54841	84.301572	117.1332	0.114	0
6.55	0.95262794	1	1	1	312.44878	82.959132	2.5576836	0.971	0
6.65	0.95262794	1	1	1	222.71901	92.578521	187.06499	0.971	0
6.75	0.95262794	1	1	1	312.22877	83.092058	2.7375923	0.971	0
6.85	0.95262794	1	1	1	337.59361	167.45322	206.95064	0.971	0
6.95	0.95262794	1	1	1	221.07577	98.877046	194.15076	0.971	0
7.05	0.95262794	1	1	1	221.07233	98.887932	194.15248	0.971	0
7.15	0.95262794	1	1	1	221.07118	98.898818	194.14045	0.971	0
7.25	0.95262794	1	1	1	130.48082	97.356989	352.19028	0.971	0
7.35	0.95262794	1	1	1	130.48082	97.386782	352.15705	0.971	0
7.45	0.95262794	1	1	1	130.46249	97.479602	352.22179	0.971	0
7.55	0.95262794	1	1	1	130.59656	96.656834	351.79379	0.971	0
7.65	0.95262794	1	1	1	130.60745	96.57662	351.78635	0.971	0
7.75	0.95262794	1	1	1	332.62664	94.394797	295.68633	0.171	0
7.85	0.95262794	1	1	1	130.59026	96.705536	351.80755	0.971	0
7.95	0.95262794	1	1	1	130.60344	96.595528	351.81557	0.971	0
8.05	0.95262794	1	1	1	130.60458	96.578912	351.82588	0.971	0
8.15	0.95262794	1	1	1	130.96154	95.634104	352.49624	0.971	0
8.25	0.95262794	1	1	1	130.98216	95.644418	352.53291	0.971	0
8.35	0.95262794	1	1	1	130.98675	95.644991	352.5438	0.971	0
8.45	0.95262794	1	1	1	310.98717	84.354857	7.4547539	0.971	0
8.55	0.95262794	1	1	1	130.98675	95.644991	352.5438	0.971	0
8.65	0.95262794	1	1	1	160.65507	13.668481	329.86899	0.971	0
8.75	0.95262794	1	1	1	161.10771	13.540712	329.43068	0.971	0
8.85	0.95262794	1	1	1	159.72803	13.979024	330.74848	0.971	0
8.95	0.95262794	1	1	1	129.689	102.2764	353.02852	0.971	0
9.05	0.95262794	1	1	1	159.72803	13.979024	330.74848	0.971	0
9.15	0.95262794	1	1	1	41.13837	83.146489	77.465613	0.971	0
9.25	0.95262794	1	1	1	339.36978	165.74695	208.98464	0.971	0
9.35	0.95262794	1	1	1	339.36577	165.73205	208.98464	0.971	0
9.45	0.95262794	1	1	1	339.36978	165.74695	208.98464	0.971	0
9.55	0.95262794	1	1	1	339.35946	165.7481	208.97432	0.971	0
9.65	0.95262794	1	1	1	339.37035	165.7332	208.98979	0.971	0
9.75	0.95262794	1	1	1	41.220303	83.499431	78.77253	0.971	0
9.85	0.95262794	1	1	1	340.91848	167.04298	210.34083	0.971	0
9.95	0.95262794	1	1	1	129.93193	101.15742	353.37057	0.971	0
0	1.0392305	1	1	1	133.0047	92.746397	270.52947	0.971	0
0.1	1.0392305	1	1	1	133.0047	92.745824	270.5289	0.971	0
0.2	1.0392305	1	1	1	133.0047	92.746397	270.5289	0.971	0
0.3	1.0392305	1	1	1	133.0047	92.746397	270.52947	0.971	0
0.4	1.0392305	1	1	1	132.7526	92.313241	270.46014	0.971	0
0.5	1.0392305	1	1	1	312.75073	87.684888	359.53961	0.971	0
0.6	1.0392305	1	1	1	301.61644	177.63754	348.87515	0.971	0
0.7	1.0392305	1	1	1	132.7526	92.313241	270.46014	0.971	0
0.8	1.0392305	1	1	1	42.680772	90.230539	357.82074	0.971	0
0.9	1.0392305	1	1	1	308.23812	177.88964	355.54724	0.971	0
1	1.0392305	1	1	1	13.568214	172.30617	331.94482	0.971	0
1.1	1.0392305	1	1	1	13.157403	172.19845	331.56896	0.971	0
1.2	1.0392305	1	1	1	308.23812	177.88964	355.54724	0.971	0
1.3	1.0392305	1	1	1	42.448724	87.303871	83.635795	0.971	0
1.4	1.0392305	1	1	1	42.4344	87.253451	83.617461	0.971	0
1.5	1.0392305	1	1	1	42.416639	87.169799	83.673038	0.971	0
1.6	1.0392305	1	1	1	152.00398	6.8371054	340.41199	0.971	0
1.7	1.0392305	1	1	1	132.32403	96.352021	267.83141	0.971	0
1.8	1.0392305	1	1	1	42.503728	87.536492	83.619752	0.971	0
1.9	1.0392305	1	1	1	152.00398	6.8371054	340.41199	0.971	0
2	1.0392305	1	1	1	132.47071	95.895373	358.42406	0.971	0
2.1	1.0392305	1	1	1	132.4518	95.89079	358.39255	0.971	0
2.2	1.0392305	1	1	1	42.617747	88.624539	264.40226	0.971	0
2.3	1.0392305	1	1	1	42.613736	88.618809	264.40455	0.971	0
2.4	1.0392305	1	1	1	42.598839	88.549481	264.3994	0.971	0
2.5	1.0392305	1	1	1	42.617747	88.624539	264.40226	0.971	0
2.6	1.0392305	1	1	1	42.613736	88.618809	264.40455	0.971	0
2.7	1.0392305	1	1	1	42.571337	88.555784	264.42403	0.971	0
2.8	1.0392305	1	1	1	42.603423	88.607923	84.411007	0.971	0
2.9	1.0392305	1	1	1	42.599985	88.599329	264.41028	0.971	0
3	1.0392305	1	1	1	42.571337	88.555784	264.42403	0.971	0
3.1	1.0392305	1	1	1	131.64278	94.321458	355.92998	0.971	0
3.2	1.0392305	1	1	1	131.62617	94.307134	355.89617	0.971	0
3.3	1.0392305	1	1	1	355.18456	174.05999	43.406137	0.971	0
3.4	1.0392305	1	1	1	221.92718	94.096859	184.31823	0.971	0
3.5	1.0392305	1	1	1	131.62617	94.307134	355.89617	0.971	0
3.6	1.0392305	1	1	1	131.15634	97.119211	353.39407	0.971	0
3.7	1.0392305	1	1	1	221.9839	96.55141	187.20594	0.971	0
3.8	1.0392305	1	1	1	311.25531	82.645151	6.4452022	0.971	0
3.9	1.0392305	1	1	1	131.15634	97.119211	353.39407	0.971	0
4	1.0392305	1	1	1	351.25521	173.37817	219.07729	0.971	0
4.1	1.0392305	1	1	1	222.38211	94.307134	95.00557	0.971	0
4.2	1.0392305	1	1	1	222.39758	94.346668	94.983224	0.971	0
4.3	1.0392305	1	1	1	222.39987	94.351825	184.97656	0.971	0
4.4	1.0392305	1	1	1	222.40274	94.33922	184.98401	0.971	0
4.5	1.0392305	1	1	1	222.37008	94.3587	184.9714	0.971	0
4.6	1.0392305	1	1	1	312.01104	85.041261	4.3676573	0.971	0
4.7	1.0392305	1	1	1	222.40274	94.33922	184.98401	0.971	0
4.8	1.0392305	1	1	1	42.896204	86.677055	84.415018	0.971	0
4.9	1.0392305	1	1	1	222.8909	93.307323	185.5816	0.971	0
5	1.0392305	1	1	1	42.838908	86.618614	84.460282	0.971	0
5.1	1.0392305	1	1	1	312.56968	84.433353	3.2962262	0.971	0
5.2	1.0392305	1	1	1	343.2636	173.53287	210.53678	0.971	0
5.3	1.0392305	1	1	1	312.10558	82.521392	7.4851206	0.971	0
5.4	1.0392305	1	1	1	312.10443	82.519101	7.4845477	0.971	0
5.5	1.0392305	1	1	1	42.924852	85.749437	264.62457	0.971	0
5.6	1.0392305	1	1	1	312.51009	84.627585	4.2312933	0.971	0
5.7	1.0392305	1	1	1	42.925998	85.745426	84.623575	0.971	0
5.8	1.0392305	1	1	1	42.924852	85.749437	264.62457	0.971	0
5.9	1.0392305	1	1	1	312.51009	84.627585	4.2312933	0.971	0
6	1.0392305	1	1	1	42.925998	85.745426	84.623575	0.971	0
6.1	1.0392305	1	1	1	132.45466	97.038997	357.4443	0.971	0
6.2	1.0392305	1	1	1	312.4568	82.963716	2.5536729	0.971	0
6.3	1.0392305	1	1	1	222.75109	92.5493	187.05754	0.971	0
6.4	1.0392305	1	1	1	132.45466	97.038997	357.4443	0.971	0
6.5	1.0392305	1	1	1	312.43331	82.948819	2.5697157	0.971	0
6.6	1.0392305	1	1	1	222.75109	92.5493	187.05754	0.971	0
6.7	1.0392305	1	1	1	132.39565	97.060769	357.39331	0.971	0
6.8	1.0392305	1	1	1	311.89187	83.263373	3.0664701	0.971	0
6.9	1.0392305	1	1	1	336.37321	173.39078	24.1771	0.971	0
7	1.0392305	1	1	1	221.21442	95.540712	101.3654	0.971	0
7.1	1.0392305	1	1	1	150.34183	51.240762	107.4972	0.171	0
7.2	1.0392305	1	1	1	130.44759	97.577577	352.37363	0.971	0
7.3	1.0392305	1	1	1	130.47108	97.425743	352.23841	0.971	0
7.4	1.0392305	1	1	1	41.495895	82.259551	83.325825	0.971	0
7.5	1.0392305	1	1	1	41.494749	82.241216	83.415207	0.971	0
7.6	1.0392305	1	1	1	2.9369817	170.04299	231.85539	0.971	0
7.7	1.0392305	1	1	1	130.61146	96.5262	351.86026	0.971	0
7.8	1.0392305	1	1	1	130.60688	96.545107	351.86026	0.971	0
7.9	1.0392305	1	1	1	310.71902	84.109058	7.8162902	0.971	0
8	1.0392305	1	1	1	130.62922	96.37895	351.89177	0.971	0
8.1	1.0392305	1	1	1	130.94148	95.607175	352.46817	0.971	0
8.2	1.0392305	1	1	1	130.95237	95.486854	352.51515	0.971	0
8.3	1.0392305	1	1	1	130.96497	95.631813	352.49968	0.971	0
8.4	1.0392305	1	1	1	310.95737	84.529036	7.4702237	0.971	0
8.5	1.0392305	1	1	1	310.99003	84.344544	7.4518891	0.971	0
8.6	1.0392305	1	1	1	130.98503	95.620353	352.54552	0.971	0
8.7	1.0392305	1	1	1	310.99003	84.358295	7.4490243	0.971	0
8.8	1.0392305	1	1	1	131.50241	96.988004	354.28387	0.971	0
8.9	1.0392305	1	1	1	170.93394	9.0177827	140.9184	0.971	0
9	1.0392305	1	1	1	170.90701	9.014345	320.94632	0.971	0
9.1	1.0392305	1	1	1	170.93394	9.0177827	140.9184	0.971	0
9.2	1.0392305	1	1	1	170.90701	9.014345	320.94632	0.971	0
9.3	1.0392305	1	1	1	42.275118	85.636564	261.80447	0.971	0
9.4	1.0392305	1	1	1	42.275691	85.638856	261.80562	0.971	0
9.5	1.0392305	1	1	1	42.275118	85.636564	261.80447	0.971	0
9.6	1.0392305	1	1	1	42.275691	85.638856	261.80562	0.971	0
9.7	1.0392305	1	1	1	42.275691	85.638856	261.80562	0.971	0
9.8	1.0392305	1	1	1	42.279702	85.644012	261.89041	0.971	0
9.9	1.0392305	1	1	1	129.93537	101.15283	353.3763	0.971	0
0.05	1.125833	1	1	1	132.99611	92.685091	270.48707	0.971	0
0.15	1.125833	1	1	1	133.00528	92.74697	270.52947	0.971	0
0.25	1.125833	1	1	1	133.00069	92.741241	270.53004	0.971	0
0.35	1.125833	1	1	1	132.75088	92.314387	270.45957	0.971	0
0.45	1.125833	1	1	1	132.74745	92.310376	270.4653	0.971	0
0.55	1.125833	1	1	1	301.3907	177.64614	348.64023	0.971	0
0.65	1.125833	1	1	1	301.67889	177.63869	348.94161	0.971	0
0.75	1.125833	1	1	1	132.75031	92.314387	270.459	0.971	0
0.85	1.125833	1	1	1	42.673324	90.189287	357.84767	0.971	0
0.95	1.125833	1	1	1	306.92833	177.82433	354.23116	0.971	0
1.05	1.125833	1	1	1	132.69244	92.163699	270.21492	0.971	0
1.15	1.125833	1	1	1	222.9585	91.096852	90.680884	0.971	0
1.25	1.125833	1	1	1	222.9883	91.057318	90.698646	0.971	0
1.35	1.125833	1	1	1	132.97663	90.699219	268.94467	0.971	0
1.45	1.125833	1	1	1	222.98944	91.056745	90.701511	0.971	0
1.55	1.125833	1	1	1	9.1243529	178.73361	236.13825	0.971	0
1.65	1.125833	1	1	1	132.98179	90.714116	268.94983	0.971	0
1.75	1.125833	1	1	1	222.98944	91.056745	90.701511	0.971	0
1.85	1.125833	1	1	1	9.1243529	178.73361	236.13825	0.971	0
1.95	1.125833	1	1	1	132.98179	90.714116	268.94983	0.971	0
2.05	1.125833	1	1	1	132.43289	95.908551	358.39198	0.971	0
2.15	1.125833	1	1	1	42.620612	88.627977	84.399548	0.971	0
2.25	1.125833	1	1	1	42.616028	88.619955	84.402413	0.971	0
2.35	1.125833	1	1	1	132.47873	95.595143	268.61178	0.971	0
2.45	1.125833	1	1	1	42.615455	88.619955	84.402413	0.971	0
2.55	1.125833	1	1	1	42.616028	88.619955	84.402413	0.971	0
2.65	1.125833	1	1	1	132.47873	95.595143	268.61178	0.971	0
2.75	1.125833	1	1	1	42.606288	88.611361	84.408715	0.971	0
2.85	1.125833	1	1	1	42.595974	88.554638	84.41158	0.971	0
2.95	1.125833	1	1	1	132.44664	95.581392	268.57282	0.971	0
3.05	1.125833	1	1	1	354.32111	174.10239	42.532376	0.971	0
3.15	1.125833	1	1	1	175.19044	5.9427183	316.59069	0.971	0
3.25	1.125833	1	1	1	221.92775	94.100296	184.31708	0.971	0
3.35	1.125833	1	1	1	221.92603	94.10488	184.31594	0.971	0
3.45	1.125833	1	1	1	221.92546	94.101442	184.31766	0.971	0
3.55	1.125833	1	1	1	221.92775	94.100296	184.31708	0.971	0
3.65	1.125833	1	1	1	221.92374	94.101442	184.31651	0.971	0
3.75	1.125833	1	1	1	221.92603	94.106026	184.31766	0.971	0
3.85	1.125833	1	1	1	222.39185	93.691205	185.7661	0.971	0
3.95	1.125833	1	1	1	312.00359	84.148592	3.6205203	0.971	0
4.05	1.125833	1	1	1	311.96521	84.898021	4.2152505	0.971	0
4.15	1.125833	1	1	1	311.96979	85.026937	4.3481767	0.971	0
4.25	1.125833	1	1	1	173.58157	6.6096411	318.60407	0.971	0
4.35	1.125833	1	1	1	132.00317	94.956295	355.62745	0.971	0
4.45	1.125833	1	1	1	222.35174	94.367868	184.96968	0.971	0
4.55	1.125833	1	1	1	311.98698	85.04298	4.3768246	0.971	0
4.65	1.125833	1	1	1	132.00317	94.956295	355.62745	0.971	0
4.75	1.125833	1	1	1	222.38096	94.347814	184.97713	0.971	0
4.85	1.125833	1	1	1	343.30199	173.52714	210.56715	0.971	0
4.95	1.125833	1	1	1	343.27334	173.53115	210.54308	0.971	0
5.05	1.125833	1	1	1	312.56452	84.431061	3.2973721	0.971	0
5.15	1.125833	1	1	1	343.25042	173.53517	210.5236	0.971	0
5.25	1.125833	1	1	1	132.56525	95.56535	356.70519	0.971	0
5.35	1.125833	1	1	1	312.56051	84.428196	3.299091	0.971	0
5.45	1.125833	1	1	1	343.27506	173.52829	210.54824	0.971	0
5.55	1.125833	1	1	1	42.906517	85.788971	84.614407	0.971	0
5.65	1.125833	1	1	1	42.925998	85.744853	84.62071	0.971	0
5.75	1.125833	1	1	1	351.15953	173.14498	218.43328	0.971	0
5.85	1.125833	1	1	1	42.924852	85.74428	264.62686	0.971	0
5.95	1.125833	1	1	1	42.925998	85.744853	84.62071	0.971	0
6.05	1.125833	1	1	1	351.15953	173.14498	218.43328	0.971	0
6.15	1.125833	1	1	1	312.45566	82.963143	2.5536729	0.971	0
6.25	1.125833	1	1	1	222.76886	92.534403	187.04322	0.971	0
6.35	1.125833	1	1	1	132.45581	97.036132	357.4466	0.971	0
6.45	1.125833	1	1	1	312.45566	82.963143	2.5536729	0.971	0
6.55	1.125833	1	1	1	222.76542	92.537268	187.04723	0.971	0
6.65	1.125833	1	1	1	132.43175	97.051029	357.42482	0.971	0
6.75	1.125833	1	1	1	312.06204	83.993321	2.7141011	0.971	0
6.85	1.125833	1	1	1	312.06032	83.98931	2.7106633	0.971	0
6.95	1.125833	1	1	1	221.18635	95.655304	101.13794	0.971	0
7.05	1.125833	1	1	1	259.05886	50.558942	113.16146	0.171	0
7.15	1.125833	1	1	1	130.42639	97.711649	352.48535	0.971	0
7.25	1.125833	1	1	1	130.59083	96.633343	352.21549	0.971	0
7.35	1.125833	1	1	1	41.494749	82.254394	83.377964	0.971	0
7.45	1.125833	1	1	1	41.517095	82.089955	83.453022	0.971	0
7.55	1.125833	1	1	1	130.59083	96.633343	352.21549	0.971	0
7.65	1.125833	1	1	1	41.493604	82.276739	83.31895	0.971	0
7.75	1.125833	1	1	1	130.6149	96.48552	351.89005	0.971	0
7.85	1.125833	1	1	1	4.3596359	170.44692	233.15773	0.971	0
7.95	1.125833	1	1	1	221.64013	97.511114	185.59478	0.971	0
8.05	1.125833	1	1	1	130.95351	95.470811	352.52432	0.971	0
8.15	1.125833	1	1	1	130.95523	95.469093	352.52718	0.971	0
8.25	1.125833	1	1	1	221.67393	97.435484	185.518	0.971	0
8.35	1.125833	1	1	1	310.95967	84.530755	7.4656401	0.971	0
8.45	1.125833	1	1	1	130.96096	95.473103	352.53749	0.971	0
8.55	1.125833	1	1	1	130.96096	95.47253	352.53577	0.971	0
8.65	1.125833	1	1	1	130.95982	95.469666	352.53463	0.971	0
8.75	1.125833	1	1	1	310.96196	84.525599	7.4616294	0.971	0
8.85	1.125833	1	1	1	222.19934	95.678795	187.01056	0.971	0
8.95	1.125833	1	1	1	170.98092	9.0189287	140.8697	0.971	0
9.05	1.125833	1	1	1	131.50184	96.975399	354.27757	0.971	0
9.15	1.125833	1	1	1	170.9093	9.0154909	140.94361	0.971	0
9.25	1.125833	1	1	1	42.275118	85.60677	81.851605	0.971	0
9.35	1.125833	1	1	1	42.274545	85.598749	261.85088	0.971	0
9.45	1.125833	1	1	1	42.276264	85.644585	261.81879	0.971	0
9.55	1.125833	1	1	1	42.276264	85.626251	261.83885	0.971	0
9.65	1.125833	1	1	1	42.27741	85.642293	261.83885	0.971	0
9.75	1.125833	1	1	1	42.277983	85.646304	261.84515	0.971	0
9.85	1.125833	1	1	1	42.284285	85.67266	261.96261	0.971	0
9.95	1.125833	1	1	1	42.28715	85.714486	262.04683	0.971	0
0	1.2124356	1	1	1	133.00012	92.715457	270.5077	0.971	0
0.1	1.2124356	1	1	1	132.99783	92.697696	270.49567	0.971	0
0.2	1.2124356	1	1	1	132.99955	92.716603	270.50999	0.971	0
0.3	1.2124356	1	1	1	132.74916	92.316679	270.46014	0.971	0
0.4	1.2124356	1	1	1	132.74916	92.317825	270.45785	0.971	0
0.5	1.2124356	1	1	1	312.75073	87.685461	359.54133	0.971	0
0.6	1.2124356	1	1	1	132.74916	92.316679	270.46014	0.971	0
0.7	1.2124356	1	1	1	132.74916	92.317825	270.45785	0.971	0
0.8	1.2124356	1	1	1	312.75073	87.685461	359.54133	0.971	0
0.9	1.2124356	1	1	1	132.76406	92.301209	270.46415	0.971	0
1	1.2124356	1	1	1	308.44839	177.88162	355.75694	0.971	0
1.1	1.2124356	1	1	1	222.91668	90.945018	90.857355	0.971	0
1.2	1.2124356	1	1	1	222.96366	91.089976	90.680884	0.971	0
1.3	1.2124356	1	1	1	132.94798	90.684322	268.90685	0.971	0
1.4	1.2124356	1	1	1	132.96059	90.685468	268.92462	0.971	0
1.5	1.2124356	1	1	1	222.96366	91.089976	90.680884	0.971	0
1.6	1.2124356	1	1	1	8.8458954	178.73934	235.85349	0.971	0
1.7	1.2124356	1	1	1	132.97434	90.691198	268.94238	0.971	0
1.8	1.2124356	1	1	1	222.99861	91.046431	90.72271	0.971	0
1.9	1.2124356	1	1	1	43.470308	89.901662	359.41642	0.971	0
2	1.2124356	1	1	1	133.47052	90.584054	269.9038	0.971	0
2.1	1.2124356	1	1	1	223.42604	90.192151	90.628745	0.971	0
2.2	1.2124356	1	1	1	133.38572	90.715835	269.74624	0.971	0
2.3	1.2124356	1	1	1	132.4793	95.59457	268.6135	0.971	0
2.4	1.2124356	1	1	1	42.61259	88.625112	84.406996	0.971	0
2.5	1.2124356	1	1	1	42.616601	88.623966	84.40184	0.971	0
2.6	1.2124356	1	1	1	132.4793	95.59457	268.6135	0.971	0
2.7	1.2124356	1	1	1	42.61259	88.625112	84.406996	0.971	0
2.8	1.2124356	1	1	1	42.605142	88.611934	84.409288	0.971	0
2.9	1.2124356	1	1	1	132.46211	95.585976	268.59345	0.971	0
3	1.2124356	1	1	1	353.07665	174.16771	41.278744	0.971	0
3.1	1.2124356	1	1	1	41.930197	86.020446	265.64959	0.971	0
3.2	1.2124356	1	1	1	354.95538	174.06973	43.174089	0.971	0
3.3	1.2124356	1	1	1	221.92489	94.083681	184.31823	0.971	0
3.4	1.2124356	1	1	1	221.9226	94.098578	184.31479	0.971	0
3.5	1.2124356	1	1	1	355.31118	174.05083	43.540209	0.971	0
3.6	1.2124356	1	1	1	221.92432	94.092275	184.31651	0.971	0
3.7	1.2124356	1	1	1	221.92317	94.102015	184.31938	0.971	0
3.8	1.2124356	1	1	1	312.00932	84.134842	3.61078	0.971	0
3.9	1.2124356	1	1	1	311.96979	84.245995	3.6749513	0.971	0
4	1.2124356	1	1	1	222.38096	93.61672	185.86751	0.971	0
4.1	1.2124356	1	1	1	312.00932	84.134842	3.61078	0.971	0
4.2	1.2124356	1	1	1	222.33627	94.343231	184.97942	0.971	0
4.3	1.2124356	1	1	1	353.54246	173.39021	221.36855	0.971	0
4.4	1.2124356	1	1	1	222.3506	94.377035	184.96625	0.971	0
4.5	1.2124356	1	1	1	311.99385	85.038969	4.3676573	0.971	0
4.6	1.2124356	1	1	1	353.54246	173.39021	221.36855	0.971	0
4.7	1.2124356	1	1	1	222.36893	94.3587	184.97198	0.971	0
4.8	1.2124356	1	1	1	311.99385	85.038969	4.3676573	0.971	0
4.9	1.2124356	1	1	1	42.888183	86.7206	84.425331	0.971	0
5	1.2124356	1	1	1	343.25558	173.53517	210.53162	0.971	0
5.1	1.2124356	1	1	1	343.26073	173.53287	210.53735	0.971	0
5.2	1.2124356	1	1	1	42.888183	86.7206	84.425331	0.971	0
5.3	1.2124356	1	1	1	132.56123	95.565922	356.7029	0.971	0
5.4	1.2124356	1	1	1	132.55952	95.56936	356.70003	0.971	0
5.5	1.2124356	1	1	1	132.56353	95.56936	356.70118	0.971	0
5.6	1.2124356	1	1	1	42.905944	85.787825	84.610969	0.971	0
5.7	1.2124356	1	1	1	350.77966	173.16503	218.07289	0.971	0
5.8	1.2124356	1	1	1	132.37388	95.466228	356.13051	0.971	0
5.9	1.2124356	1	1	1	42.925425	85.744853	264.62056	0.971	0
6	1.2124356	1	1	1	350.77966	173.16503	218.07289	0.971	0
6.1	1.2124356	1	1	1	312.45623	82.964862	2.552527	0.971	0
6.2	1.2124356	1	1	1	222.76771	92.534403	187.04322	0.971	0
6.3	1.2124356	1	1	1	332.47022	172.51186	19.85929	0.971	0
6.4	1.2124356	1	1	1	312.45623	82.964862	2.552527	0.971	0
6.5	1.2124356	1	1	1	222.76771	92.534403	187.04322	0.971	0
6.6	1.2124356	1	1	1	336.42592	173.4074	204.2245	0.971	0
6.7	1.2124356	1	1	1	132.06047	96.009965	267.28596	0.971	0
6.8	1.2124356	1	1	1	312.06261	83.991602	2.7112363	0.971	0
6.9	1.2124356	1	1	1	312.05287	83.980716	2.7163929	0.971	0
7	1.2124356	1	1	1	338.33673	167.61135	207.71783	0.971	0
7.1	1.2124356	1	1	1	338.33673	167.61135	207.71783	0.971	0
7.2	1.2124356	1	1	1	312.05287	83.980716	2.7163929	0.971	0
7.3	1.2124356	1	1	1	312.05745	83.981289	2.7118092	0.971	0
7.4	1.2124356	1	1	1	41.500479	82.198244	83.408331	0.971	0
7.5	1.2124356	1	1	1	41.492458	82.248664	83.402601	0.971	0
7.6	1.2124356	1	1	1	41.489593	82.283042	83.345879	0.971	0
7.7	1.2124356	1	1	1	41.500479	82.198244	83.408331	0.971	0
7.8	1.2124356	1	1	1	130.65844	96.186436	352.02355	0.971	0
7.9	1.2124356	1	1	1	41.50449	82.202828	83.719447	0.971	0
8	1.2124356	1	1	1	130.93403	95.517221	352.48364	0.971	0
8.1	1.2124356	1	1	1	4.9480635	170.74658	233.63557	0.971	0
8.2	1.2124356	1	1	1	221.67336	97.436057	185.51686	0.971	0
8.3	1.2124356	1	1	1	310.95795	84.528464	7.4685049	0.971	0
8.4	1.2124356	1	1	1	221.67164	97.438922	185.51686	0.971	0
8.5	1.2124356	1	1	1	310.96196	84.525026	7.4616294	0.971	0
8.6	1.2124356	1	1	1	310.95967	84.530755	7.4650671	0.971	0
8.7	1.2124356	1	1	1	310.96368	84.522734	7.4593375	0.971	0
8.8	1.2124356	1	1	1	310.96253	84.525026	7.4616294	0.971	0
8.9	1.2124356	1	1	1	170.70074	9.0160639	141.1556	0.971	0
9	1.2124356	1	1	1	171.00326	9.013772	140.84792	0.971	0
9.1	1.2124356	1	1	1	170.73283	9.0131991	321.12394	0.971	0
9.2	1.2124356	1	1	1	170.68585	9.0154909	141.17164	0.971	0
9.3	1.2124356	1	1	1	42.27741	85.610781	261.88411	0.971	0
9.4	1.2124356	1	1	1	42.277983	85.630834	261.87437	0.971	0
9.5	1.2124356	1	1	1	42.276837	85.635418	261.84286	0.971	0
9.6	1.2124356	1	1	1	42.27741	85.611354	261.88468	0.971	0
9.7	1.2124356	1	1	1	42.277983	85.63198	261.87552	0.971	0
9.8	1.2124356	1	1	1	42.279702	85.644012	261.89901	0.971	0
9.9	1.2124356	1	1	1	42.292307	85.785533	262.36024	0.971	0
0.05	1.2990381	1	1	1	306.08208	177.56879	353.08524	0.971	0
0.15	1.2990381	1	1	1	132.79271	92.274853	270.48306	0.971	0
0.25	1.2990381	1	1	1	301.07099	177.66103	168.3075	0.971	0
0.35	1.2990381	1	1	1	312.75073	87.684888	359.53961	0.971	0
0.45	1.2990381	1	1	1	301.61644	177.63754	348.87515	0.971	0
0.55	1.2990381	1	1	1	301.62962	177.63812	168.89421	0.971	0
0.65	1.2990381	1	1	1	312.75073	87.684888	359.53961	0.971	0
0.75	1.2990381	1	1	1	301.61644	177.63754	348.87515	0.971	0
0.85	1.2990381	1	1	1	301.62962	177.63812	168.89421	0.971	0
0.95	1.2990381	1	1	1	42.699107	90.217934	357.85397	0.971	0
1.05	1.2990381	1	1	1	304.77516	177.77677	352.05105	0.971	0
1.15	1.2990381	1	1	1	132.77151	92.000979	270.16221	0.971	0
1.25	1.2990381	1	1	1	222.95908	91.095706	90.682603	0.971	0
1.35	1.2990381	1	1	1	10.249069	178.71986	327.28266	0.971	0
1.45	1.2990381	1	1	1	132.95543	90.687187	268.91774	0.971	0
1.55	1.2990381	1	1	1	222.95908	91.095706	90.682603	0.971	0
1.65	1.2990381	1	1	1	9.1111749	178.73991	236.12164	0.971	0
1.75	1.2990381	1	1	1	132.9835	90.711824	268.95384	0.971	0
1.85	1.2990381	1	1	1	43.470308	89.903381	359.41757	0.971	0
1.95	1.2990381	1	1	1	133.46937	90.582336	269.9038	0.971	0
2.05	1.2990381	1	1	1	142.7914	0.59071949	350.67882	0.971	0
2.15	1.2990381	1	1	1	133.757	91.917327	1.6168869	0.971	0
2.25	1.2990381	1	1	1	133.78794	92.05541	271.79514	0.971	0
2.35	1.2990381	1	1	1	133.78966	92.05541	1.8008064	0.971	0
2.45	1.2990381	1	1	1	43.724701	91.798152	87.943865	0.971	0
2.55	1.2990381	1	1	1	92.547581	2.7307169	221.21041	0.971	0
2.65	1.2990381	1	1	1	11.894604	138.94055	99.527926	0.314	0
2.75	1.2990381	1	1	1	42.599985	88.599329	264.41028	0.971	0
2.85	1.2990381	1	1	1	42.571337	88.555784	264.42403	0.971	0
2.95	1.2990381	1	1	1	354.83677	174.07948	43.059497	0.971	0
3.05	1.2990381	1	1	1	41.924468	85.920751	265.67881	0.971	0
3.15	1.2990381	1	1	1	355.29686	174.05426	43.527604	0.971	0
3.25	1.2990381	1	1	1	221.92317	94.092848	184.31766	0.971	0
3.35	1.2990381	1	1	1	221.9226	94.093994	184.31708	0.971	0
3.45	1.2990381	1	1	1	355.32264	174.05255	43.55396	0.971	0
3.55	1.2990381	1	1	1	221.92317	94.092848	184.31766	0.971	0
3.65	1.2990381	1	1	1	221.9226	94.093994	184.31708	0.971	0
3.75	1.2990381	1	1	1	355.32264	174.05255	43.55396	0.971	0
3.85	1.2990381	1	1	1	311.95203	84.386943	3.7694893	0.971	0
3.95	1.2990381	1	1	1	222.34086	93.691778	185.74604	0.971	0
4.05	1.2990381	1	1	1	312.02938	84.056919	3.5729648	0.971	0
4.15	1.2990381	1	1	1	222.2721	94.242963	185.0201	0.971	0
4.25	1.2990381	1	1	1	222.31622	94.338074	184.98687	0.971	0
4.35	1.2990381	1	1	1	222.33914	94.369014	184.97427	0.971	0
4.45	1.2990381	1	1	1	311.98526	85.058449	4.4031807	0.971	0
4.55	1.2990381	1	1	1	42.341581	85.650888	85.018342	0.971	0
4.65	1.2990381	1	1	1	222.36377	94.355836	184.97828	0.971	0
4.75	1.2990381	1	1	1	312.01104	85.041261	4.3676573	0.971	0
4.85	1.2990381	1	1	1	42.412628	85.805013	84.85906	0.971	0
4.95	1.2990381	1	1	1	312.56968	84.433353	3.2962262	0.971	0
5.05	1.2990381	1	1	1	343.2636	173.53287	210.53678	0.971	0
5.15	1.2990381	1	1	1	132.55894	95.564777	356.70347	0.971	0
5.25	1.2990381	1	1	1	312.56968	84.433353	3.2962262	0.971	0
5.35	1.2990381	1	1	1	343.2636	173.53287	210.53678	0.971	0
5.45	1.2990381	1	1	1	132.55722	95.56936	356.70003	0.971	0
5.55	1.2990381	1	1	1	312.56051	84.429915	3.299091	0.971	0
5.65	1.2990381	1	1	1	42.924852	85.749437	264.62457	0.971	0
5.75	1.2990381	1	1	1	312.51009	84.627585	4.2312933	0.971	0
5.85	1.2990381	1	1	1	42.907663	85.783814	84.610396	0.971	0
5.95	1.2990381	1	1	1	42.90709	85.786679	264.61254	0.971	0
6.05	1.2990381	1	1	1	312.4568	82.963716	2.5536729	0.971	0
6.15	1.2990381	1	1	1	222.76828	92.534403	187.04322	0.971	0
6.25	1.2990381	1	1	1	132.45466	97.038997	357.4443	0.971	0
6.35	1.2990381	1	1	1	312.4568	82.963716	2.5536729	0.971	0
6.45	1.2990381	1	1	1	222.76198	92.540132	187.0478	0.971	0
6.55	1.2990381	1	1	1	336.43394	173.40854	24.230958	0.971	0
6.65	1.2990381	1	1	1	312.06204	83.993321	2.7141011	0.971	0
6.75	1.2990381	1	1	1	336.40358	173.41255	24.197727	0.971	0
6.85	1.2990381	1	1	1	336.38066	173.40453	24.179965	0.971	0
6.95	1.2990381	1	1	1	312.06032	83.988164	2.7100904	0.971	0
7.05	1.2990381	1	1	1	156.35216	6.5861499	155.85942	0.971	0
7.15	1.2990381	1	1	1	336.38066	173.40453	24.179965	0.971	0
7.25	1.2990381	1	1	1	312.06032	83.988164	2.7100904	0.971	0
7.35	1.2990381	1	1	1	156.01182	6.5746907	336.24429	0.971	0
7.45	1.2990381	1	1	1	312.07808	83.984727	2.6940476	0.971	0
7.55	1.2990381	1	1	1	41.495895	82.259551	83.325825	0.971	0
7.65	1.2990381	1	1	1	41.494749	82.241216	83.415207	0.971	0
7.75	1.2990381	1	1	1	310.71902	84.109058	7.8162902	0.971	0
7.85	1.2990381	1	1	1	41.517668	82.189077	83.95436	0.971	0
7.95	1.2990381	1	1	1	183.24164	9.9442555	127.84235	0.971	0
8.05	1.2990381	1	1	1	310.92357	84.474033	7.520644	0.971	0
8.15	1.2990381	1	1	1	221.67221	97.448662	185.53233	0.971	0
8.25	1.2990381	1	1	1	310.95737	84.528464	7.4702237	0.971	0
8.35	1.2990381	1	1	1	130.95294	95.474249	352.52088	0.971	0
8.45	1.2990381	1	1	1	130.96497	95.489146	352.53979	0.971	0
8.55	1.2990381	1	1	1	310.95737	84.528464	7.4702237	0.971	0
8.65	1.2990381	1	1	1	130.9644	95.496022	352.53807	0.971	0
8.75	1.2990381	1	1	1	310.96539	84.510129	7.4599105	0.971	0
8.85	1.2990381	1	1	1	130.96956	95.504043	352.54552	0.971	0
8.95	1.2990381	1	1	1	131.50413	96.988577	354.29132	0.971	0
9.05	1.2990381	1	1	1	170.76148	9.0160639	141.09429	0.971	0
9.15	1.2990381	1	1	1	170.57011	9.0172098	141.2891	0.971	0
9.25	1.2990381	1	1	1	170.30999	9.0195016	321.55423	0.971	0
9.35	1.2990381	1	1	1	131.65768	98.073186	355.58219	0.971	0
9.45	1.2990381	1	1	1	311.65925	81.926662	4.4094832	0.971	0
9.55	1.2990381	1	1	1	42.278556	85.617656	261.9076	0.971	0
9.65	1.2990381	1	1	1	42.279129	85.630834	261.90073	0.971	0
9.75	1.2990381	1	1	1	42.279702	85.634272	261.90302	0.971	0
9.85	1.2990381	1	1	1	42.281993	85.658336	261.93109	0.971	0
9.95	1.2990381	1	1	1	42.286577	85.705319	262.03022	0.971	0
0	1.3856406	1	1	1	132.99955	92.603731	270.42806	0.971	0
0.1	1.3856406	1	1	1	133.00241	92.476534	270.33925	0.971	0
0.2	1.3856406	1	1	1	301.29616	177.65015	168.54528	0.971	0
0.3	1.3856406	1	1	1	312.75532	87.692909	359.5356	0.971	0
0.4	1.3856406	1	1	1	301.3907	177.64614	348.64023	0.971	0
0.5	1.3856406	1	1	1	132.75088	92.313814	270.46014	0.971	0
0.6	1.3856406	1	1	1	312.75532	87.692909	359.5356	0.971	0
0.7	1.3856406	1	1	1	301.3907	177.64614	348.64023	0.971	0
0.8	1.3856406	1	1	1	301.43539	177.64614	168.68909	0.971	0
0.9	1.3856406	1	1	1	312.75589	87.692336	359.54018	0.971	0
1	1.3856406	1	1	1	302.31717	177.70286	349.56556	0.971	0
1.1	1.3856406	1	1	1	132.76062	92.191774	270.3467	0.971	0
1.2	1.3856406	1	1	1	222.95621	91.098571	90.680884	0.971	0
1.3	1.3856406	1	1	1	222.9585	91.096852	90.680884	0.971	0
1.4	1.3856406	1	1	1	222.97054	91.080236	90.688906	0.971	0
1.5	1.3856406	1	1	1	222.95621	91.098571	90.680884	0.971	0
1.6	1.3856406	1	1	1	11.069545	178.7084	328.11746	0.971	0
1.7	1.3856406	1	1	1	8.5479573	178.73877	235.55326	0.971	0
1.8	1.3856406	1	1	1	43.469735	89.904527	359.417	0.971	0
1.9	1.3856406	1	1	1	133.4688	90.582336	269.90495	0.971	0
2	1.3856406	1	1	1	43.469162	89.905099	359.41814	0.971	0
2.1	1.3856406	1	1	1	43.470308	89.904527	359.41757	0.971	0
2.2	1.3856406	1	1	1	43.703502	91.621681	88.079656	0.971	0
2.3	1.3856406	1	1	1	43.725274	91.799871	87.944438	0.971	0
2.4	1.3856406	1	1	1	43.725847	91.802736	87.944438	0.971	0
2.5	1.3856406	1	1	1	92.561332	2.7324357	221.19609	0.971	0
2.6	1.3856406	1	1	1	43.72642	91.802163	87.945584	0.971	0
2.7	1.3856406	1	1	1	43.726993	91.805028	87.945584	0.971	0
2.8	1.3856406	1	1	1	88.928206	4.752112	224.48429	0.971	0
2.9	1.3856406	1	1	1	88.929925	4.7532579	224.48257	0.971	0
3	1.3856406	1	1	1	88.928779	4.7532579	224.48315	0.971	0
3.1	1.3856406	1	1	1	88.928206	4.752112	224.48429	0.971	0
3.2	1.3856406	1	1	1	88.929925	4.7532579	224.48257	0.971	0
3.3	1.3856406	1	1	1	88.928779	4.7532579	224.48315	0.971	0
3.4	1.3856406	1	1	1	88.931644	4.752112	224.48028	0.971	0
3.5	1.3856406	1	1	1	313.00398	87.602955	358.19373	0.971	0
3.6	1.3856406	1	1	1	133.00356	92.396893	271.80659	0.971	0
3.7	1.3856406	1	1	1	275.98174	176.99812	323.01584	0.971	0
3.8	1.3856406	1	1	1	313.00398	87.602955	358.19373	0.971	0
3.9	1.3856406	1	1	1	168.16712	6.719649	143.97742	0.971	0
4	1.3856406	1	1	1	165.64153	6.7958524	146.50588	0.971	0
4.1	1.3856406	1	1	1	295.06181	66.145113	259.96986	0.143	0
4.2	1.3856406	1	1	1	353.49032	173.3862	41.342916	0.971	0
4.3	1.3856406	1	1	1	353.5373	173.38333	41.387033	0.971	0
4.4	1.3856406	1	1	1	311.98698	85.04298	4.3768246	0.971	0
4.5	1.3856406	1	1	1	278.55947	176.9328	325.2733	0.971	0
4.6	1.3856406	1	1	1	353.5373	173.38333	41.387033	0.971	0
4.7	1.3856406	1	1	1	311.98698	85.04298	4.3768246	0.971	0
4.8	1.3856406	1	1	1	42.419503	85.751728	84.925523	0.971	0
4.9	1.3856406	1	1	1	42.417784	85.830224	84.832131	0.971	0
5	1.3856406	1	1	1	343.26589	173.53402	210.54308	0.971	0
5.1	1.3856406	1	1	1	132.56123	95.564777	356.70232	0.971	0
5.2	1.3856406	1	1	1	312.56051	84.428196	3.299091	0.971	0
5.3	1.3856406	1	1	1	132.56238	95.56535	356.70232	0.971	0
5.4	1.3856406	1	1	1	132.56123	95.564777	356.70232	0.971	0
5.5	1.3856406	1	1	1	312.56051	84.428196	3.299091	0.971	0
5.6	1.3856406	1	1	1	132.54519	95.571079	356.67253	0.971	0
5.7	1.3856406	1	1	1	42.906517	85.788971	84.614407	0.971	0
5.8	1.3856406	1	1	1	164.91673	6.5809932	147.52174	0.971	0
5.9	1.3856406	1	1	1	350.78424	173.16274	218.07519	0.971	0
6	1.3856406	1	1	1	312.47743	84.606386	4.1482144	0.971	0
6.1	1.3856406	1	1	1	222.76886	92.534403	187.04322	0.971	0
6.2	1.3856406	1	1	1	132.45581	97.036132	357.4466	0.971	0
6.3	1.3856406	1	1	1	312.45566	82.963143	2.5536729	0.971	0
6.4	1.3856406	1	1	1	222.76886	92.534403	187.04322	0.971	0
6.5	1.3856406	1	1	1	132.45581	97.036132	357.4466	0.971	0
6.6	1.3856406	1	1	1	312.06375	83.99504	2.7141011	0.971	0
6.7	1.3856406	1	1	1	336.43165	173.41083	24.226947	0.971	0
6.8	1.3856406	1	1	1	336.42076	173.41313	24.214342	0.971	0
6.9	1.3856406	1	1	1	312.06375	83.99504	2.7141011	0.971	0
7	1.3856406	1	1	1	336.43165	173.41083	24.226947	0.971	0
7.1	1.3856406	1	1	1	336.42076	173.41313	24.214342	0.971	0
7.2	1.3856406	1	1	1	42.349602	87.302725	83.990456	0.971	0
7.3	1.3856406	1	1	1	156.41461	6.5855769	155.79295	0.971	0
7.4	1.3856406	1	1	1	312.0712	83.987018	2.7037878	0.971	0
7.5	1.3856406	1	1	1	42.731765	87.638478	84.375484	0.971	0
7.6	1.3856406	1	1	1	162.51318	6.7821014	149.32311	0.971	0
7.7	1.3856406	1	1	1	312.11188	84.096453	2.7754076	0.971	0
7.8	1.3856406	1	1	1	42.014995	86.544129	84.207034	0.971	0
7.9	1.3856406	1	1	1	343.52945	173.16905	211.79156	0.971	0
8	1.3856406	1	1	1	310.9207	84.472887	7.5235088	0.971	0
8.1	1.3856406	1	1	1	221.67164	97.441213	185.518	0.971	0
8.2	1.3856406	1	1	1	130.95409	95.469666	352.52489	0.971	0
8.3	1.3856406	1	1	1	130.95581	95.469093	352.52775	0.971	0
8.4	1.3856406	1	1	1	130.96096	95.473103	352.53577	0.971	0
8.5	1.3856406	1	1	1	310.96196	84.525026	7.4627753	0.971	0
8.6	1.3856406	1	1	1	130.96154	95.473676	352.53749	0.971	0
8.7	1.3856406	1	1	1	130.96096	95.473103	352.5352	0.971	0
8.8	1.3856406	1	1	1	310.96253	84.522734	7.4616294	0.971	0
8.9	1.3856406	1	1	1	130.96956	95.492584	352.54781	0.971	0
9	1.3856406	1	1	1	169.59322	9.028096	142.28261	0.971	0
9.1	1.3856406	1	1	1	169.28897	9.0298149	142.58399	0.971	0
9.2	1.3856406	1	1	1	131.52246	97.086552	354.40304	0.971	0
9.3	1.3856406	1	1	1	312.00646	84.849893	3.6887023	0.971	0
9.4	1.3856406	1	1	1	42.344446	86.345886	84.845882	0.971	0
9.5	1.3856406	1	1	1	312.01563	84.860206	3.665211	0.971	0
9.6	1.3856406	1	1	1	42.342727	86.351615	84.846455	0.971	0
9.7	1.3856406	1	1	1	42.283139	85.665785	261.95745	0.971	0
9.8	1.3856406	1	1	1	42.286577	85.710475	262.0285	0.971	0
9.9	1.3856406	1	1	1	42.286577	85.699016	261.99355	0.971	0
0.05	1.4722432	1	1	1	132.98637	92.436427	270.43321	0.971	0
0.15	1.4722432	1	1	1	70.036642	4.88733	243.73625	0.971	0
0.25	1.4722432	1	1	1	132.78526	92.282301	270.47905	0.971	0
0.35	1.4722432	1	1	1	132.77323	92.292615	270.4716	0.971	0
0.45	1.4722432	1	1	1	132.75604	92.30923	270.46301	0.971	0
0.55	1.4722432	1	1	1	132.7589	92.306366	270.46415	0.971	0
0.65	1.4722432	1	1	1	312.75073	87.685461	359.54133	0.971	0
0.75	1.4722432	1	1	1	132.76406	92.301209	270.46415	0.971	0
0.85	1.4722432	1	1	1	82.276166	2.2305247	231.40104	0.971	0
0.95	1.4722432	1	1	1	81.572574	2.2345354	232.10062	0.971	0
1.05	1.4722432	1	1	1	133.63037	91.413124	271.69258	0.971	0
1.15	1.4722432	1	1	1	88.982637	2.1422892	224.54216	0.971	0
1.25	1.4722432	1	1	1	43.008504	89.007848	359.3322	0.971	0
1.35	1.4722432	1	1	1	222.95048	91.107165	90.677447	0.971	0
1.45	1.4722432	1	1	1	132.94798	90.684322	268.90685	0.971	0
1.55	1.4722432	1	1	1	322.86	179.41027	9.3913512	0.971	0
1.65	1.4722432	1	1	1	43.467443	89.904527	359.41872	0.971	0
1.75	1.4722432	1	1	1	43.470308	89.901662	359.41642	0.971	0
1.85	1.4722432	1	1	1	133.47052	90.584054	269.9038	0.971	0
1.95	1.4722432	1	1	1	43.469735	89.904527	359.41757	0.971	0
2.05	1.4722432	1	1	1	43.470308	89.901662	359.41642	0.971	0
2.15	1.4722432	1	1	1	133.47052	90.584054	269.9038	0.971	0
2.25	1.4722432	1	1	1	141.00033	0.60103273	352.47218	0.971	0
2.35	1.4722432	1	1	1	43.725274	91.798725	87.945584	0.971	0
2.45	1.4722432	1	1	1	92.403768	2.7364464	221.35651	0.971	0
2.55	1.4722432	1	1	1	92.443875	2.7347276	221.31583	0.971	0
2.65	1.4722432	1	1	1	43.726993	91.803882	87.946157	0.971	0
2.75	1.4722432	1	1	1	92.403768	2.7364464	221.35651	0.971	0
2.85	1.4722432	1	1	1	92.443875	2.7347276	221.31583	0.971	0
2.95	1.4722432	1	1	1	88.927061	4.7544038	224.48773	0.971	0
3.05	1.4722432	1	1	1	88.940811	4.752112	224.47111	0.971	0
3.15	1.4722432	1	1	1	43.31389	93.325085	86.606008	0.971	0
3.25	1.4722432	1	1	1	88.922477	4.7561227	224.49174	0.971	0
3.35	1.4722432	1	1	1	88.940811	4.752112	224.47111	0.971	0
3.45	1.4722432	1	1	1	43.31389	93.325085	86.606008	0.971	0
3.55	1.4722432	1	1	1	313.00455	87.597798	358.18686	0.971	0
3.65	1.4722432	1	1	1	133.00642	92.394601	271.80545	0.971	0
3.75	1.4722432	1	1	1	276.00809	176.9987	323.04105	0.971	0
3.85	1.4722432	1	1	1	313.01085	87.60582	358.20691	0.971	0
3.95	1.4722432	1	1	1	42.904799	91.820497	357.08506	0.971	0
4.05	1.4722432	1	1	1	42.904799	91.823362	87.083282	0.971	0
4.15	1.4722432	1	1	1	100.90704	3.4417575	212.04423	0.971	0
4.25	1.4722432	1	1	1	42.904799	91.820497	357.08506	0.971	0
4.35	1.4722432	1	1	1	42.904799	91.823362	87.083282	0.971	0
4.45	1.4722432	1	1	1	100.90704	3.4417575	212.04423	0.971	0
4.55	1.4722432	1	1	1	279.15421	176.81764	325.86459	0.971	0
4.65	1.4722432	1	1	1	277.55222	177.1723	324.30672	0.971	0
4.75	1.4722432	1	1	1	42.365072	85.652034	85.019488	0.971	0
4.85	1.4722432	1	1	1	42.413774	85.720789	84.959328	0.971	0
4.95	1.4722432	1	1	1	42.417784	85.752301	84.923804	0.971	0
5.05	1.4722432	1	1	1	132.55665	95.564204	356.7006	0.971	0
5.15	1.4722432	1	1	1	343.25558	173.53517	210.53162	0.971	0
5.25	1.4722432	1	1	1	132.55952	95.56936	356.70003	0.971	0
5.35	1.4722432	1	1	1	132.55665	95.564204	356.7006	0.971	0
5.45	1.4722432	1	1	1	132.56123	95.565922	356.7029	0.971	0
5.55	1.4722432	1	1	1	132.55952	95.56936	356.70003	0.971	0
5.65	1.4722432	1	1	1	132.25757	95.54988	356.44736	0.971	0
5.75	1.4722432	1	1	1	164.96658	6.5861499	147.46329	0.971	0
5.85	1.4722432	1	1	1	132.33721	95.554463	356.51439	0.971	0
5.95	1.4722432	1	1	1	132.25757	95.54988	356.44736	0.971	0
6.05	1.4722432	1	1	1	164.96658	6.5861499	147.46329	0.971	0
6.15	1.4722432	1	1	1	222.70927	92.393455	186.45193	0.971	0
6.25	1.4722432	1	1	1	222.70182	92.387726	186.42385	0.971	0
6.35	1.4722432	1	1	1	222.76771	92.534403	187.04322	0.971	0
6.45	1.4722432	1	1	1	222.72187	92.416946	186.5648	0.971	0
6.55	1.4722432	1	1	1	132.06219	96.006527	267.28538	0.971	0
6.65	1.4722432	1	1	1	336.42879	173.41141	24.222937	0.971	0
6.75	1.4722432	1	1	1	336.42592	173.4074	204.2245	0.971	0
6.85	1.4722432	1	1	1	132.06219	96.006527	267.28538	0.971	0
6.95	1.4722432	1	1	1	336.42879	173.41141	24.222937	0.971	0
7.05	1.4722432	1	1	1	312.06032	83.990456	2.7118092	0.971	0
7.15	1.4722432	1	1	1	156.39571	6.5884417	155.81072	0.971	0
7.25	1.4722432	1	1	1	312.06547	83.995613	2.7089445	0.971	0
7.35	1.4722432	1	1	1	312.06834	83.997905	2.7077985	0.971	0
7.45	1.4722432	1	1	1	42.739787	87.639051	84.403559	0.971	0
7.55	1.4722432	1	1	1	155.46751	6.0790822	337.15931	0.971	0
7.65	1.4722432	1	1	1	163.44251	6.8348135	148.30096	0.971	0
7.75	1.4722432	1	1	1	163.63388	6.8325217	148.101	0.971	0
7.85	1.4722432	1	1	1	343.06593	173.26186	211.2524	0.971	0
7.95	1.4722432	1	1	1	163.44251	6.8348135	148.30096	0.971	0
8.05	1.4722432	1	1	1	344.00386	173.18108	212.30264	0.971	0
8.15	1.4722432	1	1	1	221.67221	97.435484	185.51457	0.971	0
8.25	1.4722432	1	1	1	4.9480635	170.74715	233.63557	0.971	0
8.35	1.4722432	1	1	1	221.67279	97.434911	185.51399	0.971	0
8.45	1.4722432	1	1	1	310.9568	84.531901	7.4696508	0.971	0
8.55	1.4722432	1	1	1	130.95753	95.469666	352.53062	0.971	0
8.65	1.4722432	1	1	1	310.96253	84.525026	7.4616294	0.971	0
8.75	1.4722432	1	1	1	310.95967	84.530755	7.4650671	0.971	0
8.85	1.4722432	1	1	1	130.9644	95.478833	352.54093	0.971	0
8.95	1.4722432	1	1	1	311.92395	84.793743	3.8703299	0.971	0
9.05	1.4722432	1	1	1	42.275691	86.146496	84.782857	0.971	0
9.15	1.4722432	1	1	1	348.62992	173.51798	216.52935	0.971	0
9.25	1.4722432	1	1	1	42.275691	86.144204	84.781711	0.971	0
9.35	1.4722432	1	1	1	312.00589	84.852758	3.6904212	0.971	0
9.45	1.4722432	1	1	1	312.01563	84.85906	3.665784	0.971	0
9.55	1.4722432	1	1	1	42.343873	86.346459	84.847601	0.971	0
9.65	1.4722432	1	1	1	312.01448	84.858487	3.6703676	0.971	0
9.75	1.4722432	1	1	1	42.344446	86.350469	84.848174	0.971	0
9.85	1.4722432	1	1	1	339.60183	173.89212	207.6611	0.971	0
9.95	1.4722432	1	1	1	42.054529	87.169799	84.610969	0.971	0
0	1.5588457	1	1	1	70.468079	4.9480635	243.3558	0.971	0
0.1	1.5588457	1	1	1	71.84948	4.9136861	241.8982	0.971	0
0.2	1.5588457	1	1	1	133.87789	92.066869	274.42558	0.971	0
0.3	1.5588457	1	1	1	132.79271	92.274853	270.48306	0.971	0
0.4	1.5588457	1	1	1	301.07099	177.66103	168.3075	0.971	0
0.5	1.5588457	1	1	1	312.77308	87.707806	359.52701	0.971	0
0.6	1.5588457	1	1	1	84.090151	2.2162008	229.58304	0.971	0
0.7	1.5588457	1	1	1	81.934111	2.2333895	231.74367	0.971	0
0.8	1.5588457	1	1	1	261.20688	177.76016	307.5265	0.971	0
0.9	1.5588457	1	1	1	84.090151	2.2162008	229.58304	0.971	0
1	1.5588457	1	1	1	80.011837	2.2511512	233.67167	0.971	0
1.1	1.5588457	1	1	1	79.768903	2.254016	233.91575	0.971	0
1.2	1.5588457	1	1	1	43.097312	89.18661	359.35111	0.971	0
1.3	1.5588457	1	1	1	223.18024	90.653955	90.635048	0.971	0
1.4	1.5588457	1	1	1	133.46364	90.578325	269.90437	0.971	0
1.5	1.5588457	1	1	1	142.76905	0.58900061	350.6983	0.971	0
1.6	1.5588457	1	1	1	43.469162	89.905099	359.41757	0.971	0
1.7	1.5588457	1	1	1	43.470308	89.903381	359.41757	0.971	0
1.8	1.5588457	1	1	1	133.46937	90.582336	269.9038	0.971	0
1.9	1.5588457	1	1	1	43.469162	89.904527	359.41757	0.971	0
2	1.5588457	1	1	1	43.470308	89.903381	359.41757	0.971	0
2.1	1.5588457	1	1	1	133.46937	90.582336	269.9038	0.971	0
2.2	1.5588457	1	1	1	43.470881	89.905099	359.41814	0.971	0
2.3	1.5588457	1	1	1	43.724701	91.798152	87.943865	0.971	0
2.4	1.5588457	1	1	1	92.547581	2.7307169	221.21041	0.971	0
2.5	1.5588457	1	1	1	92.418665	2.7353005	221.34104	0.971	0
2.6	1.5588457	1	1	1	43.727566	91.8056	87.946157	0.971	0
2.7	1.5588457	1	1	1	92.547581	2.7307169	221.21041	0.971	0
2.8	1.5588457	1	1	1	133.79424	92.052545	1.8139844	0.971	0
2.9	1.5588457	1	1	1	43.727566	91.8056	87.946157	0.971	0
3	1.5588457	1	1	1	88.917893	4.7549767	224.49919	0.971	0
3.1	1.5588457	1	1	1	88.941384	4.7549767	224.46997	0.971	0
3.2	1.5588457	1	1	1	88.939666	4.7538308	224.4734	0.971	0
3.3	1.5588457	1	1	1	88.941384	4.7538308	224.4734	0.971	0
3.4	1.5588457	1	1	1	43.315036	93.325085	86.604863	0.971	0
3.5	1.5588457	1	1	1	88.974043	4.7463824	224.44189	0.971	0
3.6	1.5588457	1	1	1	43.574586	93.138873	87.108492	0.971	0
3.7	1.5588457	1	1	1	133.00757	92.395174	271.8043	0.971	0
3.8	1.5588457	1	1	1	276.14102	177.00614	323.16882	0.971	0
3.9	1.5588457	1	1	1	42.911674	91.793568	357.15324	0.971	0
4	1.5588457	1	1	1	42.908809	91.783255	357.116	0.971	0
4.1	1.5588457	1	1	1	42.903653	91.818206	87.086147	0.971	0
4.2	1.5588457	1	1	1	100.89386	3.4400386	212.05913	0.971	0
4.3	1.5588457	1	1	1	42.909382	91.818206	357.0885	0.971	0
4.4	1.5588457	1	1	1	42.934592	91.818779	87.103909	0.971	0
4.5	1.5588457	1	1	1	42.914539	91.823362	357.08792	0.971	0
4.6	1.5588457	1	1	1	277.9212	177.09896	324.65622	0.971	0
4.7	1.5588457	1	1	1	277.56768	177.11271	324.28838	0.971	0
4.8	1.5588457	1	1	1	133.27342	92.27428	271.62497	0.971	0
4.9	1.5588457	1	1	1	133.29577	92.275999	271.62096	0.971	0
5	1.5588457	1	1	1	277.81234	177.20553	324.54851	0.971	0
5.1	1.5588457	1	1	1	133.27342	92.27428	271.62497	0.971	0
5.2	1.5588457	1	1	1	133.3204	92.276572	271.61752	0.971	0
5.3	1.5588457	1	1	1	277.81234	177.20553	324.54851	0.971	0
5.4	1.5588457	1	1	1	133.29806	92.274853	271.62153	0.971	0
5.5	1.5588457	1	1	1	133.3204	92.276572	271.61752	0.971	0
5.6	1.5588457	1	1	1	281.79669	176.58445	58.436538	0.971	0
5.7	1.5588457	1	1	1	133.40635	92.909117	271.78998	0.971	0
5.8	1.5588457	1	1	1	133.40749	92.90969	271.7917	0.971	0
5.9	1.5588457	1	1	1	281.79669	176.58445	58.436538	0.971	0
6	1.5588457	1	1	1	133.40635	92.909117	271.78998	0.971	0
6.1	1.5588457	1	1	1	42.710566	87.608685	83.493129	0.971	0
6.2	1.5588457	1	1	1	42.704836	87.610976	83.531517	0.971	0
6.3	1.5588457	1	1	1	42.70369	87.612122	83.548133	0.971	0
6.4	1.5588457	1	1	1	312.44821	83.340149	2.4322058	0.971	0
6.5	1.5588457	1	1	1	42.714577	87.599517	83.453022	0.971	0
6.6	1.5588457	1	1	1	336.41904	173.41083	24.214342	0.971	0
6.7	1.5588457	1	1	1	336.43394	173.40854	24.230958	0.971	0
6.8	1.5588457	1	1	1	132.06219	96.008246	267.28882	0.971	0
6.9	1.5588457	1	1	1	336.41904	173.41083	24.214342	0.971	0
7	1.5588457	1	1	1	312.06089	83.989883	2.7123822	0.971	0
7.1	1.5588457	1	1	1	132.06219	96.008246	267.28882	0.971	0
7.2	1.5588457	1	1	1	156.35216	6.5861499	155.85942	0.971	0
7.3	1.5588457	1	1	1	312.5078	84.406996	2.3714723	0.971	0
7.4	1.5588457	1	1	1	42.743224	87.636187	264.42174	0.971	0
7.5	1.5588457	1	1	1	155.5357	6.0790822	337.08711	0.971	0
7.6	1.5588457	1	1	1	312.5078	84.406996	2.3714723	0.971	0
7.7	1.5588457	1	1	1	343.81249	173.16217	212.0958	0.971	0
7.8	1.5588457	1	1	1	344.01074	173.17363	212.30722	0.971	0
7.9	1.5588457	1	1	1	344.18778	173.18337	212.4963	0.971	0
8	1.5588457	1	1	1	344.15111	173.18795	212.46134	0.971	0
8.1	1.5588457	1	1	1	41.868318	86.350469	264.25501	0.971	0
8.2	1.5588457	1	1	1	344.00558	173.18165	212.3055	0.971	0
8.3	1.5588457	1	1	1	344.31326	173.1891	212.61146	0.971	0
8.4	1.5588457	1	1	1	41.887226	86.284579	264.31059	0.971	0
8.5	1.5588457	1	1	1	41.922176	86.139621	264.49336	0.971	0
8.6	1.5588457	1	1	1	348.66888	173.49277	216.58378	0.971	0
8.7	1.5588457	1	1	1	168.64841	6.4927577	323.44785	0.971	0
8.8	1.5588457	1	1	1	311.92453	84.794889	3.868611	0.971	0
8.9	1.5588457	1	1	1	348.62476	173.5197	216.52362	0.971	0
9	1.5588457	1	1	1	348.62992	173.51798	216.52935	0.971	0
9.1	1.5588457	1	1	1	311.92567	84.796608	3.8668922	0.971	0
9.2	1.5588457	1	1	1	42.276837	86.148788	84.784576	0.971	0
9.3	1.5588457	1	1	1	312.01391	84.859633	3.6715136	0.971	0
9.4	1.5588457	1	1	1	42.343873	86.346459	84.847601	0.971	0
9.5	1.5588457	1	1	1	312.01391	84.857914	3.6709406	0.971	0
9.6	1.5588457	1	1	1	312.01391	84.859633	3.6709406	0.971	0
9.7	1.5588457	1	1	1	42.343873	86.346459	84.847601	0.971	0
9.8	1.5588457	1	1	1	42.340435	86.364793	84.847601	0.971	0
9.9	1.5588457	1	1	1	42.061405	87.168653	84.603521	0.971	0
0.05	1.6454483	1	1	1	72.533592	4.9159779	241.18315	0.971	0
0.15	1.6454483	1	1	1	133.89451	92.072599	274.4296	0.971	0
0.25	1.6454483	1	1	1	133.83034	92.01473	274.38777	0.971	0
0.35	1.6454483	1	1	1	43.664541	94.380473	87.988556	0.971	0
0.45	1.6454483	1	1	1	312.80001	87.733589	359.51039	0.971	0
0.55	1.6454483	1	1	1	297.39546	177.72635	344.51494	0.971	0
0.65	1.6454483	1	1	1	43.656519	91.748878	358.61314	0.971	0
0.75	1.6454483	1	1	1	80.325245	2.2482864	233.35712	0.971	0
0.85	1.6454483	1	1	1	79.931623	2.2517241	233.75188	0.971	0
0.95	1.6454483	1	1	1	133.70486	91.327181	271.82035	0.971	0
1.05	1.6454483	1	1	1	80.325245	2.2482864	233.35712	0.971	0
1.15	1.6454483	1	1	1	259.64327	177.74526	125.95847	0.971	0
1.25	1.6454483	1	1	1	133.70486	91.327181	271.82035	0.971	0
1.35	1.6454483	1	1	1	223.03929	90.924391	90.656247	0.971	0
1.45	1.6454483	1	1	1	322.88635	179.41429	9.4222909	0.971	0
1.55	1.6454483	1	1	1	43.467443	89.905099	359.41814	0.971	0
1.65	1.6454483	1	1	1	43.469735	89.904527	359.417	0.971	0
1.75	1.6454483	1	1	1	133.4688	90.582336	269.90495	0.971	0
1.85	1.6454483	1	1	1	43.469162	89.905099	359.41814	0.971	0
1.95	1.6454483	1	1	1	43.469735	89.904527	359.417	0.971	0
2.05	1.6454483	1	1	1	133.4688	90.582336	269.90495	0.971	0
2.15	1.6454483	1	1	1	43.469162	89.905099	359.41814	0.971	0
2.25	1.6454483	1	1	1	43.470308	89.905099	359.41757	0.971	0
2.35	1.6454483	1	1	1	92.561332	2.7324357	221.19609	0.971	0
2.45	1.6454483	1	1	1	43.727566	91.806173	87.945584	0.971	0
2.55	1.6454483	1	1	1	43.726993	91.805028	87.945584	0.971	0
2.65	1.6454483	1	1	1	92.561332	2.7324357	221.19609	0.971	0
2.75	1.6454483	1	1	1	43.727566	91.806173	87.945584	0.971	0
2.85	1.6454483	1	1	1	43.726993	91.805028	87.945584	0.971	0
2.95	1.6454483	1	1	1	133.81315	92.040513	271.87363	0.971	0
3.05	1.6454483	1	1	1	43.737306	91.840551	87.952459	0.971	0
3.15	1.6454483	1	1	1	88.939666	4.7555497	224.47283	0.971	0
3.25	1.6454483	1	1	1	88.955135	4.7492472	224.45851	0.971	0
3.35	1.6454483	1	1	1	86.299476	4.2702544	227.35424	0.971	0
3.45	1.6454483	1	1	1	43.574013	93.140592	87.099898	0.971	0
3.55	1.6454483	1	1	1	43.574013	93.139446	87.103336	0.971	0
3.65	1.6454483	1	1	1	86.290309	4.2696815	227.3634	0.971	0
3.75	1.6454483	1	1	1	133.01215	92.394028	271.79743	0.971	0
3.85	1.6454483	1	1	1	43.566565	93.083869	87.134276	0.971	0
3.95	1.6454483	1	1	1	313.01372	87.114795	358.19545	0.971	0
4.05	1.6454483	1	1	1	42.923706	91.819351	87.097033	0.971	0
4.15	1.6454483	1	1	1	42.914539	91.82107	87.090158	0.971	0
4.25	1.6454483	1	1	1	100.895	3.4377468	212.06199	0.971	0
4.35	1.6454483	1	1	1	42.923706	91.819351	87.097033	0.971	0
4.45	1.6454483	1	1	1	42.927717	91.821643	87.097033	0.971	0
4.55	1.6454483	1	1	1	97.523719	2.8476002	215.72491	0.971	0
4.65	1.6454483	1	1	1	277.80718	177.13735	324.55653	0.971	0
4.75	1.6454483	1	1	1	277.61238	177.20439	324.38177	0.971	0
4.85	1.6454483	1	1	1	133.26597	92.270842	271.62726	0.971	0
4.95	1.6454483	1	1	1	133.28431	92.277718	271.6221	0.971	0
5.05	1.6454483	1	1	1	277.61238	177.20439	324.38177	0.971	0
5.15	1.6454483	1	1	1	133.4052	92.283447	271.5608	0.971	0
5.25	1.6454483	1	1	1	133.32957	92.279437	271.61465	0.971	0
5.35	1.6454483	1	1	1	277.78025	177.20668	324.50668	0.971	0
5.45	1.6454483	1	1	1	133.34275	92.277145	271.60491	0.971	0
5.55	1.6454483	1	1	1	133.38744	92.916566	271.77623	0.971	0
5.65	1.6454483	1	1	1	281.97488	176.58215	58.631344	0.971	0
5.75	1.6454483	1	1	1	133.39546	92.907971	271.77795	0.971	0
5.85	1.6454483	1	1	1	133.40692	92.911982	271.78998	0.971	0
5.95	1.6454483	1	1	1	281.83909	176.58215	58.474354	0.971	0
6.05	1.6454483	1	1	1	133.41437	92.892501	271.79857	0.971	0
6.15	1.6454483	1	1	1	43.390094	91.86748	87.419609	0.971	0
6.25	1.6454483	1	1	1	43.389521	91.866907	87.404712	0.971	0
6.35	1.6454483	1	1	1	133.46192	92.653578	271.85472	0.971	0
6.45	1.6454483	1	1	1	222.72875	92.437	186.66908	0.971	0
6.55	1.6454483	1	1	1	132.28392	95.161414	357.35836	0.971	0
6.65	1.6454483	1	1	1	132.06333	96.004808	357.28731	0.971	0
6.75	1.6454483	1	1	1	312.06375	83.99504	2.7141011	0.971	0
6.85	1.6454483	1	1	1	312.06605	83.997905	2.7112363	0.971	0
6.95	1.6454483	1	1	1	312.0649	83.995613	2.7112363	0.971	0
7.05	1.6454483	1	1	1	42.349602	87.302725	83.990456	0.971	0
7.15	1.6454483	1	1	1	312.06777	83.998478	2.7089445	0.971	0
7.25	1.6454483	1	1	1	312.06547	83.996759	2.7106633	0.971	0
7.35	1.6454483	1	1	1	42.741506	87.642489	84.398402	0.971	0
7.45	1.6454483	1	1	1	155.50705	6.0704878	337.12493	0.971	0
7.55	1.6454483	1	1	1	312.50722	84.406424	2.3720453	0.971	0
7.65	1.6454483	1	1	1	42.741506	87.642489	84.398402	0.971	0
7.75	1.6454483	1	1	1	344.0285	173.1805	212.32785	0.971	0
7.85	1.6454483	1	1	1	344.1597	173.1805	212.46765	0.971	0
7.95	1.6454483	1	1	1	344.34362	173.19139	212.66016	0.971	0
8.05	1.6454483	1	1	1	41.86488	86.350469	264.25788	0.971	0
8.15	1.6454483	1	1	1	344.17288	173.19024	212.48541	0.971	0
8.25	1.6454483	1	1	1	344.16543	173.19712	212.47911	0.971	0
8.35	1.6454483	1	1	1	41.867745	86.356772	264.25673	0.971	0
8.45	1.6454483	1	1	1	344.84095	173.21889	213.14718	0.971	0
8.55	1.6454483	1	1	1	345.93988	173.24124	214.23522	0.971	0
8.65	1.6454483	1	1	1	42.267097	86.132745	84.770825	0.971	0
8.75	1.6454483	1	1	1	348.63336	173.51454	216.53393	0.971	0
8.85	1.6454483	1	1	1	311.92453	84.794889	3.868611	0.971	0
8.95	1.6454483	1	1	1	42.276264	86.147642	84.782857	0.971	0
9.05	1.6454483	1	1	1	311.9251	84.796035	3.8680381	0.971	0
9.15	1.6454483	1	1	1	42.276264	86.147069	84.782857	0.971	0
9.25	1.6454483	1	1	1	311.9251	84.795462	3.8680381	0.971	0
9.35	1.6454483	1	1	1	312.01563	84.860206	3.6663569	0.971	0
9.45	1.6454483	1	1	1	42.343873	86.345313	84.847028	0.971	0
9.55	1.6454483	1	1	1	312.01333	84.859633	3.6715136	0.971	0
9.65	1.6454483	1	1	1	42.3433	86.347032	84.848174	0.971	0
9.75	1.6454483	1	1	1	42.342154	86.351615	84.846455	0.971	0
9.85	1.6454483	1	1	1	222.05781	92.839216	185.37763	0.971	0
9.95	1.6454483	1	1	1	339.7359	173.92306	207.82039	0.971	0
0	1.7320508	1	1	1	133.94264	92.104684	274.44793	0.971	0
0.1	1.7320508	1	1	1	133.99477	92.16198	274.49434	0.971	0
0.2	1.7320508	1	1	1	133.81716	92.006136	274.38204	0.971	0
0.3	1.7320508	1	1	1	133.81773	92.006136	274.38261	0.971	0
0.4	1.7320508	1	1	1	133.81773	92.005563	274.38319	0.971	0
0.5	1.7320508	1	1	1	133.81716	92.00499	274.38261	0.971	0
0.6	1.7320508	1	1	1	43.557398	91.589022	358.49855	0.971	0
0.7	1.7320508	1	1	1	82.276166	2.2305247	231.40104	0.971	0
0.8	1.7320508	1	1	1	79.913861	2.2522971	233.77022	0.971	0
0.9	1.7320508	1	1	1	259.70401	177.74583	306.01905	0.971	0
1	1.7320508	1	1	1	313.70585	88.675532	358.1754	0.971	0
1.1	1.7320508	1	1	1	79.676657	2.253443	234.008	0.971	0
1.2	1.7320508	1	1	1	43.663395	91.824508	358.67559	0.971	0
1.3	1.7320508	1	1	1	313.70585	88.675532	358.1754	0.971	0
1.4	1.7320508	1	1	1	322.91099	179.41257	9.4463552	0.971	0
1.5	1.7320508	1	1	1	43.465151	89.904527	359.42101	0.971	0
1.6	1.7320508	1	1	1	43.468016	89.905099	359.41872	0.971	0
1.7	1.7320508	1	1	1	322.86	179.41027	9.3913512	0.971	0
1.8	1.7320508	1	1	1	43.465151	89.904527	359.42101	0.971	0
1.9	1.7320508	1	1	1	43.469735	89.903954	359.41757	0.971	0
2	1.7320508	1	1	1	133.46937	90.581763	269.90495	0.971	0
2.1	1.7320508	1	1	1	43.469735	89.906818	359.41814	0.971	0
2.2	1.7320508	1	1	1	322.74827	179.4097	9.2784785	0.971	0
2.3	1.7320508	1	1	1	133.46937	90.581763	269.90495	0.971	0
2.4	1.7320508	1	1	1	142.48257	0.59014653	350.98764	0.971	0
2.5	1.7320508	1	1	1	43.726993	91.803882	87.946157	0.971	0
2.6	1.7320508	1	1	1	92.403768	2.7364464	221.35651	0.971	0
2.7	1.7320508	1	1	1	92.443875	2.7347276	221.31583	0.971	0
2.8	1.7320508	1	1	1	43.726993	91.803882	87.946157	0.971	0
2.9	1.7320508	1	1	1	92.358505	2.7375923	221.40235	0.971	0
3	1.7320508	1	1	1	43.73215	91.823362	87.948449	0.971	0
3.1	1.7320508	1	1	1	43.744182	91.862896	87.957043	0.971	0
3.2	1.7320508	1	1	1	313.73164	87.094741	356.8553	0.971	0
3.3	1.7320508	1	1	1	86.338437	4.2725463	227.31413	0.971	0
3.4	1.7320508	1	1	1	86.314946	4.2714004	227.33877	0.971	0
3.5	1.7320508	1	1	1	313.73335	87.10792	356.85645	0.971	0
3.6	1.7320508	1	1	1	43.574013	93.1383	87.108492	0.971	0
3.7	1.7320508	1	1	1	86.299476	4.2696815	227.35366	0.971	0
3.8	1.7320508	1	1	1	43.574586	93.138873	87.105628	0.971	0
3.9	1.7320508	1	1	1	43.574013	93.1383	87.108492	0.971	0
4	1.7320508	1	1	1	86.463915	4.2175423	227.18063	0.971	0
4.1	1.7320508	1	1	1	43.555106	92.970424	87.201885	0.971	0
4.2	1.7320508	1	1	1	42.917404	91.820497	87.091877	0.971	0
4.3	1.7320508	1	1	1	100.8612	3.4337361	212.10325	0.971	0
4.4	1.7320508	1	1	1	42.962667	91.821643	357.11772	0.971	0
4.5	1.7320508	1	1	1	97.752902	2.9146363	215.51235	0.971	0
4.6	1.7320508	1	1	1	277.40898	177.18605	324.15889	0.971	0
4.7	1.7320508	1	1	1	277.52299	177.19866	324.29812	0.971	0
4.8	1.7320508	1	1	1	277.55222	177.1723	324.30672	0.971	0
4.9	1.7320508	1	1	1	133.26826	92.272561	271.62726	0.971	0
5	1.7320508	1	1	1	133.26311	92.273707	271.62783	0.971	0
5.1	1.7320508	1	1	1	278.95883	177.23246	325.58842	0.971	0
5.2	1.7320508	1	1	1	133.33301	92.278291	271.60262	0.971	0
5.3	1.7320508	1	1	1	133.32728	92.277145	271.61752	0.971	0
5.4	1.7320508	1	1	1	278.917	177.23132	325.54946	0.971	0
5.5	1.7320508	1	1	1	133.34848	92.278291	271.6009	0.971	0
5.6	1.7320508	1	1	1	133.37025	92.79739	271.74185	0.971	0
5.7	1.7320508	1	1	1	282.02702	176.58559	58.688067	0.971	0
5.8	1.7320508	1	1	1	133.39718	92.911409	271.78081	0.971	0
5.9	1.7320508	1	1	1	44.019774	92.938911	88.590161	0.971	0
6	1.7320508	1	1	1	44.035817	92.96011	88.61308	0.971	0
6.1	1.7320508	1	1	1	44.061027	92.999072	88.652614	0.971	0
6.2	1.7320508	1	1	1	43.39525	91.877793	87.455705	0.971	0
6.3	1.7320508	1	1	1	332.44616	101.01532	198.39695	0.2	0
6.4	1.7320508	1	1	1	275.55374	176.87608	322.08765	0.971	0
6.5	1.7320508	1	1	1	43.405564	91.893263	87.472321	0.971	0
6.6	1.7320508	1	1	1	132.33148	95.087503	357.28502	0.971	0
6.7	1.7320508	1	1	1	132.2908	95.13735	357.3469	0.971	0
6.8	1.7320508	1	1	1	42.593682	87.265483	264.92365	0.971	0
6.9	1.7320508	1	1	1	42.595401	87.266056	264.93626	0.971	0
7	1.7320508	1	1	1	42.594255	87.267775	264.91277	0.971	0
7.1	1.7320508	1	1	1	155.93619	6.0189216	336.68662	0.971	0
7.2	1.7320508	1	1	1	312.4992	84.537631	2.4110064	0.971	0
7.3	1.7320508	1	1	1	42.7501	87.6465	84.407569	0.971	0
7.4	1.7320508	1	1	1	155.41824	6.0653312	337.22119	0.971	0
7.5	1.7320508	1	1	1	312.52499	84.42132	2.3565754	0.971	0
7.6	1.7320508	1	1	1	42.7501	87.6465	84.407569	0.971	0
7.7	1.7320508	1	1	1	155.41824	6.0653312	337.22119	0.971	0
7.8	1.7320508	1	1	1	344.23247	173.19368	212.54901	0.971	0
7.9	1.7320508	1	1	1	344.39806	173.18853	212.71688	0.971	0
8	1.7320508	1	1	1	41.863161	86.336718	264.26762	0.971	0
8.1	1.7320508	1	1	1	41.860869	86.34875	264.26131	0.971	0
8.2	1.7320508	1	1	1	41.859724	86.333854	264.27392	0.971	0
8.3	1.7320508	1	1	1	41.862015	86.343594	264.26647	0.971	0
8.4	1.7320508	1	1	1	41.871756	86.281714	264.33007	0.971	0
8.5	1.7320508	1	1	1	41.887226	86.198063	264.41372	0.971	0
8.6	1.7320508	1	1	1	41.937646	86.343021	264.62801	0.971	0
8.7	1.7320508	1	1	1	42.268815	86.136756	84.774835	0.971	0
8.8	1.7320508	1	1	1	311.92395	84.793743	3.8697569	0.971	0
8.9	1.7320508	1	1	1	42.276264	86.147069	84.78343	0.971	0
9	1.7320508	1	1	1	42.278556	86.152226	84.786867	0.971	0
9.1	1.7320508	1	1	1	311.92453	84.794316	3.8697569	0.971	0
9.2	1.7320508	1	1	1	42.276264	86.147069	84.78343	0.971	0
9.3	1.7320508	1	1	1	312.01448	84.858487	3.6703676	0.971	0
9.4	1.7320508	1	1	1	42.343873	86.346459	84.847601	0.971	0
9.5	1.7320508	1	1	1	42.341581	86.353334	84.847028	0.971	0
9.6	1.7320508	1	1	1	312.01448	84.857914	3.6680758	0.971	0
9.7	1.7320508	1	1	1	42.343873	86.347032	84.847601	0.971	0
9.8	1.7320508	1	1	1	222.07157	92.852967	185.37878	0.971	0
9.9	1.7320508	1	1	1	339.7296	173.9179	207.80778	0.971	0
0.05	1.8186533	1	1	1	133.99936	92.175731	274.50694	0.971	0
0.15	1.8186533	1	1	1	133.81716	92.005563	274.38261	0.971	0
0.25	1.8186533	1	1	1	43.663968	94.3799	87.989129	0.971	0
0.35	1.8186533	1	1	1	133.8183	92.00499	274.38319	0.971	0
0.45	1.8186533	1	1	1	133.81773	92.005563	274.38319	0.971	0
0.55	1.8186533	1	1	1	133.81773	92.004417	274.38261	0.971	0
0.65	1.8186533	1	1	1	133.8183	92.00499	274.38319	0.971	0
0.75	1.8186533	1	1	1	84.090151	2.2162008	229.58304	0.971	0
0.85	1.8186533	1	1	1	79.759163	2.253443	233.92492	0.971	0
0.95	1.8186533	1	1	1	79.616496	2.2557348	234.06873	0.971	0
1.05	1.8186533	1	1	1	259.65301	177.74526	125.96821	0.971	0
1.15	1.8186533	1	1	1	79.759163	2.253443	233.92492	0.971	0
1.25	1.8186533	1	1	1	259.63754	177.74469	215.95295	0.971	0
1.35	1.8186533	1	1	1	79.666917	2.2545889	234.01774	0.971	0
1.45	1.8186533	1	1	1	133.706	91.32317	271.8255	0.971	0
1.55	1.8186533	1	1	1	133.46364	90.578325	269.90437	0.971	0
1.65	1.8186533	1	1	1	142.76905	0.58900061	350.6983	0.971	0
1.75	1.8186533	1	1	1	43.469162	89.904527	359.41757	0.971	0
1.85	1.8186533	1	1	1	133.46651	90.580617	269.90437	0.971	0
1.95	1.8186533	1	1	1	142.79827	0.58957357	350.6708	0.971	0
2.05	1.8186533	1	1	1	43.469162	89.904527	359.41757	0.971	0
2.15	1.8186533	1	1	1	142.68139	0.58957357	350.78711	0.971	0
2.25	1.8186533	1	1	1	142.79827	0.58957357	350.6708	0.971	0
2.35	1.8186533	1	1	1	43.470881	89.905099	359.41814	0.971	0
2.45	1.8186533	1	1	1	92.403768	2.7353005	221.35651	0.971	0
2.55	1.8186533	1	1	1	133.79137	92.053118	271.80545	0.971	0
2.65	1.8186533	1	1	1	133.79424	92.052545	1.8139844	0.971	0
2.75	1.8186533	1	1	1	43.727566	91.8056	87.946157	0.971	0
2.85	1.8186533	1	1	1	133.79424	92.051972	271.81175	0.971	0
2.95	1.8186533	1	1	1	133.79424	92.052545	1.8139844	0.971	0
3.05	1.8186533	1	1	1	43.73616	91.837113	87.951313	0.971	0
3.15	1.8186533	1	1	1	87.119379	4.3859919	226.47933	0.971	0
3.25	1.8186533	1	1	1	86.30406	4.2702544	227.35023	0.971	0
3.35	1.8186533	1	1	1	43.574586	93.139446	87.104482	0.971	0
3.45	1.8186533	1	1	1	43.574586	93.138873	87.108492	0.971	0
3.55	1.8186533	1	1	1	86.276558	4.2679626	227.37716	0.971	0
3.65	1.8186533	1	1	1	43.574586	93.139446	87.104482	0.971	0
3.75	1.8186533	1	1	1	43.574586	93.138873	87.108492	0.971	0
3.85	1.8186533	1	1	1	86.283433	4.2685356	227.37028	0.971	0
3.95	1.8186533	1	1	1	86.457612	4.2255637	227.18751	0.971	0
4.05	1.8186533	1	1	1	43.566565	93.071837	87.144589	0.971	0
4.15	1.8186533	1	1	1	43.55797	93.011677	87.177247	0.971	0
4.25	1.8186533	1	1	1	42.934592	91.818779	87.103909	0.971	0
4.35	1.8186533	1	1	1	100.72426	3.4257147	212.26711	0.971	0
4.45	1.8186533	1	1	1	97.739724	2.9232307	215.52953	0.971	0
4.55	1.8186533	1	1	1	97.553513	2.8665078	215.70085	0.971	0
4.65	1.8186533	1	1	1	97.408555	2.8052014	215.81487	0.971	0
4.75	1.8186533	1	1	1	97.65951	2.8000447	215.58396	0.971	0
4.85	1.8186533	1	1	1	277.59347	177.18319	324.35141	0.971	0
4.95	1.8186533	1	1	1	133.25738	92.270842	271.63012	0.971	0
5.05	1.8186533	1	1	1	133.38228	92.281728	271.58199	0.971	0
5.15	1.8186533	1	1	1	133.36624	92.280582	271.59231	0.971	0
5.25	1.8186533	1	1	1	133.37541	92.280582	271.58715	0.971	0
5.35	1.8186533	1	1	1	133.38228	92.281728	271.58199	0.971	0
5.45	1.8186533	1	1	1	133.36624	92.280582	271.59231	0.971	0
5.55	1.8186533	1	1	1	133.37541	92.280582	271.58715	0.971	0
5.65	1.8186533	1	1	1	43.975657	92.862708	358.51516	0.971	0
5.75	1.8186533	1	1	1	250.6507	176.73972	206.63723	0.971	0
5.85	1.8186533	1	1	1	44.013472	92.960683	88.594172	0.971	0
5.95	1.8186533	1	1	1	43.975657	92.862708	358.51516	0.971	0
6.05	1.8186533	1	1	1	44.061027	93.005947	88.654333	0.971	0
6.15	1.8186533	1	1	1	67.60329	3.2996639	246.51566	0.971	0
6.25	1.8186533	1	1	1	314.16021	88.688137	356.97391	0.971	0
6.35	1.8186533	1	1	1	43.405564	91.888106	87.46831	0.971	0
6.45	1.8186533	1	1	1	43.439368	91.991812	87.658532	0.971	0
6.55	1.8186533	1	1	1	43.44739	92.017595	87.711817	0.971	0
6.65	1.8186533	1	1	1	43.433639	91.96431	87.616133	0.971	0
6.75	1.8186533	1	1	1	42.594828	87.267202	264.92766	0.971	0
6.85	1.8186533	1	1	1	42.594828	87.267202	264.92594	0.971	0
6.95	1.8186533	1	1	1	42.594828	87.267202	264.92766	0.971	0
7.05	1.8186533	1	1	1	42.594828	87.267202	264.92766	0.971	0
7.15	1.8186533	1	1	1	312.50264	84.462573	2.3966825	0.971	0
7.25	1.8186533	1	1	1	42.735776	87.619571	264.44179	0.971	0
7.35	1.8186533	1	1	1	155.56148	6.0722067	337.06477	0.971	0
7.45	1.8186533	1	1	1	312.5078	84.406996	2.3714723	0.971	0
7.55	1.8186533	1	1	1	279.42521	177.16084	325.82047	0.971	0
7.65	1.8186533	1	1	1	278.9445	177.19006	325.31512	0.971	0
7.75	1.8186533	1	1	1	43.547657	91.590741	267.61197	0.971	0
7.85	1.8186533	1	1	1	279.42521	177.16084	325.82047	0.971	0
7.95	1.8186533	1	1	1	41.860297	86.336145	264.26933	0.971	0
8.05	1.8186533	1	1	1	41.860297	86.336145	264.26933	0.971	0
8.15	1.8186533	1	1	1	41.860297	86.336718	264.26876	0.971	0
8.25	1.8186533	1	1	1	41.860297	86.336145	264.26933	0.971	0
8.35	1.8186533	1	1	1	41.904987	86.116703	264.51341	0.971	0
8.45	1.8186533	1	1	1	41.894101	86.155091	264.46414	0.971	0
8.55	1.8186533	1	1	1	348.33141	173.45037	216.33855	0.971	0
8.65	1.8186533	1	1	1	348.54054	173.47271	216.48867	0.971	0
8.75	1.8186533	1	1	1	42.275118	86.143632	84.780565	0.971	0
8.85	1.8186533	1	1	1	168.64612	6.4910389	323.45129	0.971	0
8.95	1.8186533	1	1	1	311.9251	84.795462	3.869184	0.971	0
9.05	1.8186533	1	1	1	311.92453	84.794316	3.8697569	0.971	0
9.15	1.8186533	1	1	1	42.276837	86.147642	84.784003	0.971	0
9.25	1.8186533	1	1	1	311.9251	84.795462	3.868611	0.971	0
9.35	1.8186533	1	1	1	312.01391	84.857914	3.6709406	0.971	0
9.45	1.8186533	1	1	1	312.01391	84.859633	3.6715136	0.971	0
9.55	1.8186533	1	1	1	312.01391	84.858487	3.6720865	0.971	0
9.65	1.8186533	1	1	1	42.3433	86.344167	84.847601	0.971	0
9.75	1.8186533	1	1	1	42.3433	86.345886	84.848174	0.971	0
9.85	1.8186533	1	1	1	131.7929	95.37169	357.14293	0.971	0
9.95	1.8186533	1	1	1	339.73876	173.92306	207.82325	0.971	0
0	1.9052559	1	1	1	133.92888	92.078328	274.42387	0.971	0
0.1	1.9052559	1	1	1	133.92545	92.077182	274.42272	0.971	0
0.2	1.9052559	1	1	1	133.81773	92.00499	274.38319	0.971	0
0.3	1.9052559	1	1	1	133.81773	92.004417	274.38319	0.971	0
0.4	1.9052559	1	1	1	133.8183	92.00499	274.38319	0.971	0
0.5	1.9052559	1	1	1	133.81773	92.00499	274.38319	0.971	0
0.6	1.9052559	1	1	1	133.81773	92.004417	274.38319	0.971	0
0.7	1.9052559	1	1	1	133.8183	92.00499	274.38319	0.971	0
0.8	1.9052559	1	1	1	80.001524	2.2517241	233.68198	0.971	0
0.9	1.9052559	1	1	1	80.325245	2.2482864	233.35712	0.971	0
1	1.9052559	1	1	1	259.64327	177.74526	125.95847	0.971	0
1.1	1.9052559	1	1	1	133.70486	91.327181	271.82035	0.971	0
1.2	1.9052559	1	1	1	79.634831	2.2545889	234.05039	0.971	0
1.3	1.9052559	1	1	1	259.64327	177.74526	125.95847	0.971	0
1.4	1.9052559	1	1	1	133.706	91.323743	271.82607	0.971	0
1.5	1.9052559	1	1	1	79.634831	2.2545889	234.05039	0.971	0
1.6	1.9052559	1	1	1	322.88635	179.41429	9.4222909	0.971	0
1.7	1.9052559	1	1	1	43.468589	89.905672	359.41757	0.971	0
1.8	1.9052559	1	1	1	142.69743	0.58957357	350.77164	0.971	0
1.9	1.9052559	1	1	1	133.46823	90.582336	269.90495	0.971	0
2	1.9052559	1	1	1	43.468589	89.905672	359.41757	0.971	0
2.1	1.9052559	1	1	1	142.69743	0.58957357	350.77164	0.971	0
2.2	1.9052559	1	1	1	142.72264	0.59014653	350.74643	0.971	0
2.3	1.9052559	1	1	1	43.469162	89.905672	359.41814	0.971	0
2.4	1.9052559	1	1	1	322.61535	179.41027	9.1449794	0.971	0
2.5	1.9052559	1	1	1	133.79882	92.048535	271.82665	0.971	0
2.6	1.9052559	1	1	1	43.727566	91.806173	87.945584	0.971	0
2.7	1.9052559	1	1	1	43.727566	91.809038	87.945584	0.971	0
2.8	1.9052559	1	1	1	133.81315	92.040513	271.87363	0.971	0
2.9	1.9052559	1	1	1	43.737306	91.840551	87.952459	0.971	0
3	1.9052559	1	1	1	43.737306	91.839405	87.953605	0.971	0
3.1	1.9052559	1	1	1	133.81315	92.040513	271.87363	0.971	0
3.2	1.9052559	1	1	1	86.446726	4.2834325	227.20412	0.971	0
3.3	1.9052559	1	1	1	43.574013	93.140592	87.099898	0.971	0
3.4	1.9052559	1	1	1	43.574013	93.139446	87.103336	0.971	0
3.5	1.9052559	1	1	1	86.299476	4.2702544	227.35424	0.971	0
3.6	1.9052559	1	1	1	43.574013	93.140592	87.099898	0.971	0
3.7	1.9052559	1	1	1	43.574013	93.139446	87.103336	0.971	0
3.8	1.9052559	1	1	1	86.290309	4.2696815	227.3634	0.971	0
3.9	1.9052559	1	1	1	88.130649	4.0061209	225.42795	0.971	0
4	1.9052559	1	1	1	43.566565	93.083869	87.134276	0.971	0
4.1	1.9052559	1	1	1	43.496664	92.90969	87.160632	0.971	0
4.2	1.9052559	1	1	1	88.130649	4.0061209	225.42795	0.971	0
4.3	1.9052559	1	1	1	42.972408	91.824508	87.122243	0.971	0
4.4	1.9052559	1	1	1	134.18843	91.209151	274.35969	0.971	0
4.5	1.9052559	1	1	1	97.566118	2.8602053	215.70314	0.971	0
4.6	1.9052559	1	1	1	97.416003	2.8120769	215.82747	0.971	0
4.7	1.9052559	1	1	1	97.654927	2.8006177	215.59772	0.971	0
4.8	1.9052559	1	1	1	277.98594	177.20897	324.7118	0.971	0
4.9	1.9052559	1	1	1	277.43705	177.19579	324.21734	0.971	0
5	1.9052559	1	1	1	133.4052	92.283447	271.5608	0.971	0
5.1	1.9052559	1	1	1	133.39202	92.283447	271.57569	0.971	0
5.2	1.9052559	1	1	1	133.39718	92.282874	271.57225	0.971	0
5.3	1.9052559	1	1	1	133.40635	92.28402	271.56309	0.971	0
5.4	1.9052559	1	1	1	133.39202	92.283447	271.57569	0.971	0
5.5	1.9052559	1	1	1	133.39718	92.282874	271.57225	0.971	0
5.6	1.9052559	1	1	1	133.40635	92.28402	271.56309	0.971	0
5.7	1.9052559	1	1	1	249.49504	176.72482	205.44605	0.971	0
5.8	1.9052559	1	1	1	68.129838	3.299091	245.95932	0.971	0
5.9	1.9052559	1	1	1	44.075924	93.023709	88.677824	0.971	0
6	1.9052559	1	1	1	247.60829	176.70133	203.48883	0.971	0
6.1	1.9052559	1	1	1	247.61173	176.70305	203.48825	0.971	0
6.2	1.9052559	1	1	1	314.16365	88.689856	356.97448	0.971	0
6.3	1.9052559	1	1	1	67.449738	3.2973721	246.68354	0.971	0
6.4	1.9052559	1	1	1	247.44672	176.70419	203.31064	0.971	0
6.5	1.9052559	1	1	1	314.16365	88.689856	356.97448	0.971	0
6.6	1.9052559	1	1	1	43.439941	91.991812	87.659105	0.971	0
6.7	1.9052559	1	1	1	43.450254	92.022751	87.719265	0.971	0
6.8	1.9052559	1	1	1	43.791164	90.370341	268.90628	0.971	0
6.9	1.9052559	1	1	1	43.791164	90.369195	268.90571	0.971	0
7	1.9052559	1	1	1	43.791737	90.369768	268.90685	0.971	0
7.1	1.9052559	1	1	1	43.791164	90.370341	268.90628	0.971	0
7.2	1.9052559	1	1	1	43.791164	90.369195	268.90571	0.971	0
7.3	1.9052559	1	1	1	43.791737	90.369768	268.90685	0.971	0
7.4	1.9052559	1	1	1	43.792883	90.371487	268.90915	0.971	0
7.5	1.9052559	1	1	1	43.794029	90.37206	268.90915	0.971	0
7.6	1.9052559	1	1	1	279.31463	177.23418	325.68296	0.971	0
7.7	1.9052559	1	1	1	43.386656	91.521413	267.44982	0.971	0
7.8	1.9052559	1	1	1	283.26518	176.99927	329.89649	0.971	0
7.9	1.9052559	1	1	1	43.261178	91.479015	267.32664	0.971	0
8	1.9052559	1	1	1	43.26347	91.481879	87.328508	0.971	0
8.1	1.9052559	1	1	1	43.262897	91.482452	267.32836	0.971	0
8.2	1.9052559	1	1	1	43.261178	91.479015	267.32664	0.971	0
8.3	1.9052559	1	1	1	43.26347	91.481879	87.328508	0.971	0
8.4	1.9052559	1	1	1	41.902695	86.138475	264.49279	0.971	0
8.5	1.9052559	1	1	1	42.049946	87.980534	265.54875	0.971	0
8.6	1.9052559	1	1	1	42.05854	88.021787	85.558642	0.971	0
8.7	1.9052559	1	1	1	42.061405	88.036111	265.56193	0.971	0
8.8	1.9052559	1	1	1	42.268242	86.135037	84.772544	0.971	0
8.9	1.9052559	1	1	1	311.92567	84.796035	3.8680381	0.971	0
9	1.9052559	1	1	1	42.272253	86.139621	84.777127	0.971	0
9.1	1.9052559	1	1	1	168.62148	6.4807256	323.47994	0.971	0
9.2	1.9052559	1	1	1	311.92567	84.796035	3.8680381	0.971	0
9.3	1.9052559	1	1	1	312.01333	84.85906	3.6715136	0.971	0
9.4	1.9052559	1	1	1	312.01391	84.859633	3.6703676	0.971	0
9.5	1.9052559	1	1	1	312.01505	84.859633	3.665784	0.971	0
9.6	1.9052559	1	1	1	312.01391	84.85906	3.6715136	0.971	0
9.7	1.9052559	1	1	1	312.01391	84.859633	3.6703676	0.971	0
9.8	1.9052559	1	1	1	312.01505	84.859633	3.665211	0.971	0
9.9	1.9052559	1	1	1	339.74736	173.92191	207.82898	0.971	0
0.05	1.9918584	1	1	1	133.95123	92.092079	274.43131	0.971	0
0.15	1.9918584	1	1	1	133.81773	92.006136	274.38261	0.971	0
0.25	1.9918584	1	1	1	133.81773	92.005563	274.38319	0.971	0
0.35	1.9918584	1	1	1	133.81716	92.006136	274.38204	0.971	0
0.45	1.9918584	1	1	1	133.81773	92.006136	274.38261	0.971	0
0.55	1.9918584	1	1	1	133.81773	92.005563	274.38319	0.971	0
0.65	1.9918584	1	1	1	133.81716	92.00499	274.38261	0.971	0
0.75	1.9918584	1	1	1	133.87216	91.988947	274.47199	0.971	0
0.85	1.9918584	1	1	1	313.70528	88.672667	358.17884	0.971	0
0.95	1.9918584	1	1	1	79.676657	2.253443	234.008	0.971	0
1.05	1.9918584	1	1	1	43.663395	91.824508	358.67559	0.971	0
1.15	1.9918584	1	1	1	313.70585	88.675532	358.1754	0.971	0
1.25	1.9918584	1	1	1	79.676657	2.253443	234.008	0.971	0
1.35	1.9918584	1	1	1	43.663395	91.824508	358.67559	0.971	0
1.45	1.9918584	1	1	1	259.66333	177.74526	215.97873	0.971	0
1.55	1.9918584	1	1	1	43.46687	89.906245	359.41986	0.971	0
1.65	1.9918584	1	1	1	43.465151	89.904527	359.42101	0.971	0
1.75	1.9918584	1	1	1	43.468016	89.905099	359.41872	0.971	0
1.85	1.9918584	1	1	1	43.46687	89.906245	359.41986	0.971	0
1.95	1.9918584	1	1	1	43.469735	89.906818	359.41814	0.971	0
2.05	1.9918584	1	1	1	43.468589	89.905672	359.41814	0.971	0
2.15	1.9918584	1	1	1	133.46937	90.582336	269.90495	0.971	0
2.25	1.9918584	1	1	1	43.469735	89.906818	359.41814	0.971	0
2.35	1.9918584	1	1	1	322.47898	179.41027	9.0091884	0.971	0
2.45	1.9918584	1	1	1	133.47166	90.583481	269.91297	0.971	0
2.55	1.9918584	1	1	1	313.80555	87.961627	358.15878	0.971	0
2.65	1.9918584	1	1	1	43.729858	91.812476	87.950167	0.971	0
2.75	1.9918584	1	1	1	91.987228	2.7479056	221.77993	0.971	0
2.85	1.9918584	1	1	1	313.80555	87.961627	358.15878	0.971	0
2.95	1.9918584	1	1	1	43.744182	91.862896	87.957043	0.971	0
3.05	1.9918584	1	1	1	91.120916	2.7702509	222.66114	0.971	0
3.15	1.9918584	1	1	1	86.520638	4.2885891	227.12964	0.971	0
3.25	1.9918584	1	1	1	86.314946	4.2714004	227.33877	0.971	0
3.35	1.9918584	1	1	1	313.73335	87.10792	356.85645	0.971	0
3.45	1.9918584	1	1	1	86.287444	4.2685356	227.36627	0.971	0
3.55	1.9918584	1	1	1	86.314946	4.2714004	227.33877	0.971	0
3.65	1.9918584	1	1	1	313.73335	87.10792	356.85645	0.971	0
3.75	1.9918584	1	1	1	86.287444	4.2685356	227.36627	0.971	0
3.85	1.9918584	1	1	1	86.299476	4.2696815	227.35366	0.971	0
3.95	1.9918584	1	1	1	43.555106	92.970424	87.201885	0.971	0
4.05	1.9918584	1	1	1	43.565992	93.071837	87.144589	0.971	0
4.15	1.9918584	1	1	1	86.746383	4.127588	226.88556	0.971	0
4.25	1.9918584	1	1	1	43.555106	92.970424	87.201885	0.971	0
4.35	1.9918584	1	1	1	134.22338	91.296241	274.27031	0.971	0
4.45	1.9918584	1	1	1	61.72016	4.4581846	252.48187	0.971	0
4.55	1.9918584	1	1	1	63.160003	4.4020347	251.08042	0.971	0
4.65	1.9918584	1	1	1	44.195672	94.134101	88.568962	0.971	0
4.75	1.9918584	1	1	1	277.40898	177.18605	324.15889	0.971	0
4.85	1.9918584	1	1	1	277.4233	177.19293	324.19155	0.971	0
4.95	1.9918584	1	1	1	278.95883	177.23246	325.58842	0.971	0
5.05	1.9918584	1	1	1	277.80317	177.20095	324.52616	0.971	0
5.15	1.9918584	1	1	1	133.37655	92.281155	271.5797	0.971	0
5.25	1.9918584	1	1	1	278.95883	177.23246	325.58842	0.971	0
5.35	1.9918584	1	1	1	69.451079	3.2343468	244.5126	0.971	0
5.45	1.9918584	1	1	1	69.761622	3.3036746	244.24618	0.971	0
5.55	1.9918584	1	1	1	43.977949	92.960683	358.56157	0.971	0
5.65	1.9918584	1	1	1	248.71238	176.65664	204.68975	0.971	0
5.75	1.9918584	1	1	1	69.761622	3.3036746	244.24618	0.971	0
5.85	1.9918584	1	1	1	44.058163	93.028292	88.664646	0.971	0
5.95	1.9918584	1	1	1	44.086238	93.028292	88.688137	0.971	0
6.05	1.9918584	1	1	1	67.476667	3.2979451	246.6526	0.971	0
6.15	1.9918584	1	1	1	314.16766	88.696159	356.97104	0.971	0
6.25	1.9918584	1	1	1	67.399317	3.2962262	246.73797	0.971	0
6.35	1.9918584	1	1	1	67.422236	3.2956532	246.71563	0.971	0
6.45	1.9918584	1	1	1	314.16766	88.696159	356.97104	0.971	0
6.55	1.9918584	1	1	1	67.321395	3.2956532	246.8199	0.971	0
6.65	1.9918584	1	1	1	247.34015	176.70477	113.19984	0.971	0
6.75	1.9918584	1	1	1	314.17281	88.697304	356.97333	0.971	0
6.85	1.9918584	1	1	1	43.787727	90.371487	268.90342	0.971	0
6.95	1.9918584	1	1	1	43.791164	90.368622	268.90514	0.971	0
7.05	1.9918584	1	1	1	43.795748	90.370914	268.91373	0.971	0
7.15	1.9918584	1	1	1	43.787727	90.371487	268.90342	0.971	0
7.25	1.9918584	1	1	1	43.791164	90.368622	268.90514	0.971	0
7.35	1.9918584	1	1	1	43.794602	90.374925	268.90685	0.971	0
7.45	1.9918584	1	1	1	43.794602	90.379509	268.90227	0.971	0
7.55	1.9918584	1	1	1	134.17698	91.63314	2.2270869	0.971	0
7.65	1.9918584	1	1	1	80.301181	2.7628025	233.84642	0.971	0
7.75	1.9918584	1	1	1	80.161379	2.769678	233.98737	0.971	0
7.85	1.9918584	1	1	1	80.105802	2.7742616	234.04352	0.971	0
7.95	1.9918584	1	1	1	80.293732	2.769105	233.85272	0.971	0
8.05	1.9918584	1	1	1	43.261178	91.479587	87.326789	0.971	0
8.15	1.9918584	1	1	1	43.252584	91.469274	267.31919	0.971	0
8.25	1.9918584	1	1	1	43.264043	91.489328	267.3295	0.971	0
8.35	1.9918584	1	1	1	43.274356	91.493338	87.348562	0.971	0
8.45	1.9918584	1	1	1	41.888371	86.207803	264.41487	0.971	0
8.55	1.9918584	1	1	1	42.059686	88.026371	85.559788	0.971	0
8.65	1.9918584	1	1	1	42.066561	88.0533	265.56594	0.971	0
8.75	1.9918584	1	1	1	42.055102	88.001161	85.553485	0.971	0
8.85	1.9918584	1	1	1	42.269961	86.138475	84.776554	0.971	0
8.95	1.9918584	1	1	1	42.252773	86.361928	264.87151	0.971	0
9.05	1.9918584	1	1	1	42.276264	86.147069	84.782857	0.971	0
9.15	1.9918584	1	1	1	42.284858	86.171134	84.79317	0.971	0
9.25	1.9918584	1	1	1	42.024162	87.797761	266.42709	0.971	0
9.35	1.9918584	1	1	1	42.031038	87.798334	266.50444	0.971	0
9.45	1.9918584	1	1	1	42.033903	87.800625	266.54455	0.971	0
9.55	1.9918584	1	1	1	42.024162	87.797761	266.42709	0.971	0
9.65	1.9918584	1	1	1	131.91035	93.420768	267.77641	0.971	0
9.75	1.9918584	1	1	1	131.83472	95.328718	357.02032	0.971	0
9.85	1.9918584	1	1	1	131.79003	95.369398	267.14845	0.971	0
9.95	1.9918584	1	1	1	311.78186	84.629877	2.8458814	0.971	0
0	2.078461	1	1	1	133.85956	92.034211	274.39866	0.971	0
0.1	2.078461	1	1	1	133.92487	92.077182	274.42272	0.971	0
0.2	2.078461	1	1	1	133.81773	92.005563	274.38261	0.971	0
0.3	2.078461	1	1	1	133.81773	92.005563	274.38319	0.971	0
0.4	2.078461	1	1	1	133.81773	92.004417	274.38261	0.971	0
0.5	2.078461	1	1	1	133.81773	92.005563	274.38261	0.971	0
0.6	2.078461	1	1	1	133.81773	92.005563	274.38319	0.971	0
0.7	2.078461	1	1	1	133.81773	92.004417	274.38261	0.971	0
0.8	2.078461	1	1	1	133.82403	92.001552	274.39293	0.971	0
0.9	2.078461	1	1	1	134.16666	91.697884	275.10053	0.971	0
1	2.078461	1	1	1	79.759163	2.253443	233.92492	0.971	0
1.1	2.078461	1	1	1	259.63754	177.74469	215.95295	0.971	0
1.2	2.078461	1	1	1	79.666917	2.2545889	234.01774	0.971	0
1.3	2.078461	1	1	1	133.706	91.32317	271.8255	0.971	0
1.4	2.078461	1	1	1	259.63754	177.74469	215.95295	0.971	0
1.5	2.078461	1	1	1	79.666917	2.2545889	234.01774	0.971	0
1.6	2.078461	1	1	1	43.642768	91.614233	358.75867	0.971	0
1.7	2.078461	1	1	1	226.32177	176.97177	181.66601	0.971	0
1.8	2.078461	1	1	1	226.29369	176.97177	181.63851	0.971	0
1.9	2.078461	1	1	1	43.468589	89.905672	359.41814	0.971	0
2	2.078461	1	1	1	142.68139	0.58957357	350.78711	0.971	0
2.1	2.078461	1	1	1	142.65962	0.58957357	350.80945	0.971	0
2.2	2.078461	1	1	1	43.468589	89.909683	359.41814	0.971	0
2.3	2.078461	1	1	1	44.062746	92.648421	0.28361411	0.971	0
2.4	2.078461	1	1	1	44.062173	92.652432	0.28418707	0.971	0
2.5	2.078461	1	1	1	134.04863	89.71545	272.65457	0.971	0
2.6	2.078461	1	1	1	44.062746	92.648421	0.28361411	0.971	0
2.7	2.078461	1	1	1	224.06145	87.342832	179.71623	0.971	0
2.8	2.078461	1	1	1	224.06546	87.333092	179.72368	0.971	0
2.9	2.078461	1	1	1	218.04367	177.31955	173.9878	0.971	0
3	2.078461	1	1	1	44.063319	92.662172	0.28017636	0.971	0
3.1	2.078461	1	1	1	224.06603	87.329081	179.72597	0.971	0
3.2	2.078461	1	1	1	87.333092	3.9677327	226.34411	0.971	0
3.3	2.078461	1	1	1	224.3485	86.614603	180.15054	0.971	0
3.4	2.078461	1	1	1	86.30406	4.2702544	227.35023	0.971	0
3.5	2.078461	1	1	1	43.574586	93.139446	87.104482	0.971	0
3.6	2.078461	1	1	1	43.574586	93.138873	87.109065	0.971	0
3.7	2.078461	1	1	1	86.276558	4.2679626	227.37716	0.971	0
3.8	2.078461	1	1	1	86.287444	4.2679626	227.36627	0.971	0
3.9	2.078461	1	1	1	43.574586	93.138873	87.109065	0.971	0
4	2.078461	1	1	1	43.55797	93.011677	87.177247	0.971	0
4.1	2.078461	1	1	1	238.65239	175.4328	194.53292	0.971	0
4.2	2.078461	1	1	1	60.558774	4.4971457	253.60888	0.971	0
4.3	2.078461	1	1	1	134.25089	91.335775	274.2537	0.971	0
4.4	2.078461	1	1	1	238.65239	175.4328	194.53292	0.971	0
4.5	2.078461	1	1	1	44.20484	94.152436	88.546044	0.971	0
4.6	2.078461	1	1	1	44.222029	94.127798	88.528282	0.971	0
4.7	2.078461	1	1	1	134.33683	91.473858	274.09327	0.971	0
4.8	2.078461	1	1	1	97.327195	2.8120769	215.92487	0.971	0
4.9	2.078461	1	1	1	64.724177	2.6562323	248.97079	0.971	0
5	2.078461	1	1	1	64.347744	2.6722752	249.35582	0.971	0
5.1	2.078461	1	1	1	244.79908	177.28174	201.07553	0.971	0
5.2	2.078461	1	1	1	64.724177	2.6562323	248.97079	0.971	0
5.3	2.078461	1	1	1	64.347744	2.6722752	249.35582	0.971	0
5.4	2.078461	1	1	1	244.79908	177.28174	201.07553	0.971	0
5.5	2.078461	1	1	1	43.979667	93.000217	358.5822	0.971	0
5.6	2.078461	1	1	1	250.6507	176.73972	206.63723	0.971	0
5.7	2.078461	1	1	1	134.07212	91.368434	273.06767	0.971	0
5.8	2.078461	1	1	1	248.59493	176.66008	204.56599	0.971	0
5.9	2.078461	1	1	1	134.14031	91.321451	273.03559	0.971	0
6	2.078461	1	1	1	247.45474	176.70018	203.32782	0.971	0
6.1	2.078461	1	1	1	314.17052	88.699596	356.96932	0.971	0
6.2	2.078461	1	1	1	67.367805	3.2962262	246.7712	0.971	0
6.3	2.078461	1	1	1	247.35734	176.70362	113.21761	0.971	0
6.4	2.078461	1	1	1	314.17453	88.701888	356.9699	0.971	0
6.5	2.078461	1	1	1	67.327125	3.2950803	246.81532	0.971	0
6.6	2.078461	1	1	1	247.33614	176.70362	113.19641	0.971	0
6.7	2.078461	1	1	1	314.17453	88.701888	356.9699	0.971	0
6.8	2.078461	1	1	1	67.327125	3.2950803	246.81532	0.971	0
6.9	2.078461	1	1	1	43.781424	90.374925	268.8954	0.971	0
7	2.078461	1	1	1	43.796321	90.370914	268.91258	0.971	0
7.1	2.078461	1	1	1	43.795175	90.369768	268.91316	0.971	0
7.2	2.078461	1	1	1	43.793456	90.369768	268.90685	0.971	0
7.3	2.078461	1	1	1	43.796321	90.370914	268.91258	0.971	0
7.4	2.078461	1	1	1	43.80205	90.37779	268.91717	0.971	0
7.5	2.078461	1	1	1	260.27983	177.23876	306.13078	0.971	0
7.6	2.078461	1	1	1	80.186589	2.7713969	233.96273	0.971	0
7.7	2.078461	1	1	1	80.137888	2.7742616	234.01029	0.971	0
7.8	2.078461	1	1	1	44.117177	92.245059	88.370146	0.971	0
7.9	2.078461	1	1	1	80.186589	2.7713969	233.96273	0.971	0
8	2.078461	1	1	1	80.137888	2.7742616	234.01029	0.971	0
8.1	2.078461	1	1	1	44.105718	92.266831	88.356968	0.971	0
8.2	2.078461	1	1	1	79.665771	2.9358357	234.40563	0.971	0
8.3	2.078461	1	1	1	43.271492	91.499068	267.3444	0.971	0
8.4	2.078461	1	1	1	43.921799	92.312668	88.167318	0.971	0
8.5	2.078461	1	1	1	81.566845	2.9266684	232.42835	0.971	0
8.6	2.078461	1	1	1	331.91961	100.73916	199.35952	0.314	0
8.7	2.078461	1	1	1	131.91895	94.429747	268.0606	0.971	0
8.8	2.078461	1	1	1	131.91952	94.424591	268.07721	0.971	0
8.9	2.078461	1	1	1	131.92124	94.425164	268.07607	0.971	0
9	2.078461	1	1	1	42.06828	88.083094	265.57281	0.971	0
9.1	2.078461	1	1	1	42.066561	88.082521	265.57281	0.971	0
9.2	2.078461	1	1	1	131.89259	93.975965	267.49509	0.971	0
9.3	2.078461	1	1	1	42.030465	87.786302	86.459331	0.971	0
9.4	2.078461	1	1	1	131.90348	93.46947	267.77698	0.971	0
9.5	2.078461	1	1	1	42.045362	87.773696	266.58007	0.971	0
9.6	2.078461	1	1	1	42.052237	87.759373	356.60836	0.971	0
9.7	2.078461	1	1	1	131.91379	93.412747	267.76552	0.971	0
9.8	2.078461	1	1	1	131.92181	93.409882	267.73688	0.971	0
9.9	2.078461	1	1	1	131.92009	93.38811	267.75464	0.971	0
0.05	2.1650635	1	1	1	133.89336	92.05541	274.41069	0.971	0
0.15	2.1650635	1	1	1	133.92888	92.078328	274.42387	0.971	0
0.25	2.1650635	1	1	1	133.81773	92.00499	274.38319	0.971	0
0.35	2.1650635	1	1	1	133.81773	92.00499	274.38319	0.971	0
0.45	2.1650635	1	1	1	133.81773	92.004417	274.38319	0.971	0
0.55	2.1650635	1	1	1	133.8183	92.00499	274.38319	0.971	0
0.65	2.1650635	1	1	1	133.8183	92.00499	274.38376	0.971	0
0.75	2.1650635	1	1	1	133.81773	92.003271	274.38319	0.971	0
0.85	2.1650635	1	1	1	134.11739	91.619962	275.06042	0.971	0
0.95	2.1650635	1	1	1	134.09332	91.585585	275.03578	0.971	0
1.05	2.1650635	1	1	1	134.09562	91.591314	275.0375	0.971	0
1.15	2.1650635	1	1	1	134.07556	91.553499	275.01344	0.971	0
1.25	2.1650635	1	1	1	134.06869	91.546051	275.00484	0.971	0
1.35	2.1650635	1	1	1	79.634831	2.2545889	234.05039	0.971	0
1.45	2.1650635	1	1	1	44.65232	93.030011	359.9063	0.971	0
1.55	2.1650635	1	1	1	44.653466	93.027719	359.91146	0.971	0
1.65	2.1650635	1	1	1	44.654039	93.024855	359.91547	0.971	0
1.75	2.1650635	1	1	1	44.65232	93.030011	359.9063	0.971	0
1.85	2.1650635	1	1	1	44.653466	93.027719	359.91146	0.971	0
1.95	2.1650635	1	1	1	44.654039	93.024855	359.91547	0.971	0
2.05	2.1650635	1	1	1	226.24556	176.97406	181.58981	0.971	0
2.15	2.1650635	1	1	1	44.063892	92.645557	0.28476002	0.971	0
2.25	2.1650635	1	1	1	217.93252	177.33273	173.87722	0.971	0
2.35	2.1650635	1	1	1	37.933817	2.6728481	276.12097	0.971	0
2.45	2.1650635	1	1	1	37.942411	2.6728481	276.11295	0.971	0
2.55	2.1650635	1	1	1	217.95601	177.32528	173.90071	0.971	0
2.65	2.1650635	1	1	1	224.06145	87.33653	179.71623	0.971	0
2.75	2.1650635	1	1	1	134.04863	89.717169	272.66087	0.971	0
2.85	2.1650635	1	1	1	218.09295	177.31726	174.03593	0.971	0
2.95	2.1650635	1	1	1	224.06202	87.331373	179.71853	0.971	0
3.05	2.1650635	1	1	1	224.06259	87.329654	179.72082	0.971	0
3.15	2.1650635	1	1	1	218.09295	177.31726	174.03593	0.971	0
3.25	2.1650635	1	1	1	44.490746	93.742198	359.6416	0.971	0
3.35	2.1650635	1	1	1	134.51617	90.353725	273.74491	0.971	0
3.45	2.1650635	1	1	1	44.493611	93.745636	359.64561	0.971	0
3.55	2.1650635	1	1	1	44.494183	93.746209	359.64675	0.971	0
3.65	2.1650635	1	1	1	134.51731	90.350288	273.74663	0.971	0
3.75	2.1650635	1	1	1	134.51789	90.351434	273.7472	0.971	0
3.85	2.1650635	1	1	1	229.85577	176.23666	185.34955	0.971	0
3.95	2.1650635	1	1	1	134.51674	90.352007	273.74606	0.971	0
4.05	2.1650635	1	1	1	58.696088	4.5670466	255.42459	0.971	0
4.15	2.1650635	1	1	1	60.588568	4.4959998	253.58253	0.971	0
4.25	2.1650635	1	1	1	134.18843	91.209151	274.35969	0.971	0
4.35	2.1650635	1	1	1	58.696088	4.5670466	255.42459	0.971	0
4.45	2.1650635	1	1	1	63.849844	4.3779705	250.42381	0.971	0
4.55	2.1650635	1	1	1	44.228331	94.120923	88.523125	0.971	0
4.65	2.1650635	1	1	1	134.34886	91.481879	274.10416	0.971	0
4.75	2.1650635	1	1	1	44.248385	94.091129	88.511666	0.971	0
4.85	2.1650635	1	1	1	44.228331	94.107172	88.524271	0.971	0
4.95	2.1650635	1	1	1	64.780327	2.6676915	248.91865	0.971	0
5.05	2.1650635	1	1	1	64.767149	2.7249873	248.95818	0.971	0
5.15	2.1650635	1	1	1	65.339534	2.8057743	248.42304	0.971	0
5.25	2.1650635	1	1	1	64.780327	2.6676915	248.91865	0.971	0
5.35	2.1650635	1	1	1	244.69882	177.27887	200.97469	0.971	0
5.45	2.1650635	1	1	1	248.14745	176.63773	204.11621	0.971	0
5.55	2.1650635	1	1	1	248.1062	176.6406	204.0721	0.971	0
5.65	2.1650635	1	1	1	68.038738	3.352949	246.00287	0.971	0
5.75	2.1650635	1	1	1	248.09932	176.64117	204.06465	0.971	0
5.85	2.1650635	1	1	1	134.07155	91.369007	273.0671	0.971	0
5.95	2.1650635	1	1	1	247.56131	176.69961	203.44242	0.971	0
6.05	2.1650635	1	1	1	44.075924	93.023709	88.677824	0.971	0
6.15	2.1650635	1	1	1	67.449738	3.2973721	246.68354	0.971	0
6.25	2.1650635	1	1	1	247.44672	176.70419	203.31064	0.971	0
6.35	2.1650635	1	1	1	314.1625	88.693294	356.97104	0.971	0
6.45	2.1650635	1	1	1	67.449738	3.2973721	246.68354	0.971	0
6.55	2.1650635	1	1	1	247.44672	176.70419	203.31064	0.971	0
6.65	2.1650635	1	1	1	314.17339	88.701315	356.96875	0.971	0
6.75	2.1650635	1	1	1	67.32426	3.2967992	246.81589	0.971	0
6.85	2.1650635	1	1	1	247.2691	176.70591	113.12536	0.971	0
6.95	2.1650635	1	1	1	43.785435	90.373779	268.90284	0.971	0
7.05	2.1650635	1	1	1	43.794602	90.368622	268.91258	0.971	0
7.15	2.1650635	1	1	1	43.796321	90.369195	268.91258	0.971	0
7.25	2.1650635	1	1	1	43.796894	90.378363	268.90857	0.971	0
7.35	2.1650635	1	1	1	43.803769	90.381227	268.91774	0.971	0
7.45	2.1650635	1	1	1	80.301181	2.755354	233.84757	0.971	0
7.55	2.1650635	1	1	1	80.188308	2.7685321	233.96101	0.971	0
7.65	2.1650635	1	1	1	80.254198	2.7628025	233.89455	0.971	0
7.75	2.1650635	1	1	1	80.301181	2.755354	233.84757	0.971	0
7.85	2.1650635	1	1	1	80.122991	2.7748346	234.02633	0.971	0
7.95	2.1650635	1	1	1	80.157368	2.7713969	233.99138	0.971	0
8.05	2.1650635	1	1	1	44.026077	92.40606	88.280764	0.971	0
8.15	2.1650635	1	1	1	44.012326	92.420957	88.268159	0.971	0
8.25	2.1650635	1	1	1	134.08645	91.729397	272.42539	0.971	0
8.35	2.1650635	1	1	1	134.0853	91.729397	272.42195	0.971	0
8.45	2.1650635	1	1	1	134.0853	91.730543	272.42195	0.971	0
8.55	2.1650635	1	1	1	81.146294	2.9467219	232.85864	0.971	0
8.65	2.1650635	1	1	1	82.359245	2.8865614	231.61361	0.971	0
8.75	2.1650635	1	1	1	42.065415	88.064186	265.56823	0.971	0
8.85	2.1650635	1	1	1	42.065415	88.065905	265.56938	0.971	0
8.95	2.1650635	1	1	1	42.065415	88.064186	265.56823	0.971	0
9.05	2.1650635	1	1	1	42.065415	88.064186	265.56823	0.971	0
9.15	2.1650635	1	1	1	131.88801	93.771992	267.6664	0.971	0
9.25	2.1650635	1	1	1	222.06469	92.393455	183.76361	0.971	0
9.35	2.1650635	1	1	1	42.067707	87.614987	266.29302	0.971	0
9.45	2.1650635	1	1	1	42.06828	87.556545	266.1366	0.971	0
9.55	2.1650635	1	1	1	131.9115	93.420196	267.77183	0.971	0
9.65	2.1650635	1	1	1	131.91895	93.415039	267.74604	0.971	0
9.75	2.1650635	1	1	1	131.91895	93.416185	267.74604	0.971	0
9.85	2.1650635	1	1	1	131.9115	93.420196	267.77183	0.971	0
9.95	2.1650635	1	1	1	131.91895	93.415039	267.74604	0.971	0
0	2.251666	1	1	1	134.2973	91.874928	275.18876	0.971	0
0.1	2.251666	1	1	1	134.31105	91.884669	275.18991	0.971	0
0.2	2.251666	1	1	1	134.31219	91.866907	275.18819	0.971	0
0.3	2.251666	1	1	1	134.30704	91.873782	275.17616	0.971	0
0.4	2.251666	1	1	1	134.30704	91.874355	275.17731	0.971	0
0.5	2.251666	1	1	1	134.31219	91.866907	275.18819	0.971	0
0.6	2.251666	1	1	1	134.30073	91.864042	275.17329	0.971	0
0.7	2.251666	1	1	1	134.27896	91.850864	275.15439	0.971	0
0.8	2.251666	1	1	1	134.26464	91.829665	275.1498	0.971	0
0.9	2.251666	1	1	1	134.23313	91.788985	275.13777	0.971	0
1	2.251666	1	1	1	43.945863	95.018175	88.42916	0.971	0
1.1	2.251666	1	1	1	134.0641	91.527143	274.99912	0.971	0
1.2	2.251666	1	1	1	134.07041	91.543186	275.00599	0.971	0
1.3	2.251666	1	1	1	43.932112	94.999267	88.458954	0.971	0
1.4	2.251666	1	1	1	134.0641	91.527143	274.99912	0.971	0
1.5	2.251666	1	1	1	134.65769	90.087873	273.02871	0.971	0
1.6	2.251666	1	1	1	134.65769	90.085581	273.02699	0.971	0
1.7	2.251666	1	1	1	134.65711	90.086154	273.02642	0.971	0
1.8	2.251666	1	1	1	134.65711	90.083862	273.02585	0.971	0
1.9	2.251666	1	1	1	134.65769	90.085581	273.02699	0.971	0
2	2.251666	1	1	1	134.65711	90.083862	273.0247	0.971	0
2.1	2.251666	1	1	1	134.65711	90.083862	273.02585	0.971	0
2.2	2.251666	1	1	1	134.04978	89.714877	272.64942	0.971	0
2.3	2.251666	1	1	1	217.92794	177.32872	173.87321	0.971	0
2.4	2.251666	1	1	1	37.914909	2.6688374	276.14102	0.971	0
2.5	2.251666	1	1	1	134.04978	89.714877	272.64942	0.971	0
2.6	2.251666	1	1	1	217.97836	177.32299	173.92363	0.971	0
2.7	2.251666	1	1	1	44.0616	92.658735	0.28418707	0.971	0
2.8	2.251666	1	1	1	38.063878	2.6831614	275.99205	0.971	0
2.9	2.251666	1	1	1	224.06202	87.330227	179.72024	0.971	0
3	2.251666	1	1	1	224.06259	87.330227	179.71967	0.971	0
3.1	2.251666	1	1	1	38.113725	2.6871721	275.9422	0.971	0
3.2	2.251666	1	1	1	224.06202	87.330227	179.72024	0.971	0
3.3	2.251666	1	1	1	134.51559	90.353725	273.74434	0.971	0
3.4	2.251666	1	1	1	134.51789	90.351434	273.7472	0.971	0
3.5	2.251666	1	1	1	44.493611	93.745636	359.64618	0.971	0
3.6	2.251666	1	1	1	134.51731	90.350861	273.74663	0.971	0
3.7	2.251666	1	1	1	134.51789	90.351434	273.74663	0.971	0
3.8	2.251666	1	1	1	229.85921	176.23666	185.35299	0.971	0
3.9	2.251666	1	1	1	134.51789	90.350861	273.74778	0.971	0
4	2.251666	1	1	1	134.51789	90.350861	273.7472	0.971	0
4.1	2.251666	1	1	1	134.22797	91.28822	274.30641	0.971	0
4.2	2.251666	1	1	1	134.27724	91.385622	274.2176	0.971	0
4.3	2.251666	1	1	1	63.796559	4.3928674	250.47308	0.971	0
4.4	2.251666	1	1	1	64.081319	4.3733869	250.20838	0.971	0
4.5	2.251666	1	1	1	44.242655	94.103734	358.51402	0.971	0
4.6	2.251666	1	1	1	134.35287	91.483598	274.09843	0.971	0
4.7	2.251666	1	1	1	64.081319	4.3733869	250.20838	0.971	0
4.8	2.251666	1	1	1	64.325399	4.3476037	249.98091	0.971	0
4.9	2.251666	1	1	1	68.520023	2.6482109	245.13999	0.971	0
5	2.251666	1	1	1	68.553254	2.6865991	245.13426	0.971	0
5.1	2.251666	1	1	1	64.774025	2.7301439	248.9536	0.971	0
5.2	2.251666	1	1	1	65.317189	2.809785	248.44653	0.971	0
5.3	2.251666	1	1	1	247.60772	176.88811	203.70082	0.971	0
5.4	2.251666	1	1	1	64.774025	2.7301439	248.9536	0.971	0
5.5	2.251666	1	1	1	68.109785	3.3609704	245.92323	0.971	0
5.6	2.251666	1	1	1	43.998575	93.066681	88.630841	0.971	0
5.7	2.251666	1	1	1	43.999721	93.067254	88.631414	0.971	0
5.8	2.251666	1	1	1	68.109785	3.3609704	245.92323	0.971	0
5.9	2.251666	1	1	1	43.998575	93.067254	88.630841	0.971	0
6	2.251666	1	1	1	43.999721	93.067254	88.631414	0.971	0
6.1	2.251666	1	1	1	67.363794	3.2979451	246.7712	0.971	0
6.2	2.251666	1	1	1	247.38026	176.70305	203.24245	0.971	0
6.3	2.251666	1	1	1	314.16766	88.696159	356.97104	0.971	0
6.4	2.251666	1	1	1	67.363794	3.2979451	246.7712	0.971	0
6.5	2.251666	1	1	1	247.38026	176.70305	203.24245	0.971	0
6.6	2.251666	1	1	1	314.17453	88.703607	356.96818	0.971	0
6.7	2.251666	1	1	1	67.321395	3.2956532	246.8199	0.971	0
6.8	2.251666	1	1	1	247.34015	176.70477	113.19984	0.971	0
6.9	2.251666	1	1	1	314.18198	88.714493	356.97505	0.971	0
7	2.251666	1	1	1	45.98502	2.8854155	268.68856	0.971	0
7.1	2.251666	1	1	1	43.80205	90.370914	268.92175	0.971	0
7.2	2.251666	1	1	1	43.802623	90.378363	268.91717	0.971	0
7.3	2.251666	1	1	1	43.80778	90.385238	268.92118	0.971	0
7.4	2.251666	1	1	1	43.814656	90.381227	268.93608	0.971	0
7.5	2.251666	1	1	1	80.301181	2.7628025	233.84642	0.971	0
7.6	2.251666	1	1	1	80.09377	2.7771264	234.05498	0.971	0
7.7	2.251666	1	1	1	80.105802	2.7742616	234.04352	0.971	0
7.8	2.251666	1	1	1	80.301181	2.7628025	233.84642	0.971	0
7.9	2.251666	1	1	1	80.09377	2.7771264	234.05498	0.971	0
8	2.251666	1	1	1	80.105802	2.7742616	234.04352	0.971	0
8.1	2.251666	1	1	1	80.051371	2.7811371	234.09795	0.971	0
8.2	2.251666	1	1	1	44.012326	92.419811	88.268159	0.971	0
8.3	2.251666	1	1	1	259.62036	177.02505	215.57079	0.971	0
8.4	2.251666	1	1	1	134.08588	91.729397	272.42195	0.971	0
8.5	2.251666	1	1	1	81.708938	2.9232307	232.28225	0.971	0
8.6	2.251666	1	1	1	82.209703	2.9014583	231.76601	0.971	0
8.7	2.251666	1	1	1	82.116884	2.9014583	231.86399	0.971	0
8.8	2.251666	1	1	1	43.92008	92.243913	88.190237	0.971	0
8.9	2.251666	1	1	1	82.413676	2.8940098	231.55631	0.971	0
9	2.251666	1	1	1	43.92008	92.243913	88.190237	0.971	0
9.1	2.251666	1	1	1	43.718399	91.853156	268.34536	0.971	0
9.2	2.251666	1	1	1	43.718399	91.853156	358.34843	0.971	0
9.3	2.251666	1	1	1	133.77189	91.650902	271.85358	0.971	0
9.4	2.251666	1	1	1	42.032184	87.791458	266.49699	0.971	0
9.5	2.251666	1	1	1	131.91093	93.420768	267.77412	0.971	0
9.6	2.251666	1	1	1	42.029892	87.786302	266.45861	0.971	0
9.7	2.251666	1	1	1	42.055675	87.744476	266.58867	0.971	0
9.8	2.251666	1	1	1	131.91093	93.419623	267.77354	0.971	0
9.9	2.251666	1	1	1	131.91608	93.625887	267.6515	0.971	0
0.05	2.3382686	1	1	1	134.32193	91.894982	275.1922	0.971	0
0.15	2.3382686	1	1	1	134.29099	91.870345	275.18991	0.971	0
0.25	2.3382686	1	1	1	134.30704	91.872637	275.17616	0.971	0
0.35	2.3382686	1	1	1	134.31162	91.865761	275.18819	0.971	0
0.45	2.3382686	1	1	1	134.30646	91.871491	275.17616	0.971	0
0.55	2.3382686	1	1	1	134.29902	91.863469	275.17329	0.971	0
0.65	2.3382686	1	1	1	134.28297	91.853729	275.15782	0.971	0
0.75	2.3382686	1	1	1	134.25891	91.831384	275.14121	0.971	0
0.85	2.3382686	1	1	1	134.10249	91.605065	275.04266	0.971	0
0.95	2.3382686	1	1	1	134.07671	91.556937	275.01459	0.971	0
1.05	2.3382686	1	1	1	134.06811	91.539175	275.0037	0.971	0
1.15	2.3382686	1	1	1	134.06582	91.537456	275.00198	0.971	0
1.25	2.3382686	1	1	1	43.932112	94.99984	88.4601	0.971	0
1.35	2.3382686	1	1	1	134.06009	91.523705	274.99453	0.971	0
1.45	2.3382686	1	1	1	134.06582	91.537456	275.00198	0.971	0
1.55	2.3382686	1	1	1	226.32177	176.97177	181.66601	0.971	0
1.65	2.3382686	1	1	1	226.26791	176.97234	181.61272	0.971	0
1.75	2.3382686	1	1	1	134.65769	90.083289	273.02585	0.971	0
1.85	2.3382686	1	1	1	134.65769	90.080998	273.02413	0.971	0
1.95	2.3382686	1	1	1	134.65711	90.084435	273.02642	0.971	0
2.05	2.3382686	1	1	1	134.65769	90.083289	273.02585	0.971	0
2.15	2.3382686	1	1	1	46.195868	3.0257901	268.46052	0.971	0
2.25	2.3382686	1	1	1	44.062173	92.649567	0.28476002	0.971	0
2.35	2.3382686	1	1	1	134.04863	89.71545	272.65457	0.971	0
2.45	2.3382686	1	1	1	44.062746	92.648421	0.28361411	0.971	0
2.55	2.3382686	1	1	1	44.062173	92.649567	0.28476002	0.971	0
2.65	2.3382686	1	1	1	134.04863	89.71545	272.65457	0.971	0
2.75	2.3382686	1	1	1	218.04367	177.31955	173.9878	0.971	0
2.85	2.3382686	1	1	1	224.06145	87.342832	179.71623	0.971	0
2.95	2.3382686	1	1	1	224.06546	87.333092	179.72368	0.971	0
3.05	2.3382686	1	1	1	218.04367	177.31955	173.9878	0.971	0
3.15	2.3382686	1	1	1	224.06317	87.323925	179.72311	0.971	0
3.25	2.3382686	1	1	1	224.06603	87.329081	179.72597	0.971	0
3.35	2.3382686	1	1	1	134.51674	90.35258	273.74606	0.971	0
3.45	2.3382686	1	1	1	229.85577	176.23666	185.34955	0.971	0
3.55	2.3382686	1	1	1	134.51789	90.350861	273.7472	0.971	0
3.65	2.3382686	1	1	1	134.51674	90.35258	273.74606	0.971	0
3.75	2.3382686	1	1	1	229.84603	176.23552	185.33867	0.971	0
3.85	2.3382686	1	1	1	134.51789	90.350861	273.7472	0.971	0
3.95	2.3382686	1	1	1	134.51903	90.349142	273.74949	0.971	0
4.05	2.3382686	1	1	1	229.84603	176.23552	185.33867	0.971	0
4.15	2.3382686	1	1	1	134.26292	91.351245	274.25083	0.971	0
4.25	2.3382686	1	1	1	238.65239	175.4328	194.53292	0.971	0
4.35	2.3382686	1	1	1	44.234634	94.11462	88.519688	0.971	0
4.45	2.3382686	1	1	1	44.248385	94.093994	88.511666	0.971	0
4.55	2.3382686	1	1	1	134.35459	91.484744	274.09728	0.971	0
4.65	2.3382686	1	1	1	44.251822	94.0854	88.512239	0.971	0
4.75	2.3382686	1	1	1	64.319096	4.343593	249.98779	0.971	0
4.85	2.3382686	1	1	1	134.35688	91.48589	274.09098	0.971	0
4.95	2.3382686	1	1	1	44.251822	94.0854	88.512239	0.971	0
5.05	2.3382686	1	1	1	64.724177	2.6562323	248.97079	0.971	0
5.15	2.3382686	1	1	1	64.347744	2.6722752	249.35582	0.971	0
5.25	2.3382686	1	1	1	244.79908	177.28174	201.07553	0.971	0
5.35	2.3382686	1	1	1	64.803818	2.7135281	248.91808	0.971	0
5.45	2.3382686	1	1	1	64.676049	2.7100904	249.04413	0.971	0
5.55	2.3382686	1	1	1	134.07212	91.368434	273.06767	0.971	0
5.65	2.3382686	1	1	1	248.06322	176.64174	204.02683	0.971	0
5.75	2.3382686	1	1	1	134.08358	91.358693	273.06366	0.971	0
5.85	2.3382686	1	1	1	134.07212	91.368434	273.06767	0.971	0
5.95	2.3382686	1	1	1	44.008888	93.065535	88.639436	0.971	0
6.05	2.3382686	1	1	1	67.38442	3.299091	246.74714	0.971	0
6.15	2.3382686	1	1	1	247.45474	176.70018	203.32782	0.971	0
6.25	2.3382686	1	1	1	314.17052	88.699596	356.96932	0.971	0
6.35	2.3382686	1	1	1	67.38442	3.299091	246.74714	0.971	0
6.45	2.3382686	1	1	1	247.38026	176.7019	203.24532	0.971	0
6.55	2.3382686	1	1	1	314.17281	88.700742	356.96932	0.971	0
6.65	2.3382686	1	1	1	67.350043	3.2967992	246.79011	0.971	0
6.75	2.3382686	1	1	1	247.33614	176.70362	113.19641	0.971	0
6.85	2.3382686	1	1	1	225.99461	177.11501	91.320878	0.971	0
6.95	2.3382686	1	1	1	44.016337	2.8183794	270.6412	0.971	0
7.05	2.3382686	1	1	1	45.286584	2.8567676	269.37955	0.971	0
7.15	2.3382686	1	1	1	46.48292	2.8980205	268.1941	0.971	0
7.25	2.3382686	1	1	1	43.816374	90.3818	268.94066	0.971	0
7.35	2.3382686	1	1	1	44.085665	92.006136	268.44448	0.971	0
7.45	2.3382686	1	1	1	80.281127	2.7633754	233.86877	0.971	0
7.55	2.3382686	1	1	1	80.206643	2.769105	233.94211	0.971	0
7.65	2.3382686	1	1	1	260.27983	177.23876	306.13078	0.971	0
7.75	2.3382686	1	1	1	80.186589	2.7713969	233.96273	0.971	0
7.85	2.3382686	1	1	1	80.137888	2.7742616	234.01029	0.971	0
7.95	2.3382686	1	1	1	44.117177	92.245059	88.370146	0.971	0
8.05	2.3382686	1	1	1	80.094343	2.7799912	234.05555	0.971	0
8.15	2.3382686	1	1	1	134.08588	91.729397	272.4231	0.971	0
8.25	2.3382686	1	1	1	134.08588	91.729397	272.42252	0.971	0
8.35	2.3382686	1	1	1	80.386552	2.9570352	233.64073	0.971	0
8.45	2.3382686	1	1	1	44.014045	92.423249	88.269878	0.971	0
8.55	2.3382686	1	1	1	79.587275	2.9765157	234.46178	0.971	0
8.65	2.3382686	1	1	1	81.566845	2.9266684	232.42835	0.971	0
8.75	2.3382686	1	1	1	82.207984	2.8705186	231.77117	0.971	0
8.85	2.3382686	1	1	1	43.922945	92.246778	88.193102	0.971	0
8.95	2.3382686	1	1	1	82.820476	2.8819777	231.13519	0.971	0
9.05	2.3382686	1	1	1	313.77289	88.349519	268.14539	0.971	0
9.15	2.3382686	1	1	1	43.720118	91.854302	268.35452	0.971	0
9.25	2.3382686	1	1	1	133.79882	91.652621	271.89426	0.971	0
9.35	2.3382686	1	1	1	43.717253	91.849718	88.356395	0.971	0
9.45	2.3382686	1	1	1	42.039632	87.788593	356.56711	0.971	0
9.55	2.3382686	1	1	1	131.91265	93.416185	267.76781	0.971	0
9.65	2.3382686	1	1	1	42.047654	87.769113	266.58466	0.971	0
9.75	2.3382686	1	1	1	42.05281	87.7588	356.61122	0.971	0
9.85	2.3382686	1	1	1	131.91494	93.412174	267.76266	0.971	0
9.95	2.3382686	1	1	1	131.92009	93.41332	267.7426	0.971	0
0	2.4248711	1	1	1	44.122907	95.173446	88.122628	0.971	0
0.1	2.4248711	1	1	1	134.31047	91.884669	275.19048	0.971	0
0.2	2.4248711	1	1	1	134.25776	91.909879	275.08105	0.971	0
0.3	2.4248711	1	1	1	44.122907	95.173446	88.122628	0.971	0
0.4	2.4248711	1	1	1	134.30646	91.874355	275.17731	0.971	0
0.5	2.4248711	1	1	1	134.2463	91.884096	275.08277	0.971	0
0.6	2.4248711	1	1	1	134.23542	91.869199	275.0799	0.971	0
0.7	2.4248711	1	1	1	134.15692	91.682415	275.0885	0.971	0
0.8	2.4248711	1	1	1	134.12598	91.644599	275.07016	0.971	0
0.9	2.4248711	1	1	1	134.09562	91.591314	275.0375	0.971	0
1	2.4248711	1	1	1	134.06983	91.542613	275.00599	0.971	0
1.1	2.4248711	1	1	1	134.06754	91.543186	275.0037	0.971	0
1.2	2.4248711	1	1	1	241.19231	174.76015	287.18937	0.971	0
1.3	2.4248711	1	1	1	43.930966	95.000413	88.456089	0.971	0
1.4	2.4248711	1	1	1	43.930966	94.99984	88.452651	0.971	0
1.5	2.4248711	1	1	1	226.30171	176.97005	181.6471	0.971	0
1.6	2.4248711	1	1	1	226.22379	176.97406	181.56861	0.971	0
1.7	2.4248711	1	1	1	44.653466	93.027719	359.91146	0.971	0
1.8	2.4248711	1	1	1	44.654039	93.024855	359.91547	0.971	0
1.9	2.4248711	1	1	1	226.22379	176.97406	181.56861	0.971	0
2	2.4248711	1	1	1	226.24556	176.97177	181.59095	0.971	0
2.1	2.4248711	1	1	1	44.653466	93.024282	359.91834	0.971	0
2.2	2.4248711	1	1	1	226.18311	176.97463	181.52793	0.971	0
2.3	2.4248711	1	1	1	44.063892	92.645557	0.28476002	0.971	0
2.4	2.4248711	1	1	1	217.93252	177.33273	173.87722	0.971	0
2.5	2.4248711	1	1	1	224.06145	87.339394	179.71509	0.971	0
2.6	2.4248711	1	1	1	134.04863	89.714877	272.65514	0.971	0
2.7	2.4248711	1	1	1	217.9371	177.32757	173.8818	0.971	0
2.8	2.4248711	1	1	1	224.06145	87.33653	179.71623	0.971	0
2.9	2.4248711	1	1	1	134.04863	89.717169	272.66087	0.971	0
3	2.4248711	1	1	1	217.99784	177.3207	173.94254	0.971	0
3.1	2.4248711	1	1	1	224.06202	87.331373	179.71853	0.971	0
3.2	2.4248711	1	1	1	224.06259	87.329654	179.72082	0.971	0
3.3	2.4248711	1	1	1	218.17832	177.31096	174.12016	0.971	0
3.4	2.4248711	1	1	1	44.494183	93.746209	359.6479	0.971	0
3.5	2.4248711	1	1	1	134.51617	90.353725	273.74491	0.971	0
3.6	2.4248711	1	1	1	44.493611	93.745636	359.64561	0.971	0
3.7	2.4248711	1	1	1	44.494183	93.746209	359.64675	0.971	0
3.8	2.4248711	1	1	1	134.51731	90.350288	273.74663	0.971	0
3.9	2.4248711	1	1	1	134.51789	90.351434	273.7472	0.971	0
4	2.4248711	1	1	1	229.85577	176.23666	185.34955	0.971	0
4.1	2.4248711	1	1	1	134.25662	91.352391	274.25828	0.971	0
4.2	2.4248711	1	1	1	58.696088	4.5670466	255.42459	0.971	0
4.3	2.4248711	1	1	1	63.967873	4.3751057	250.31781	0.971	0
4.4	2.4248711	1	1	1	44.228331	94.120923	88.523125	0.971	0
4.5	2.4248711	1	1	1	244.1843	175.63964	199.88664	0.971	0
4.6	2.4248711	1	1	1	44.248385	94.091129	88.511666	0.971	0
4.7	2.4248711	1	1	1	64.289302	4.343593	250.01586	0.971	0
4.8	2.4248711	1	1	1	244.31493	175.65568	110.0079	0.971	0
4.9	2.4248711	1	1	1	44.248385	94.091129	88.511666	0.971	0
5	2.4248711	1	1	1	64.289302	4.343593	250.01586	0.971	0
5.1	2.4248711	1	1	1	64.780327	2.6676915	248.91865	0.971	0
5.2	2.4248711	1	1	1	244.69882	177.27887	200.97469	0.971	0
5.3	2.4248711	1	1	1	65.339534	2.8057743	248.42304	0.971	0
5.4	2.4248711	1	1	1	64.7809	2.7186847	248.94271	0.971	0
5.5	2.4248711	1	1	1	244.69882	177.27887	200.97469	0.971	0
5.6	2.4248711	1	1	1	248.09932	176.64117	204.06465	0.971	0
5.7	2.4248711	1	1	1	134.07155	91.369007	273.0671	0.971	0
5.8	2.4248711	1	1	1	68.038738	3.352949	246.00287	0.971	0
5.9	2.4248711	1	1	1	248.09932	176.64117	204.06465	0.971	0
6	2.4248711	1	1	1	134.07155	91.369007	273.0671	0.971	0
6.1	2.4248711	1	1	1	247.35849	176.70133	203.22412	0.971	0
6.2	2.4248711	1	1	1	314.17281	88.700742	356.96932	0.971	0
6.3	2.4248711	1	1	1	67.346032	3.2973721	246.79183	0.971	0
6.4	2.4248711	1	1	1	247.35849	176.70133	203.22412	0.971	0
6.5	2.4248711	1	1	1	314.17281	88.700742	356.96932	0.971	0
6.6	2.4248711	1	1	1	67.362648	3.2973721	246.77579	0.971	0
6.7	2.4248711	1	1	1	247.2691	176.70591	113.12536	0.971	0
6.8	2.4248711	1	1	1	43.894297	2.8143687	270.76267	0.971	0
6.9	2.4248711	1	1	1	46.453126	2.8991664	268.22389	0.971	0
7	2.4248711	1	1	1	134.67831	90.094176	272.89865	0.971	0
7.1	2.4248711	1	1	1	45.640672	2.864789	269.02603	0.971	0
7.2	2.4248711	1	1	1	46.453126	2.8991664	268.22389	0.971	0
7.3	2.4248711	1	1	1	134.67831	90.094176	272.89865	0.971	0
7.4	2.4248711	1	1	1	80.309775	2.7565	233.83897	0.971	0
7.5	2.4248711	1	1	1	80.254198	2.7628025	233.89455	0.971	0
7.6	2.4248711	1	1	1	80.301181	2.755354	233.84757	0.971	0
7.7	2.4248711	1	1	1	80.188308	2.7685321	233.96101	0.971	0
7.8	2.4248711	1	1	1	80.254198	2.7628025	233.89455	0.971	0
7.9	2.4248711	1	1	1	44.117177	92.236465	88.371291	0.971	0
8	2.4248711	1	1	1	80.122991	2.7748346	234.02633	0.971	0
8.1	2.4248711	1	1	1	134.08588	91.729397	272.42424	0.971	0
8.2	2.4248711	1	1	1	134.0853	91.729397	272.42195	0.971	0
8.3	2.4248711	1	1	1	44.011753	92.420957	88.267586	0.971	0
8.4	2.4248711	1	1	1	134.08588	91.729397	272.42424	0.971	0
8.5	2.4248711	1	1	1	134.0853	91.729397	272.42195	0.971	0
8.6	2.4248711	1	1	1	43.956749	92.255372	88.244668	0.971	0
8.7	2.4248711	1	1	1	82.389612	2.8756752	231.58267	0.971	0
8.8	2.4248711	1	1	1	134.02629	91.754034	272.25751	0.971	0
8.9	2.4248711	1	1	1	43.956749	92.255372	88.244668	0.971	0
9	2.4248711	1	1	1	134.02457	91.757472	272.25809	0.971	0
9.1	2.4248711	1	1	1	43.71668	91.848572	88.354676	0.971	0
9.2	2.4248711	1	1	1	43.71668	91.849145	88.356395	0.971	0
9.3	2.4248711	1	1	1	313.77232	88.345508	268.14539	0.971	0
9.4	2.4248711	1	1	1	133.7696	91.644599	271.84957	0.971	0
9.5	2.4248711	1	1	1	43.71668	91.849145	88.356395	0.971	0
9.6	2.4248711	1	1	1	43.71668	91.849145	88.355249	0.971	0
9.7	2.4248711	1	1	1	238.04849	109.82398	78.405264	0.314	0
9.8	2.4248711	1	1	1	131.91895	93.412747	267.74604	0.971	0
9.9	2.4248711	1	1	1	42.052237	87.759373	266.60815	0.971	0
0.05	2.5114737	1	1	1	44.086238	95.187197	88.146119	0.971	0
0.15	2.5114737	1	1	1	134.2973	91.874928	275.18876	0.971	0
0.25	2.5114737	1	1	1	134.30704	91.874355	275.17731	0.971	0
0.35	2.5114737	1	1	1	134.31219	91.866907	275.18819	0.971	0
0.45	2.5114737	1	1	1	134.30704	91.873782	275.17616	0.971	0
0.55	2.5114737	1	1	1	134.29844	91.863469	275.17272	0.971	0
0.65	2.5114737	1	1	1	134.28183	91.853156	275.15668	0.971	0
0.75	2.5114737	1	1	1	134.25834	91.831384	275.14064	0.971	0
0.85	2.5114737	1	1	1	134.23943	91.806746	275.13548	0.971	0
0.95	2.5114737	1	1	1	134.08645	91.567823	275.02146	0.971	0
1.05	2.5114737	1	1	1	134.07041	91.543186	275.00599	0.971	0
1.15	2.5114737	1	1	1	43.932112	94.999267	88.458954	0.971	0
1.25	2.5114737	1	1	1	134.0641	91.527143	274.99912	0.971	0
1.35	2.5114737	1	1	1	134.07041	91.543186	275.00599	0.971	0
1.45	2.5114737	1	1	1	43.932112	94.999267	88.458954	0.971	0
1.55	2.5114737	1	1	1	134.65711	90.086154	273.02642	0.971	0
1.65	2.5114737	1	1	1	134.65769	90.082716	273.02528	0.971	0
1.75	2.5114737	1	1	1	134.65769	90.085581	273.02699	0.971	0
1.85	2.5114737	1	1	1	134.65711	90.086154	273.02642	0.971	0
1.95	2.5114737	1	1	1	134.65769	90.082716	273.02528	0.971	0
2.05	2.5114737	1	1	1	134.65654	90.083862	273.02642	0.971	0
2.15	2.5114737	1	1	1	134.65711	90.083862	273.0247	0.971	0
2.25	2.5114737	1	1	1	37.914909	2.6688374	276.14102	0.971	0
2.35	2.5114737	1	1	1	134.04978	89.714877	272.64942	0.971	0
2.45	2.5114737	1	1	1	217.92794	177.32872	173.87321	0.971	0
2.55	2.5114737	1	1	1	37.914909	2.6688374	276.14102	0.971	0
2.65	2.5114737	1	1	1	38.008301	2.6791507	276.04705	0.971	0
2.75	2.5114737	1	1	1	217.97836	177.32299	173.92363	0.971	0
2.85	2.5114737	1	1	1	44.0616	92.658735	0.28418707	0.971	0
2.95	2.5114737	1	1	1	38.008301	2.6791507	276.04705	0.971	0
3.05	2.5114737	1	1	1	224.06145	87.331946	179.71795	0.971	0
3.15	2.5114737	1	1	1	224.06259	87.330227	179.71967	0.971	0
3.25	2.5114737	1	1	1	38.113725	2.6871721	275.9422	0.971	0
3.35	2.5114737	1	1	1	44.493611	93.745636	359.64618	0.971	0
3.45	2.5114737	1	1	1	134.51559	90.353725	273.74434	0.971	0
3.55	2.5114737	1	1	1	134.51789	90.351434	273.7472	0.971	0
3.65	2.5114737	1	1	1	44.493611	93.745636	359.64618	0.971	0
3.75	2.5114737	1	1	1	134.51674	90.352007	273.74606	0.971	0
3.85	2.5114737	1	1	1	134.51789	90.351434	273.74663	0.971	0
3.95	2.5114737	1	1	1	229.85921	176.23666	185.35299	0.971	0
4.05	2.5114737	1	1	1	134.51789	90.350861	273.74778	0.971	0
4.15	2.5114737	1	1	1	61.940175	4.4581846	252.27332	0.971	0
4.25	2.5114737	1	1	1	63.94209	4.3831271	250.34073	0.971	0
4.35	2.5114737	1	1	1	244.18716	175.64079	199.88893	0.971	0
4.45	2.5114737	1	1	1	134.3586	91.485317	274.08754	0.971	0
4.55	2.5114737	1	1	1	44.250103	94.08941	358.5123	0.971	0
4.65	2.5114737	1	1	1	64.325399	4.3476037	249.98091	0.971	0
4.75	2.5114737	1	1	1	134.3586	91.485317	274.08754	0.971	0
4.85	2.5114737	1	1	1	134.35975	91.483598	274.08066	0.971	0
4.95	2.5114737	1	1	1	64.325399	4.3476037	249.98091	0.971	0
5.05	2.5114737	1	1	1	134.35975	91.484744	274.08066	0.971	0
5.15	2.5114737	1	1	1	134.35517	91.476723	274.07723	0.971	0
5.25	2.5114737	1	1	1	64.774025	2.7301439	248.9536	0.971	0
5.35	2.5114737	1	1	1	65.317189	2.809785	248.44653	0.971	0
5.45	2.5114737	1	1	1	67.403328	3.2114284	246.55634	0.971	0
5.55	2.5114737	1	1	1	64.758555	2.7490515	248.97824	0.971	0
5.65	2.5114737	1	1	1	68.109785	3.3609704	245.92323	0.971	0
5.75	2.5114737	1	1	1	43.998575	93.067254	88.630841	0.971	0
5.85	2.5114737	1	1	1	43.999721	93.067254	88.631414	0.971	0
5.95	2.5114737	1	1	1	68.105201	3.3592516	245.92896	0.971	0
6.05	2.5114737	1	1	1	43.998575	93.067254	88.630841	0.971	0
6.15	2.5114737	1	1	1	314.17339	88.702461	356.96818	0.971	0
6.25	2.5114737	1	1	1	67.366659	3.298518	246.76777	0.971	0
6.35	2.5114737	1	1	1	67.340876	3.2973721	246.79756	0.971	0
6.45	2.5114737	1	1	1	314.17339	88.702461	356.96818	0.971	0
6.55	2.5114737	1	1	1	224.10499	86.969264	91.299679	0.971	0
6.65	2.5114737	1	1	1	67.327125	3.2973721	246.81131	0.971	0
6.75	2.5114737	1	1	1	314.17453	88.703607	356.96818	0.971	0
6.85	2.5114737	1	1	1	45.98502	2.8854155	268.68856	0.971	0
6.95	2.5114737	1	1	1	45.405759	2.8596324	269.26152	0.971	0
7.05	2.5114737	1	1	1	46.722416	2.9031771	267.95345	0.971	0
7.15	2.5114737	1	1	1	46.929254	2.904896	267.7449	0.971	0
7.25	2.5114737	1	1	1	45.405759	2.8596324	269.26152	0.971	0
7.35	2.5114737	1	1	1	47.384756	2.9117715	267.28653	0.971	0
7.45	2.5114737	1	1	1	47.608209	2.9146363	267.06136	0.971	0
7.55	2.5114737	1	1	1	80.139034	2.7713969	234.01086	0.971	0
7.65	2.5114737	1	1	1	80.091478	2.7776994	234.05784	0.971	0
7.75	2.5114737	1	1	1	80.09377	2.7771264	234.05498	0.971	0
7.85	2.5114737	1	1	1	80.114397	2.7754076	234.0355	0.971	0
7.95	2.5114737	1	1	1	80.091478	2.7776994	234.05784	0.971	0
8.05	2.5114737	1	1	1	80.062258	2.7776994	234.08706	0.971	0
8.15	2.5114737	1	1	1	259.63468	177.0262	215.58568	0.971	0
8.25	2.5114737	1	1	1	259.5877	177.02391	215.53813	0.971	0
8.35	2.5114737	1	1	1	134.08817	91.728251	272.42482	0.971	0
8.45	2.5114737	1	1	1	134.08473	91.731116	272.42023	0.971	0
8.55	2.5114737	1	1	1	79.598735	2.9765157	234.45032	0.971	0
8.65	2.5114737	1	1	1	43.956749	92.253081	88.246387	0.971	0
8.75	2.5114737	1	1	1	134.02228	91.754034	272.25121	0.971	0
8.85	2.5114737	1	1	1	82.464097	2.8808318	231.50474	0.971	0
8.95	2.5114737	1	1	1	43.957322	92.247924	88.253835	0.971	0
9.05	2.5114737	1	1	1	43.718399	91.853156	358.34671	0.971	0
9.15	2.5114737	1	1	1	133.7696	91.643453	271.84957	0.971	0
9.25	2.5114737	1	1	1	43.717826	91.849718	88.359259	0.971	0
9.35	2.5114737	1	1	1	43.719545	91.849145	88.368427	0.971	0
9.45	2.5114737	1	1	1	133.77247	91.650329	271.85415	0.971	0
9.55	2.5114737	1	1	1	43.717826	91.849718	88.359259	0.971	0
9.65	2.5114737	1	1	1	133.77247	91.625692	271.84842	0.971	0
9.75	2.5114737	1	1	1	43.734441	91.801017	88.513385	0.971	0
9.85	2.5114737	1	1	1	42.056248	87.743903	266.59153	0.971	0
9.95	2.5114737	1	1	1	132.56467	91.77065	268.21472	0.971	0
0	2.5980762	1	1	1	134.29099	91.870345	275.18991	0.971	0
0.1	2.5980762	1	1	1	44.108583	95.18376	88.136379	0.971	0
0.2	2.5980762	1	1	1	134.31162	91.865761	275.18819	0.971	0
0.3	2.5980762	1	1	1	44.127491	95.175165	88.120909	0.971	0
0.4	2.5980762	1	1	1	134.30704	91.872637	275.17616	0.971	0
0.5	2.5980762	1	1	1	134.31162	91.865761	275.18819	0.971	0
0.6	2.5980762	1	1	1	134.30016	91.862896	275.17329	0.971	0
0.7	2.5980762	1	1	1	134.22396	90.698646	274.97161	0.971	0
0.8	2.5980762	1	1	1	43.984251	95.060574	88.348373	0.971	0
0.9	2.5980762	1	1	1	134.09275	91.58272	275.02948	0.971	0
1	2.5980762	1	1	1	134.07041	91.544905	275.00771	0.971	0
1.1	2.5980762	1	1	1	43.932112	94.99984	88.4601	0.971	0
1.2	2.5980762	1	1	1	134.06009	91.523705	274.99453	0.971	0
1.3	2.5980762	1	1	1	134.06582	91.537456	275.00198	0.971	0
1.4	2.5980762	1	1	1	43.932112	94.99984	88.4601	0.971	0
1.5	2.5980762	1	1	1	134.06009	91.523705	274.99453	0.971	0
1.6	2.5980762	1	1	1	134.65769	90.083862	273.02699	0.971	0
1.7	2.5980762	1	1	1	134.65769	90.080998	273.02413	0.971	0
1.8	2.5980762	1	1	1	134.65711	90.084435	273.02642	0.971	0
1.9	2.5980762	1	1	1	134.65769	90.083289	273.02585	0.971	0
2	2.5980762	1	1	1	134.65769	90.080998	273.02413	0.971	0
2.1	2.5980762	1	1	1	134.65711	90.084435	273.02642	0.971	0
2.2	2.5980762	1	1	1	37.901158	2.6688374	276.15592	0.971	0
2.3	2.5980762	1	1	1	134.04921	89.714305	272.65629	0.971	0
2.4	2.5980762	1	1	1	44.062746	92.653578	0.28533298	0.971	0
2.5	2.5980762	1	1	1	44.0616	92.658162	0.28476002	0.971	0
2.6	2.5980762	1	1	1	134.04921	89.714305	272.65629	0.971	0
2.7	2.5980762	1	1	1	224.06145	87.34054	179.71623	0.971	0
2.8	2.5980762	1	1	1	44.0616	92.658162	0.28476002	0.971	0
2.9	2.5980762	1	1	1	37.952724	2.6762859	276.10206	0.971	0
3	2.5980762	1	1	1	224.06202	87.331373	179.7191	0.971	0
3.1	2.5980762	1	1	1	224.06259	87.327935	179.72082	0.971	0
3.2	2.5980762	1	1	1	38.0719	2.6854532	275.98346	0.971	0
3.3	2.5980762	1	1	1	224.06317	87.323925	179.72311	0.971	0
3.4	2.5980762	1	1	1	224.10385	87.331946	179.68759	0.971	0
3.5	2.5980762	1	1	1	134.51674	90.35258	273.74606	0.971	0
3.6	2.5980762	1	1	1	229.85577	176.23666	185.34955	0.971	0
3.7	2.5980762	1	1	1	134.51789	90.350861	273.7472	0.971	0
3.8	2.5980762	1	1	1	134.51789	90.349715	273.7472	0.971	0
3.9	2.5980762	1	1	1	229.84603	176.23552	185.33867	0.971	0
4	2.5980762	1	1	1	134.51789	90.350861	273.7472	0.971	0
4.1	2.5980762	1	1	1	134.51903	90.349142	273.74949	0.971	0
4.2	2.5980762	1	1	1	63.498621	4.4071914	250.76014	0.971	0
4.3	2.5980762	1	1	1	244.01986	175.62532	199.73366	0.971	0
4.4	2.5980762	1	1	1	134.35459	91.484744	274.09728	0.971	0
4.5	2.5980762	1	1	1	44.252395	94.084254	88.512239	0.971	0
4.6	2.5980762	1	1	1	64.319096	4.343593	249.98779	0.971	0
4.7	2.5980762	1	1	1	134.35459	91.484744	274.09728	0.971	0
4.8	2.5980762	1	1	1	44.251822	94.0854	88.512239	0.971	0
4.9	2.5980762	1	1	1	64.319096	4.343593	249.98779	0.971	0
5	2.5980762	1	1	1	134.36032	91.484744	274.08124	0.971	0
5.1	2.5980762	1	1	1	134.3586	91.480733	274.0778	0.971	0
5.2	2.5980762	1	1	1	134.295	91.362131	274.04629	0.971	0
5.3	2.5980762	1	1	1	134.30188	91.375309	274.04915	0.971	0
5.4	2.5980762	1	1	1	134.31563	91.406249	274.05545	0.971	0
5.5	2.5980762	1	1	1	134.295	91.362131	274.04629	0.971	0
5.6	2.5980762	1	1	1	134.20276	90.144023	274.17749	0.971	0
5.7	2.5980762	1	1	1	134.19302	89.995627	274.19468	0.971	0
5.8	2.5980762	1	1	1	44.008888	93.065535	88.639436	0.971	0
5.9	2.5980762	1	1	1	134.08358	91.358693	273.06366	0.971	0
6	2.5980762	1	1	1	44.077643	93.04147	88.687564	0.971	0
6.1	2.5980762	1	1	1	44.008888	93.065535	88.639436	0.971	0
6.2	2.5980762	1	1	1	224.10442	86.968691	91.298533	0.971	0
6.3	2.5980762	1	1	1	247.36135	176.7019	203.22584	0.971	0
6.4	2.5980762	1	1	1	314.17224	88.700169	356.96875	0.971	0
6.5	2.5980762	1	1	1	224.10442	86.968691	91.298533	0.971	0
6.6	2.5980762	1	1	1	67.29905	3.2967992	246.84053	0.971	0
6.7	2.5980762	1	1	1	35.89466	2.6046661	278.70443	0.971	0
6.8	2.5980762	1	1	1	214.32002	177.42727	169.73187	0.971	0
6.9	2.5980762	1	1	1	134.57976	89.545282	272.53368	0.971	0
7	2.5980762	1	1	1	46.48292	2.8980205	268.1941	0.971	0
7.1	2.5980762	1	1	1	47.176772	2.9123445	267.49795	0.971	0
7.2	2.5980762	1	1	1	47.532579	2.9123445	267.13642	0.971	0
7.3	2.5980762	1	1	1	47.371005	2.9100526	267.29971	0.971	0
7.4	2.5980762	1	1	1	47.176772	2.9123445	267.49795	0.971	0
7.5	2.5980762	1	1	1	47.532579	2.9123445	267.13642	0.971	0
7.6	2.5980762	1	1	1	249.57182	176.7867	205.26156	0.971	0
7.7	2.5980762	1	1	1	249.63198	176.80618	115.31864	0.971	0
7.8	2.5980762	1	1	1	249.69329	176.82051	205.37386	0.971	0
7.9	2.5980762	1	1	1	249.77751	176.83196	205.45178	0.971	0
8	2.5980762	1	1	1	134.35975	91.359839	272.86427	0.971	0
8.1	2.5980762	1	1	1	134.36433	91.359266	272.85167	0.971	0
8.2	2.5980762	1	1	1	249.77751	176.83196	205.45178	0.971	0
8.3	2.5980762	1	1	1	44.013472	92.423249	88.269878	0.971	0
8.4	2.5980762	1	1	1	134.08588	91.729397	272.4231	0.971	0
8.5	2.5980762	1	1	1	259.5854	177.02333	215.53584	0.971	0
8.6	2.5980762	1	1	1	44.013472	92.423249	88.269878	0.971	0
8.7	2.5980762	1	1	1	134.02629	91.74544	272.24949	0.971	0
8.8	2.5980762	1	1	1	43.956749	92.248497	88.252689	0.971	0
8.9	2.5980762	1	1	1	134.02629	91.744294	272.24892	0.971	0
9	2.5980762	1	1	1	134.0217	91.760337	272.25407	0.971	0
9.1	2.5980762	1	1	1	43.956749	92.248497	88.252689	0.971	0
9.2	2.5980762	1	1	1	43.717253	91.849145	88.356968	0.971	0
9.3	2.5980762	1	1	1	133.77189	91.631421	271.85071	0.971	0
9.4	2.5980762	1	1	1	133.77075	91.637724	271.85071	0.971	0
9.5	2.5980762	1	1	1	43.717253	91.849718	88.358686	0.971	0
9.6	2.5980762	1	1	1	43.719545	91.848572	88.371291	0.971	0
9.7	2.5980762	1	1	1	43.735587	91.792422	88.530574	0.971	0
9.8	2.5980762	1	1	1	43.734441	91.797006	88.521979	0.971	0
9.9	2.5980762	1	1	1	43.735587	91.795287	88.526563	0.971	0
0.05	2.6846788	1	1	1	82.724219	2.2969878	230.2322	0.971	0
0.15	2.6846788	1	1	1	44.122907	95.173446	88.122628	0.971	0
0.25	2.6846788	1	1	1	134.30646	91.874355	275.17731	0.971	0
0.35	2.6846788	1	1	1	134.22281	90.691198	274.97333	0.971	0
0.45	2.6846788	1	1	1	232.10406	174.9773	277.92349	0.971	0
0.55	2.6846788	1	1	1	44.165306	94.970619	359.29897	0.971	0
0.65	2.6846788	1	1	1	134.22109	90.690625	274.97104	0.971	0
0.75	2.6846788	1	1	1	232.20948	174.97902	278.02261	0.971	0
0.85	2.6846788	1	1	1	44.165306	94.970619	359.29897	0.971	0
0.95	2.6846788	1	1	1	43.943571	95.018175	88.425149	0.971	0
1.05	2.6846788	1	1	1	241.19231	174.76015	287.18937	0.971	0
1.15	2.6846788	1	1	1	43.930966	95.000413	88.456089	0.971	0
1.25	2.6846788	1	1	1	43.930966	94.99984	88.452651	0.971	0
1.35	2.6846788	1	1	1	241.19231	174.76015	287.18937	0.971	0
1.45	2.6846788	1	1	1	43.930966	95.000413	88.456089	0.971	0
1.55	2.6846788	1	1	1	43.930966	94.99984	88.452651	0.971	0
1.65	2.6846788	1	1	1	134.65654	90.083862	273.02699	0.971	0
1.75	2.6846788	1	1	1	226.22379	176.97406	181.56861	0.971	0
1.85	2.6846788	1	1	1	226.24556	176.97177	181.59095	0.971	0
1.95	2.6846788	1	1	1	134.65654	90.083862	273.02699	0.971	0
2.05	2.6846788	1	1	1	134.11968	89.188329	272.26324	0.971	0
2.15	2.6846788	1	1	1	44.138377	92.237038	270.8383	0.971	0
2.25	2.6846788	1	1	1	23.495853	2.3984013	290.61794	0.971	0
2.35	2.6846788	1	1	1	134.09848	89.149368	92.23933	0.971	0
2.45	2.6846788	1	1	1	44.136658	92.237611	270.85033	0.971	0
2.55	2.6846788	1	1	1	217.93137	177.32643	173.8755	0.971	0
2.65	2.6846788	1	1	1	224.06145	87.339394	179.71509	0.971	0
2.75	2.6846788	1	1	1	37.991113	2.6785777	276.06424	0.971	0
2.85	2.6846788	1	1	1	218.05399	177.31439	173.99869	0.971	0
2.95	2.6846788	1	1	1	44.062173	92.667902	0.28304115	0.971	0
3.05	2.6846788	1	1	1	224.06259	87.3308	179.71853	0.971	0
3.15	2.6846788	1	1	1	218.05399	177.31439	173.99869	0.971	0
3.25	2.6846788	1	1	1	44.062173	92.674204	0.2796034	0.971	0
3.35	2.6846788	1	1	1	224.06546	87.318195	179.7254	0.971	0
3.45	2.6846788	1	1	1	216.11452	177.32643	171.96927	0.971	0
3.55	2.6846788	1	1	1	44.494183	93.746209	359.6479	0.971	0
3.65	2.6846788	1	1	1	134.51731	90.350861	273.7472	0.971	0
3.75	2.6846788	1	1	1	134.51846	90.349142	273.74835	0.971	0
3.85	2.6846788	1	1	1	44.494756	93.747354	359.64905	0.971	0
3.95	2.6846788	1	1	1	229.85004	176.23666	95.343615	0.971	0
4.05	2.6846788	1	1	1	134.51846	90.349142	273.74835	0.971	0
4.15	2.6846788	1	1	1	44.498767	93.753657	359.65592	0.971	0
4.25	2.6846788	1	1	1	134.32766	91.465264	274.13567	0.971	0
4.35	2.6846788	1	1	1	244.1843	175.63964	199.88664	0.971	0
4.45	2.6846788	1	1	1	44.252395	94.087118	358.51172	0.971	0
4.55	2.6846788	1	1	1	64.296178	4.344166	250.00956	0.971	0
4.65	2.6846788	1	1	1	244.1843	175.63964	199.88664	0.971	0
4.75	2.6846788	1	1	1	44.252395	94.087118	358.51172	0.971	0
4.85	2.6846788	1	1	1	64.296178	4.344166	250.00956	0.971	0
4.95	2.6846788	1	1	1	244.31493	175.65568	110.0079	0.971	0
5.05	2.6846788	1	1	1	134.35918	91.483598	274.08124	0.971	0
5.15	2.6846788	1	1	1	64.239455	4.3349987	250.06342	0.971	0
5.25	2.6846788	1	1	1	134.34313	91.455523	274.0692	0.971	0
5.35	2.6846788	1	1	1	134.32537	91.425729	274.05946	0.971	0
5.45	2.6846788	1	1	1	44.211142	94.051595	88.606777	0.971	0
5.55	2.6846788	1	1	1	134.19531	89.991043	274.19354	0.971	0
5.65	2.6846788	1	1	1	134.19416	89.993908	274.19411	0.971	0
5.75	2.6846788	1	1	1	134.19416	89.993335	274.19354	0.971	0
5.85	2.6846788	1	1	1	134.19875	89.987032	274.19067	0.971	0
5.95	2.6846788	1	1	1	134.19703	89.989897	274.19239	0.971	0
6.05	2.6846788	1	1	1	134.19875	89.988178	274.18953	0.971	0
6.15	2.6846788	1	1	1	134.20219	89.983595	274.18208	0.971	0
6.25	2.6846788	1	1	1	247.27254	176.7019	203.13474	0.971	0
6.35	2.6846788	1	1	1	314.1751	88.712774	356.9676	0.971	0
6.45	2.6846788	1	1	1	67.304206	3.2973721	246.83537	0.971	0
6.55	2.6846788	1	1	1	247.21983	176.70362	203.08088	0.971	0
6.65	2.6846788	1	1	1	314.1751	88.712774	356.9676	0.971	0
6.75	2.6846788	1	1	1	214.41055	177.42612	169.82125	0.971	0
6.85	2.6846788	1	1	1	134.57976	89.545855	272.53368	0.971	0
6.95	2.6846788	1	1	1	34.462838	2.5748723	280.12709	0.971	0
7.05	2.6846788	1	1	1	46.453126	2.8991664	268.22389	0.971	0
7.15	2.6846788	1	1	1	134.67831	90.094176	272.89865	0.971	0
7.25	2.6846788	1	1	1	47.766345	2.9117715	266.89806	0.971	0
7.35	2.6846788	1	1	1	47.870051	2.9152093	266.79493	0.971	0
7.45	2.6846788	1	1	1	44.658622	92.911982	359.82838	0.971	0
7.55	2.6846788	1	1	1	47.766345	2.9117715	266.89806	0.971	0
7.65	2.6846788	1	1	1	249.53171	176.80102	205.21744	0.971	0
7.75	2.6846788	1	1	1	249.65261	176.82051	205.33203	0.971	0
7.85	2.6846788	1	1	1	134.35975	91.359266	272.86256	0.971	0
7.95	2.6846788	1	1	1	249.53171	176.80102	205.21744	0.971	0
8.05	2.6846788	1	1	1	134.3672	91.361558	272.84537	0.971	0
8.15	2.6846788	1	1	1	134.36605	91.359266	272.84766	0.971	0
8.25	2.6846788	1	1	1	134.37235	91.366715	272.83333	0.971	0
8.35	2.6846788	1	1	1	134.37235	91.366715	272.83219	0.971	0
8.45	2.6846788	1	1	1	134.37178	91.365569	272.83448	0.971	0
8.55	2.6846788	1	1	1	44.30568	92.829476	88.630841	0.971	0
8.65	2.6846788	1	1	1	134.02629	91.754034	272.25694	0.971	0
8.75	2.6846788	1	1	1	43.956749	92.255372	88.244095	0.971	0
8.85	2.6846788	1	1	1	43.957895	92.245632	88.2567	0.971	0
8.95	2.6846788	1	1	1	134.02571	91.754034	272.25694	0.971	0
9.05	2.6846788	1	1	1	81.880253	2.8573405	232.11093	0.971	0
9.15	2.6846788	1	1	1	133.77075	91.63887	271.85014	0.971	0
9.25	2.6846788	1	1	1	43.717253	91.849718	88.356968	0.971	0
9.35	2.6846788	1	1	1	43.71668	91.849145	88.356395	0.971	0
9.45	2.6846788	1	1	1	43.717253	91.849145	88.358113	0.971	0
9.55	2.6846788	1	1	1	43.718399	91.849718	88.362697	0.971	0
9.65	2.6846788	1	1	1	43.735014	91.799298	88.52026	0.971	0
9.75	2.6846788	1	1	1	43.73616	91.799871	88.522552	0.971	0
9.85	2.6846788	1	1	1	133.77992	91.496203	271.80258	0.971	0
9.95	2.6846788	1	1	1	43.735014	91.798725	88.52026	0.971	0
0	2.7712813	1	1	1	132.90386	91.605065	271.50579	0.971	0
0.1	2.7712813	1	1	1	132.88954	91.497349	271.52012	0.971	0
0.2	2.7712813	1	1	1	44.131501	95.184333	88.129503	0.971	0
0.3	2.7712813	1	1	1	52.062383	5.0185373	262.12418	0.971	0
0.4	2.7712813	1	1	1	232.09718	174.98074	277.91146	0.971	0
0.5	2.7712813	1	1	1	44.152128	94.975776	359.30642	0.971	0
0.6	2.7712813	1	1	1	52.080145	5.0122348	262.11444	0.971	0
0.7	2.7712813	1	1	1	232.09718	174.98074	277.91146	0.971	0
0.8	2.7712813	1	1	1	44.152701	94.969473	359.29553	0.971	0
0.9	2.7712813	1	1	1	232.44726	174.98303	278.26383	0.971	0
1	2.7712813	1	1	1	232.83114	174.99506	278.64485	0.971	0
1.1	2.7712813	1	1	1	43.948728	93.178407	88.45036	0.971	0
1.2	2.7712813	1	1	1	43.950447	93.177261	88.446922	0.971	0
1.3	2.7712813	1	1	1	43.933831	93.172105	88.462965	0.971	0
1.4	2.7712813	1	1	1	43.948728	93.178407	88.45036	0.971	0
1.5	2.7712813	1	1	1	43.932685	93.170386	268.46224	0.971	0
1.6	2.7712813	1	1	1	43.930966	93.16924	88.464684	0.971	0
1.7	2.7712813	1	1	1	134.65482	90.089592	273.03215	0.971	0
1.8	2.7712813	1	1	1	134.65597	90.085581	273.02814	0.971	0
1.9	2.7712813	1	1	1	134.65654	90.083862	273.02642	0.971	0
2	2.7712813	1	1	1	134.11624	89.179735	272.26611	0.971	0
2.1	2.7712813	1	1	1	44.140669	92.238184	270.83486	0.971	0
2.2	2.7712813	1	1	1	23.193905	2.3915258	290.92219	0.971	0
2.3	2.7712813	1	1	1	134.09791	89.139628	92.2336	0.971	0
2.4	2.7712813	1	1	1	44.134939	92.238757	270.84345	0.971	0
2.5	2.7712813	1	1	1	23.099366	2.3932447	291.02016	0.971	0
2.6	2.7712813	1	1	1	218.1193	177.31554	174.06057	0.971	0
2.7	2.7712813	1	1	1	44.062746	92.664464	0.28304115	0.971	0
2.8	2.7712813	1	1	1	38.022625	2.6814425	276.0333	0.971	0
2.9	2.7712813	1	1	1	218.1193	177.31554	174.06057	0.971	0
3	2.7712813	1	1	1	224.06374	87.329654	179.71967	0.971	0
3.1	2.7712813	1	1	1	218.09409	177.31382	174.03822	0.971	0
3.2	2.7712813	1	1	1	44.062173	92.674204	0.27845749	0.971	0
3.3	2.7712813	1	1	1	44.201975	92.628368	0.42112398	0.971	0
3.4	2.7712813	1	1	1	314.23584	90.506132	357.36123	0.971	0
3.5	2.7712813	1	1	1	44.495329	93.747927	359.65019	0.971	0
3.6	2.7712813	1	1	1	134.51674	90.352007	273.74606	0.971	0
3.7	2.7712813	1	1	1	134.51789	90.351434	273.7472	0.971	0
3.8	2.7712813	1	1	1	44.495329	93.747927	359.65019	0.971	0
3.9	2.7712813	1	1	1	229.82827	176.23609	95.321842	0.971	0
4	2.7712813	1	1	1	44.173327	92.960683	269.97485	0.971	0
4.1	2.7712813	1	1	1	44.162441	92.954381	269.97026	0.971	0
4.2	2.7712813	1	1	1	44.180776	92.945786	269.97542	0.971	0
4.3	2.7712813	1	1	1	44.173327	92.960683	269.97485	0.971	0
4.4	2.7712813	1	1	1	44.250103	94.08941	358.5123	0.971	0
4.5	2.7712813	1	1	1	244.18716	175.64079	199.88893	0.971	0
4.6	2.7712813	1	1	1	134.3586	91.485317	274.08754	0.971	0
4.7	2.7712813	1	1	1	134.35975	91.483598	274.08066	0.971	0
4.8	2.7712813	1	1	1	64.320242	4.3453119	249.98664	0.971	0
4.9	2.7712813	1	1	1	134.35975	91.484744	274.08066	0.971	0
5	2.7712813	1	1	1	134.35975	91.483598	274.08066	0.971	0
5.1	2.7712813	1	1	1	64.309356	4.3418742	249.99638	0.971	0
5.2	2.7712813	1	1	1	134.35574	91.477296	274.07608	0.971	0
5.3	2.7712813	1	1	1	134.3374	91.445783	274.06577	0.971	0
5.4	2.7712813	1	1	1	44.207132	94.046438	88.676678	0.971	0
5.5	2.7712813	1	1	1	134.19302	89.995627	274.19411	0.971	0
5.6	2.7712813	1	1	1	134.19416	89.993335	274.19411	0.971	0
5.7	2.7712813	1	1	1	134.19531	89.991616	274.19296	0.971	0
5.8	2.7712813	1	1	1	134.19474	89.991616	274.19354	0.971	0
5.9	2.7712813	1	1	1	134.19817	89.988751	274.18953	0.971	0
6	2.7712813	1	1	1	134.19875	89.987032	274.19124	0.971	0
6.1	2.7712813	1	1	1	134.19989	89.986459	274.18723	0.971	0
6.2	2.7712813	1	1	1	134.19817	89.988751	274.18953	0.971	0
6.3	2.7712813	1	1	1	134.20161	89.984168	274.18265	0.971	0
6.4	2.7712813	1	1	1	224.10499	86.966972	91.292803	0.971	0
6.5	2.7712813	1	1	1	67.150654	3.2939344	246.99007	0.971	0
6.6	2.7712813	1	1	1	44.599608	92.533257	0.45550145	0.971	0
6.7	2.7712813	1	1	1	214.3968	177.42669	169.8075	0.971	0
6.8	2.7712813	1	1	1	44.599035	92.532111	0.45722032	0.971	0
6.9	2.7712813	1	1	1	44.599608	92.533257	0.45550145	0.971	0
7	2.7712813	1	1	1	214.24668	177.42956	169.65853	0.971	0
7.1	2.7712813	1	1	1	44.599035	92.532111	0.45722032	0.971	0
7.2	2.7712813	1	1	1	47.848851	2.9146363	266.81613	0.971	0
7.3	2.7712813	1	1	1	47.958286	2.9157822	266.70555	0.971	0
7.4	2.7712813	1	1	1	44.656904	92.90969	359.82781	0.971	0
7.5	2.7712813	1	1	1	47.848851	2.9146363	266.81613	0.971	0
7.6	2.7712813	1	1	1	47.958286	2.9157822	266.70555	0.971	0
7.7	2.7712813	1	1	1	249.58156	176.81592	205.26098	0.971	0
7.8	2.7712813	1	1	1	134.36032	91.358693	272.86198	0.971	0
7.9	2.7712813	1	1	1	249.80673	176.83884	115.47735	0.971	0
8	2.7712813	1	1	1	249.77866	176.83941	205.44834	0.971	0
8.1	2.7712813	1	1	1	134.36834	91.361558	272.84307	0.971	0
8.2	2.7712813	1	1	1	134.3672	91.359839	272.84651	0.971	0
8.3	2.7712813	1	1	1	134.37235	91.366142	272.83391	0.971	0
8.4	2.7712813	1	1	1	70.109408	3.1443924	244.22956	0.971	0
8.5	2.7712813	1	1	1	134.37064	91.364423	272.83677	0.971	0
8.6	2.7712813	1	1	1	134.37235	91.366715	272.83219	0.971	0
8.7	2.7712813	1	1	1	44.305107	92.831195	88.631987	0.971	0
8.8	2.7712813	1	1	1	43.957322	92.253653	88.24696	0.971	0
8.9	2.7712813	1	1	1	133.99649	91.744867	272.21053	0.971	0
9	2.7712813	1	1	1	43.953884	92.24907	88.246387	0.971	0
9.1	2.7712813	1	1	1	134.02743	91.737418	272.24319	0.971	0
9.2	2.7712813	1	1	1	43.717253	91.849145	88.358686	0.971	0
9.3	2.7712813	1	1	1	133.7696	91.645172	271.84957	0.971	0
9.4	2.7712813	1	1	1	133.77018	91.641162	271.85014	0.971	0
9.5	2.7712813	1	1	1	43.717253	91.849145	88.358686	0.971	0
9.6	2.7712813	1	1	1	313.77403	88.386188	268.1494	0.971	0
9.7	2.7712813	1	1	1	43.723555	91.840551	88.406242	0.971	0
9.8	2.7712813	1	1	1	43.731004	91.819924	88.46984	0.971	0
9.9	2.7712813	1	1	1	43.735014	91.79586	88.523698	0.971	0
0.05	2.8578838	1	1	1	132.86777	91.464691	271.40724	0.971	0
0.15	2.8578838	1	1	1	42.646968	91.080236	358.26593	0.971	0
0.25	2.8578838	1	1	1	132.795	91.595325	271.33906	0.971	0
0.35	2.8578838	1	1	1	232.10234	174.98131	277.92177	0.971	0
0.45	2.8578838	1	1	1	44.149836	94.970619	359.30584	0.971	0
0.55	2.8578838	1	1	1	133.31697	94.744301	270.59307	0.971	0
0.65	2.8578838	1	1	1	232.15849	174.98131	277.97678	0.971	0
0.75	2.8578838	1	1	1	44.151555	94.968328	359.29496	0.971	0
0.85	2.8578838	1	1	1	232.13385	174.98131	277.95271	0.971	0
0.95	2.8578838	1	1	1	232.15849	174.98131	277.97678	0.971	0
1.05	2.8578838	1	1	1	44.151555	94.968328	359.29496	0.971	0
1.15	2.8578838	1	1	1	43.948155	93.177261	88.452078	0.971	0
1.25	2.8578838	1	1	1	43.943571	93.16924	88.449214	0.971	0
1.35	2.8578838	1	1	1	43.940706	93.16924	268.45365	0.971	0
1.45	2.8578838	1	1	1	43.934977	93.168667	268.45995	0.971	0
1.55	2.8578838	1	1	1	43.936123	93.16924	88.456662	0.971	0
1.65	2.8578838	1	1	1	43.932112	93.168094	268.46453	0.971	0
1.75	2.8578838	1	1	1	134.65138	90.094748	273.03903	0.971	0
1.85	2.8578838	1	1	1	203.84349	177.59801	159.71714	0.971	0
1.95	2.8578838	1	1	1	134.10249	89.150514	272.23803	0.971	0
2.05	2.8578838	1	1	1	44.134939	92.234746	270.85205	0.971	0
2.15	2.8578838	1	1	1	23.24146	2.3915258	290.87692	0.971	0
2.25	2.8578838	1	1	1	134.10077	89.146503	92.234173	0.971	0
2.35	2.8578838	1	1	1	44.134939	92.234746	270.85205	0.971	0
2.45	2.8578838	1	1	1	23.24146	2.3915258	290.87692	0.971	0
2.55	2.8578838	1	1	1	134.10077	89.146503	92.234173	0.971	0
2.65	2.8578838	1	1	1	224.06374	87.334238	179.71738	0.971	0
2.75	2.8578838	1	1	1	38.032938	2.6825884	276.02414	0.971	0
2.85	2.8578838	1	1	1	224.06202	87.331373	179.7191	0.971	0
2.95	2.8578838	1	1	1	224.06489	87.329081	179.72139	0.971	0
3.05	2.8578838	1	1	1	314.14073	90.379509	357.34518	0.971	0
3.15	2.8578838	1	1	1	314.15906	90.381227	357.31711	0.971	0
3.25	2.8578838	1	1	1	44.201975	92.669621	0.40278933	0.971	0
3.35	2.8578838	1	1	1	314.16078	90.395551	357.34862	0.971	0
3.45	2.8578838	1	1	1	213.18384	177.28403	78.918061	0.971	0
3.55	2.8578838	1	1	1	44.250676	92.63467	0.48816004	0.971	0
3.65	2.8578838	1	1	1	134.51789	90.349715	273.7472	0.971	0
3.75	2.8578838	1	1	1	44.15442	92.914847	0.000268879	0.971	0
3.85	2.8578838	1	1	1	134.16437	90.026567	272.96225	0.971	0
3.95	2.8578838	1	1	1	44.164733	92.957246	359.97219	0.971	0
4.05	2.8578838	1	1	1	44.171608	92.954381	269.97313	0.971	0
4.15	2.8578838	1	1	1	44.165879	92.952089	269.96855	0.971	0
4.25	2.8578838	1	1	1	44.164733	92.957246	359.97219	0.971	0
4.35	2.8578838	1	1	1	44.171608	92.954381	269.97313	0.971	0
4.45	2.8578838	1	1	1	44.20484	92.936046	269.98402	0.971	0
4.55	2.8578838	1	1	1	44.24552	92.906825	0.000572958	0.971	0
4.65	2.8578838	1	1	1	134.35918	91.482452	274.08009	0.971	0
4.75	2.8578838	1	1	1	134.35975	91.484744	274.08238	0.971	0
4.85	2.8578838	1	1	1	134.36032	91.484744	274.08124	0.971	0
4.95	2.8578838	1	1	1	134.35918	91.482452	274.08009	0.971	0
5.05	2.8578838	1	1	1	134.35918	91.483025	274.07952	0.971	0
5.15	2.8578838	1	1	1	134.35115	91.468701	274.07379	0.971	0
5.25	2.8578838	1	1	1	134.31563	91.406249	274.05545	0.971	0
5.35	2.8578838	1	1	1	134.295	91.362131	274.04629	0.971	0
5.45	2.8578838	1	1	1	134.30188	91.375309	274.04915	0.971	0
5.55	2.8578838	1	1	1	134.19302	89.995627	274.19411	0.971	0
5.65	2.8578838	1	1	1	134.19531	89.992762	274.19411	0.971	0
5.75	2.8578838	1	1	1	134.19703	89.99047	274.19239	0.971	0
5.85	2.8578838	1	1	1	134.19302	89.995627	274.19411	0.971	0
5.95	2.8578838	1	1	1	134.19531	89.992762	274.19411	0.971	0
6.05	2.8578838	1	1	1	134.19703	89.99047	274.19239	0.971	0
6.15	2.8578838	1	1	1	134.19588	89.992189	274.19182	0.971	0
6.25	2.8578838	1	1	1	134.20047	89.985887	274.18437	0.971	0
6.35	2.8578838	1	1	1	134.2039	89.979011	274.17291	0.971	0
6.45	2.8578838	1	1	1	66.943816	3.2904966	247.19806	0.971	0
6.55	2.8578838	1	1	1	38.740541	2.606958	275.80011	0.971	0
6.65	2.8578838	1	1	1	214.32002	177.42727	169.73187	0.971	0
6.75	2.8578838	1	1	1	134.57976	89.546428	272.53425	0.971	0
6.85	2.8578838	1	1	1	35.89466	2.6046661	278.70443	0.971	0
6.95	2.8578838	1	1	1	214.32002	177.42727	169.73187	0.971	0
7.05	2.8578838	1	1	1	134.57976	89.546428	272.53425	0.971	0
7.15	2.8578838	1	1	1	47.934795	2.9152093	266.72904	0.971	0
7.25	2.8578838	1	1	1	47.176772	2.9123445	267.49795	0.971	0
7.35	2.8578838	1	1	1	44.654039	92.909117	359.82322	0.971	0
7.45	2.8578838	1	1	1	47.934795	2.9152093	266.72904	0.971	0
7.55	2.8578838	1	1	1	47.965162	2.9175011	266.69925	0.971	0
7.65	2.8578838	1	1	1	69.534158	3.1930938	244.78361	0.971	0
7.75	2.8578838	1	1	1	249.66006	176.82051	205.33948	0.971	0
7.85	2.8578838	1	1	1	134.36376	91.358693	272.85339	0.971	0
7.95	2.8578838	1	1	1	134.36433	91.359266	272.85167	0.971	0
8.05	2.8578838	1	1	1	134.3672	91.361558	272.84479	0.971	0
8.15	2.8578838	1	1	1	134.36892	91.362131	272.84193	0.971	0
8.25	2.8578838	1	1	1	134.36433	91.359266	272.85167	0.971	0
8.35	2.8578838	1	1	1	134.37178	91.365569	272.83391	0.971	0
8.45	2.8578838	1	1	1	134.36949	91.363277	272.83964	0.971	0
8.55	2.8578838	1	1	1	134.37006	91.36385	272.83849	0.971	0
8.65	2.8578838	1	1	1	44.304534	92.832341	88.63256	0.971	0
8.75	2.8578838	1	1	1	134.02571	91.744867	272.24834	0.971	0
8.85	2.8578838	1	1	1	134.02686	91.740283	272.24605	0.971	0
8.95	2.8578838	1	1	1	43.957322	92.248497	88.253262	0.971	0
9.05	2.8578838	1	1	1	43.957322	92.247351	88.253835	0.971	0
9.15	2.8578838	1	1	1	133.77075	91.637724	271.85071	0.971	0
9.25	2.8578838	1	1	1	43.717826	91.849718	88.361551	0.971	0
9.35	2.8578838	1	1	1	43.717253	91.849718	88.35754	0.971	0
9.45	2.8578838	1	1	1	133.77189	91.626838	271.84957	0.971	0
9.55	2.8578838	1	1	1	43.717826	91.849718	88.361551	0.971	0
9.65	2.8578838	1	1	1	43.734441	91.797579	88.521406	0.971	0
9.75	2.8578838	1	1	1	43.734441	91.799871	88.514531	0.971	0
9.85	2.8578838	1	1	1	43.734441	91.804455	88.509947	0.971	0
9.95	2.8578838	1	1	1	43.734441	91.797006	88.521406	0.971	0
0	2.9444864	1	1	1	107.09613	2.7880126	205.85457	0.971	0
0.1	2.9444864	1	1	1	90.334245	2.3697534	222.5815	0.971	0
0.2	2.9444864	1	1	1	93.795483	2.267194	219.04348	0.971	0
0.3	2.9444864	1	1	1	43.262897	90.586346	265.25138	0.971	0
0.4	2.9444864	1	1	1	43.262897	90.586346	85.251536	0.971	0
0.5	2.9444864	1	1	1	133.31238	94.736853	270.58734	0.971	0
0.6	2.9444864	1	1	1	43.262897	90.586346	265.25138	0.971	0
0.7	2.9444864	1	1	1	43.262897	90.586346	85.251536	0.971	0
0.8	2.9444864	1	1	1	133.31181	94.748885	270.58849	0.971	0
0.9	2.9444864	1	1	1	146.20794	5.4665903	347.3528	0.971	0
1	2.9444864	1	1	1	43.616412	88.805593	84.672276	0.971	0
1.1	2.9444864	1	1	1	133.51005	95.313248	268.80315	0.971	0
1.2	2.9444864	1	1	1	43.93956	93.167521	268.45365	0.971	0
1.3	2.9444864	1	1	1	43.93956	93.168094	268.45365	0.971	0
1.4	2.9444864	1	1	1	43.93956	93.167521	268.45365	0.971	0
1.5	2.9444864	1	1	1	43.93956	93.167521	268.45365	0.971	0
1.6	2.9444864	1	1	1	43.93956	93.168094	268.45365	0.971	0
1.7	2.9444864	1	1	1	43.733296	89.138482	85.506502	0.971	0
1.8	2.9444864	1	1	1	313.66746	85.512232	90.859074	0.971	0
1.9	2.9444864	1	1	1	324.76909	175.45687	11.078712	0.971	0
2	2.9444864	1	1	1	43.733296	89.138482	85.506502	0.971	0
2.1	2.9444864	1	1	1	313.66746	85.512232	90.859074	0.971	0
2.2	2.9444864	1	1	1	133.64126	94.406256	269.10567	0.971	0
2.3	2.9444864	1	1	1	133.64011	94.39938	269.10395	0.971	0
2.4	2.9444864	1	1	1	313.65199	85.564371	90.879128	0.971	0
2.5	2.9444864	1	1	1	133.64126	94.406256	269.10567	0.971	0
2.6	2.9444864	1	1	1	133.64011	94.39938	269.10395	0.971	0
2.7	2.9444864	1	1	1	313.62908	85.651461	90.915797	0.971	0
2.8	2.9444864	1	1	1	132.85917	93.150905	268.01018	0.971	0
2.9	2.9444864	1	1	1	42.927717	87.949022	86.92973	0.971	0
3	2.9444864	1	1	1	132.74802	92.736084	267.81079	0.971	0
3.1	2.9444864	1	1	1	44.178484	92.695404	0.37700623	0.971	0
3.2	2.9444864	1	1	1	44.178484	92.695404	0.37700623	0.971	0
3.3	2.9444864	1	1	1	42.828022	87.769113	267.3719	0.971	0
3.4	2.9444864	1	1	1	42.828022	87.769113	267.3719	0.971	0
3.5	2.9444864	1	1	1	44.200829	92.675923	0.41482144	0.971	0
3.6	2.9444864	1	1	1	224.26141	177.06287	0.10198649	0.971	0
3.7	2.9444864	1	1	1	224.48028	177.05714	0.32372115	0.971	0
3.8	2.9444864	1	1	1	44.371571	2.9117715	269.7789	0.971	0
3.9	2.9444864	1	1	1	224.26141	177.06287	0.10198649	0.971	0
4	2.9444864	1	1	1	44.153274	92.952089	269.97026	0.971	0
4.1	2.9444864	1	1	1	44.152128	92.952089	269.96511	0.971	0
4.2	2.9444864	1	1	1	44.170462	92.950943	269.96969	0.971	0
4.3	2.9444864	1	1	1	44.163587	92.951516	269.97084	0.971	0
4.4	2.9444864	1	1	1	44.256406	92.891355	270.00464	0.971	0
4.5	2.9444864	1	1	1	44.231196	92.910263	269.99433	0.971	0
4.6	2.9444864	1	1	1	44.431731	92.738376	0.15126086	0.971	0
4.7	2.9444864	1	1	1	44.39277	92.775045	270.1135	0.971	0
4.8	2.9444864	1	1	1	44.440325	92.741814	270.15189	0.971	0
4.9	2.9444864	1	1	1	134.3586	91.481879	274.07894	0.971	0
5	2.9444864	1	1	1	64.239455	4.3349987	250.06342	0.971	0
5.1	2.9444864	1	1	1	134.34313	91.455523	274.0692	0.971	0
5.2	2.9444864	1	1	1	134.34141	91.452086	274.06749	0.971	0
5.3	2.9444864	1	1	1	44.211142	94.051595	88.606777	0.971	0
5.4	2.9444864	1	1	1	233.61953	175.96508	99.419064	0.971	0
5.5	2.9444864	1	1	1	134.19416	89.993908	274.19411	0.971	0
5.6	2.9444864	1	1	1	134.19416	89.993335	274.19354	0.971	0
5.7	2.9444864	1	1	1	134.19531	89.991043	274.19354	0.971	0
5.8	2.9444864	1	1	1	134.19416	89.993908	274.19411	0.971	0
5.9	2.9444864	1	1	1	134.19416	89.993335	274.19354	0.971	0
6	2.9444864	1	1	1	134.19646	89.99047	274.19296	0.971	0
6.1	2.9444864	1	1	1	134.19703	89.989897	274.19239	0.971	0
6.2	2.9444864	1	1	1	134.19875	89.988178	274.18953	0.971	0
6.3	2.9444864	1	1	1	134.20219	89.983595	274.18208	0.971	0
6.4	2.9444864	1	1	1	134.20906	89.974427	274.10244	0.971	0
6.5	2.9444864	1	1	1	38.880343	2.6046661	275.65343	0.971	0
6.6	2.9444864	1	1	1	214.41055	177.42612	169.82125	0.971	0
6.7	2.9444864	1	1	1	134.57976	89.545855	272.53368	0.971	0
6.8	2.9444864	1	1	1	34.462838	2.5748723	280.12709	0.971	0
6.9	2.9444864	1	1	1	214.41055	177.42612	169.82125	0.971	0
7	2.9444864	1	1	1	134.57976	89.545855	272.53368	0.971	0
7.1	2.9444864	1	1	1	34.462838	2.5748723	280.12709	0.971	0
7.2	2.9444864	1	1	1	228.15409	177.08235	183.4926	0.971	0
7.3	2.9444864	1	1	1	228.17013	177.08235	93.51015	0.971	0
7.4	2.9444864	1	1	1	48.170281	2.9140633	266.48725	0.971	0
7.5	2.9444864	1	1	1	228.15409	177.08235	183.4926	0.971	0
7.6	2.9444864	1	1	1	228.17013	177.08235	93.51015	0.971	0
7.7	2.9444864	1	1	1	249.57927	176.81936	205.25697	0.971	0
7.8	2.9444864	1	1	1	249.53171	176.80102	205.21744	0.971	0
7.9	2.9444864	1	1	1	134.36491	91.358693	272.8511	0.971	0
8	2.9444864	1	1	1	134.36605	91.359266	272.84766	0.971	0
8.1	2.9444864	1	1	1	134.3672	91.359839	272.84651	0.971	0
8.2	2.9444864	1	1	1	134.37121	91.364996	272.83677	0.971	0
8.3	2.9444864	1	1	1	134.36605	91.359266	272.84766	0.971	0
8.4	2.9444864	1	1	1	134.36949	91.363277	272.83964	0.971	0
8.5	2.9444864	1	1	1	134.37121	91.364996	272.83677	0.971	0
8.6	2.9444864	1	1	1	134.37235	91.366142	272.83276	0.971	0
8.7	2.9444864	1	1	1	44.30568	92.830049	88.630841	0.971	0
8.8	2.9444864	1	1	1	134.02743	91.73971	272.24605	0.971	0
8.9	2.9444864	1	1	1	43.958468	92.247351	88.255554	0.971	0
9	2.9444864	1	1	1	134.02743	91.739137	272.24491	0.971	0
9.1	2.9444864	1	1	1	133.77247	91.629129	271.85129	0.971	0
9.2	2.9444864	1	1	1	43.719545	91.850291	88.370718	0.971	0
9.3	2.9444864	1	1	1	133.77075	91.637724	271.85071	0.971	0
9.4	2.9444864	1	1	1	133.77247	91.629129	271.85129	0.971	0
9.5	2.9444864	1	1	1	43.719545	91.849718	88.371864	0.971	0
9.6	2.9444864	1	1	1	43.735587	91.799298	88.521979	0.971	0
9.7	2.9444864	1	1	1	133.78163	91.469274	271.79342	0.971	0
9.8	2.9444864	1	1	1	43.735014	91.799298	88.52026	0.971	0
9.9	2.9444864	1	1	1	43.735587	91.799298	88.522552	0.971	0
0.05	3.0310889	1	1	1	42.885318	88.441192	83.343014	0.971	0
0.15	3.0310889	1	1	1	42.891048	88.452651	83.34416	0.971	0
0.25	3.0310889	1	1	1	42.898496	88.462392	83.347025	0.971	0
0.35	3.0310889	1	1	1	126.22948	4.7870624	277.05833	0.971	0
0.45	3.0310889	1	1	1	43.265762	90.582336	85.259558	0.971	0
0.55	3.0310889	1	1	1	133.31009	94.751176	270.58906	0.971	0
0.65	3.0310889	1	1	1	133.31295	94.751749	270.59593	0.971	0
0.75	3.0310889	1	1	1	43.266335	90.586346	85.254401	0.971	0
0.85	3.0310889	1	1	1	326.13617	174.52982	12.575851	0.971	0
0.95	3.0310889	1	1	1	146.15237	5.4814872	347.40952	0.971	0
1.05	3.0310889	1	1	1	43.620423	88.810177	84.678578	0.971	0
1.15	3.0310889	1	1	1	133.49802	95.313248	268.80945	0.971	0
1.25	3.0310889	1	1	1	133.5175	95.314394	268.80487	0.971	0
1.35	3.0310889	1	1	1	43.620423	88.810177	84.678578	0.971	0
1.45	3.0310889	1	1	1	133.51005	95.313248	268.80888	0.971	0
1.55	3.0310889	1	1	1	133.5175	95.314394	268.80487	0.971	0
1.65	3.0310889	1	1	1	43.628444	88.811323	84.6866	0.971	0
1.75	3.0310889	1	1	1	43.743036	89.147076	85.471552	0.971	0
1.85	3.0310889	1	1	1	313.67377	85.506502	90.852199	0.971	0
1.95	3.0310889	1	1	1	324.67398	175.44311	10.981309	0.971	0
2.05	3.0310889	1	1	1	43.738452	89.149368	85.499627	0.971	0
2.15	3.0310889	1	1	1	313.66059	85.539161	90.867096	0.971	0
2.25	3.0310889	1	1	1	133.63267	94.393651	269.09822	0.971	0
2.35	3.0310889	1	1	1	133.64871	94.42058	269.11484	0.971	0
2.45	3.0310889	1	1	1	313.63939	85.626824	90.904911	0.971	0
2.55	3.0310889	1	1	1	133.61949	94.30828	269.06957	0.971	0
2.65	3.0310889	1	1	1	313.12373	85.154133	1.3338457	0.971	0
2.75	3.0310889	1	1	1	148.55764	5.0248399	344.62208	0.971	0
2.85	3.0310889	1	1	1	132.96116	93.333679	268.16717	0.971	0
2.95	3.0310889	1	1	1	42.958657	88.000015	86.855245	0.971	0
3.05	3.0310889	1	1	1	132.80302	92.988758	267.90189	0.971	0
3.15	3.0310889	1	1	1	132.74114	92.5493	357.79839	0.971	0
3.25	3.0310889	1	1	1	42.8412	87.816095	267.36961	0.971	0
3.35	3.0310889	1	1	1	42.830314	87.782864	267.38737	0.971	0
3.45	3.0310889	1	1	1	42.833179	87.761664	267.50311	0.971	0
3.55	3.0310889	1	1	1	132.75661	91.823362	357.27356	0.971	0
3.65	3.0310889	1	1	1	222.84449	92.699415	91.837686	0.971	0
3.75	3.0310889	1	1	1	42.842919	87.394971	268.0394	0.971	0
3.85	3.0310889	1	1	1	44.151555	92.949224	269.96568	0.971	0
3.95	3.0310889	1	1	1	44.15843	92.949797	269.9674	0.971	0
4.05	3.0310889	1	1	1	44.152128	92.949224	269.96568	0.971	0
4.15	3.0310889	1	1	1	44.151555	92.949224	269.96568	0.971	0
4.25	3.0310889	1	1	1	44.176192	92.952662	269.97084	0.971	0
4.35	3.0310889	1	1	1	44.225466	92.920003	269.99204	0.971	0
4.45	3.0310889	1	1	1	44.278178	92.871302	270.01553	0.971	0
4.55	3.0310889	1	1	1	44.378446	92.759002	0.13120734	0.971	0
4.65	3.0310889	1	1	1	44.376727	92.799682	270.08944	0.971	0
4.75	3.0310889	1	1	1	44.404802	92.760721	270.12153	0.971	0
4.85	3.0310889	1	1	1	44.246666	93.938149	359.33449	0.971	0
4.95	3.0310889	1	1	1	54.305513	4.0582601	259.93491	0.971	0
5.05	3.0310889	1	1	1	234.37755	175.91867	100.15474	0.971	0
5.15	3.0310889	1	1	1	134.24516	90.719845	274.01707	0.971	0
5.25	3.0310889	1	1	1	134.24688	90.724429	274.0142	0.971	0
5.35	3.0310889	1	1	1	234.35062	175.91752	100.12953	0.971	0
5.45	3.0310889	1	1	1	134.24287	90.7187	274.01535	0.971	0
5.55	3.0310889	1	1	1	134.19531	89.991616	274.19296	0.971	0
5.65	3.0310889	1	1	1	134.19474	89.991616	274.19354	0.971	0
5.75	3.0310889	1	1	1	134.19646	89.99047	274.19296	0.971	0
5.85	3.0310889	1	1	1	134.19531	89.991616	274.19296	0.971	0
5.95	3.0310889	1	1	1	134.19474	89.991616	274.19354	0.971	0
6.05	3.0310889	1	1	1	134.19646	89.99047	274.19296	0.971	0
6.15	3.0310889	1	1	1	134.19875	89.987032	274.19124	0.971	0
6.25	3.0310889	1	1	1	134.19989	89.986459	274.18723	0.971	0
6.35	3.0310889	1	1	1	134.20505	89.969844	274.14942	0.971	0
6.45	3.0310889	1	1	1	134.53565	89.654144	272.60472	0.971	0
6.55	3.0310889	1	1	1	44.17963	88.45036	2.3290734	0.971	0
6.65	3.0310889	1	1	1	44.187651	88.409107	2.3720453	0.971	0
6.75	3.0310889	1	1	1	44.599608	92.533257	0.45550145	0.971	0
6.85	3.0310889	1	1	1	214.3968	177.42669	169.8075	0.971	0
6.95	3.0310889	1	1	1	44.599035	92.532111	0.45722032	0.971	0
7.05	3.0310889	1	1	1	44.599035	92.532684	0.45664736	0.971	0
7.15	3.0310889	1	1	1	214.24668	177.42956	169.65853	0.971	0
7.25	3.0310889	1	1	1	44.656904	92.90969	359.82781	0.971	0
7.35	3.0310889	1	1	1	48.153665	2.9163552	266.50559	0.971	0
7.45	3.0310889	1	1	1	47.958286	2.9157822	266.70555	0.971	0
7.55	3.0310889	1	1	1	44.656904	92.90969	359.82781	0.971	0
7.65	3.0310889	1	1	1	48.153665	2.9163552	266.50559	0.971	0
7.75	3.0310889	1	1	1	249.57125	176.82681	115.2453	0.971	0
7.85	3.0310889	1	1	1	249.77866	176.83941	205.44834	0.971	0
7.95	3.0310889	1	1	1	134.36605	91.359266	272.84766	0.971	0
8.05	3.0310889	1	1	1	134.3672	91.359839	272.84651	0.971	0
8.15	3.0310889	1	1	1	249.77866	176.83941	205.44834	0.971	0
8.25	3.0310889	1	1	1	134.36605	91.359266	272.84766	0.971	0
8.35	3.0310889	1	1	1	134.3672	91.359839	272.84651	0.971	0
8.45	3.0310889	1	1	1	134.36949	91.362704	272.84078	0.971	0
8.55	3.0310889	1	1	1	134.37064	91.364423	272.83677	0.971	0
8.65	3.0310889	1	1	1	44.304534	92.833487	88.633133	0.971	0
8.75	3.0310889	1	1	1	134.3735	91.367288	272.83047	0.971	0
8.85	3.0310889	1	1	1	133.97014	91.695593	272.14808	0.971	0
8.95	3.0310889	1	1	1	43.959614	92.242194	88.261857	0.971	0
9.05	3.0310889	1	1	1	43.72642	91.849718	268.40093	0.971	0
9.15	3.0310889	1	1	1	43.724701	91.849718	88.393064	0.971	0
9.25	3.0310889	1	1	1	133.7759	91.606784	271.85071	0.971	0
9.35	3.0310889	1	1	1	43.720118	91.850864	88.371291	0.971	0
9.45	3.0310889	1	1	1	133.77361	91.618243	271.85071	0.971	0
9.55	3.0310889	1	1	1	313.77575	88.393637	268.1494	0.971	0
9.65	3.0310889	1	1	1	43.726993	91.842843	88.419993	0.971	0
9.75	3.0310889	1	1	1	44.125772	88.499061	359.31558	0.971	0
9.85	3.0310889	1	1	1	44.122907	88.496196	359.31215	0.971	0
9.95	3.0310889	1	1	1	44.124053	88.496196	359.31215	0.971	0
0	3.1176915	1	1	1	42.885318	88.441192	83.343014	0.971	0
0.1	3.1176915	1	1	1	42.886464	88.440619	83.344733	0.971	0
0.2	3.1176915	1	1	1	42.890475	88.448068	83.347025	0.971	0
0.3	3.1176915	1	1	1	132.8036	97.820511	269.32225	0.971	0
0.4	3.1176915	1	1	1	132.8036	97.819938	269.3234	0.971	0
0.5	3.1176915	1	1	1	42.89735	89.32985	82.178764	0.971	0
0.6	3.1176915	1	1	1	133.31066	94.75576	270.59307	0.971	0
0.7	3.1176915	1	1	1	133.31697	94.744301	270.59307	0.971	0
0.8	3.1176915	1	1	1	43.194142	89.264533	83.098934	0.971	0
0.9	3.1176915	1	1	1	43.229093	89.254219	83.209515	0.971	0
1	3.1176915	1	1	1	146.15638	5.4763306	347.4078	0.971	0
1.1	3.1176915	1	1	1	133.51349	95.314394	268.80487	0.971	0
1.2	3.1176915	1	1	1	133.50432	95.313821	268.80716	0.971	0
1.3	3.1176915	1	1	1	43.632455	88.803875	84.684308	0.971	0
1.4	3.1176915	1	1	1	133.51349	95.314394	268.80487	0.971	0
1.5	3.1176915	1	1	1	133.51865	95.31554	268.80086	0.971	0
1.6	3.1176915	1	1	1	43.632455	88.803875	84.684308	0.971	0
1.7	3.1176915	1	1	1	43.743609	89.150514	85.481865	0.971	0
1.8	3.1176915	1	1	1	43.744755	89.148222	85.475563	0.971	0
1.9	3.1176915	1	1	1	313.6709	85.503638	90.856209	0.971	0
2	3.1176915	1	1	1	324.52272	175.43681	10.823746	0.971	0
2.1	3.1176915	1	1	1	43.731004	89.139628	85.525983	0.971	0
2.2	3.1176915	1	1	1	324.44881	175.42822	10.746396	0.971	0
2.3	3.1176915	1	1	1	133.63668	94.393651	269.09937	0.971	0
2.4	3.1176915	1	1	1	133.64126	94.3799	269.0988	0.971	0
2.5	3.1176915	1	1	1	133.6384	94.369014	269.09536	0.971	0
2.6	3.1176915	1	1	1	313.1243	85.15356	1.3338457	0.971	0
2.7	3.1176915	1	1	1	148.55764	5.0236939	344.62265	0.971	0
2.8	3.1176915	1	1	1	223.23639	91.331191	184.84535	0.971	0
2.9	3.1176915	1	1	1	132.92621	93.229401	268.10758	0.971	0
3	3.1176915	1	1	1	42.964386	88.000015	86.856391	0.971	0
3.1	3.1176915	1	1	1	132.76349	92.56878	357.86027	0.971	0
3.2	3.1176915	1	1	1	132.75432	92.568207	357.83965	0.971	0
3.3	3.1176915	1	1	1	42.839481	87.816095	267.39138	0.971	0
3.4	3.1176915	1	1	1	132.76349	92.56878	357.86027	0.971	0
3.5	3.1176915	1	1	1	132.75489	91.807892	357.2432	0.971	0
3.6	3.1176915	1	1	1	132.75661	91.791849	357.20538	0.971	0
3.7	3.1176915	1	1	1	222.84449	92.729208	91.823362	0.971	0
3.8	3.1176915	1	1	1	132.75203	91.846853	357.33544	0.971	0
3.9	3.1176915	1	1	1	132.61796	92.364807	357.65573	0.971	0
4	3.1176915	1	1	1	132.6191	92.367099	357.65974	0.971	0
4.1	3.1176915	1	1	1	133.04309	92.96584	358.50084	0.971	0
4.2	3.1176915	1	1	1	133.07403	93.004228	268.56079	0.971	0
4.3	3.1176915	1	1	1	44.165879	92.952089	269.96855	0.971	0
4.4	3.1176915	1	1	1	44.208278	92.933181	269.98459	0.971	0
4.5	3.1176915	1	1	1	133.07403	93.004228	268.56079	0.971	0
4.6	3.1176915	1	1	1	44.231769	92.913701	269.99834	0.971	0
4.7	3.1176915	1	1	1	44.295367	92.859843	270.03615	0.971	0
4.8	3.1176915	1	1	1	234.35578	175.92497	100.12839	0.971	0
4.9	3.1176915	1	1	1	54.382862	4.0788865	259.84094	0.971	0
5	3.1176915	1	1	1	234.38328	175.92039	280.16032	0.971	0
5.1	3.1176915	1	1	1	234.37641	175.91982	280.15459	0.971	0
5.2	3.1176915	1	1	1	54.382862	4.0788865	259.84094	0.971	0
5.3	3.1176915	1	1	1	234.38328	175.92039	280.16032	0.971	0
5.4	3.1176915	1	1	1	234.37641	175.91982	280.15459	0.971	0
5.5	3.1176915	1	1	1	134.19302	90.573741	273.92425	0.971	0
5.6	3.1176915	1	1	1	233.3955	175.988	279.20233	0.971	0
5.7	3.1176915	1	1	1	134.19302	89.995627	274.19411	0.971	0
5.8	3.1176915	1	1	1	134.19531	89.992762	274.19411	0.971	0
5.9	3.1176915	1	1	1	134.19703	89.99047	274.19239	0.971	0
6	3.1176915	1	1	1	134.19474	89.993335	274.19354	0.971	0
6.1	3.1176915	1	1	1	134.20047	89.985887	274.18437	0.971	0
6.2	3.1176915	1	1	1	134.20161	89.975573	274.14197	0.971	0
6.3	3.1176915	1	1	1	134.20047	89.984168	274.1752	0.971	0
6.4	3.1176915	1	1	1	44.171035	88.437182	2.3221979	0.971	0
6.5	3.1176915	1	1	1	44.187651	88.434317	2.3514188	0.971	0
6.6	3.1176915	1	1	1	44.148117	88.480726	2.2196385	0.971	0
6.7	3.1176915	1	1	1	44.171035	88.437182	2.3221979	0.971	0
6.8	3.1176915	1	1	1	279.69393	2.9003124	34.518415	0.971	0
6.9	3.1176915	1	1	1	134.57976	89.546428	272.53425	0.971	0
7	3.1176915	1	1	1	36.362766	2.5508081	278.19164	0.971	0
7.1	3.1176915	1	1	1	40.499522	2.593207	274.08124	0.971	0
7.2	3.1176915	1	1	1	44.654039	92.909117	359.82322	0.971	0
7.3	3.1176915	1	1	1	47.934795	2.9152093	266.72904	0.971	0
7.4	3.1176915	1	1	1	47.965162	2.9175011	266.69925	0.971	0
7.5	3.1176915	1	1	1	44.654039	92.909117	359.82322	0.971	0
7.6	3.1176915	1	1	1	48.029906	2.9146363	266.63107	0.971	0
7.7	3.1176915	1	1	1	249.58042	176.81936	115.25791	0.971	0
7.8	3.1176915	1	1	1	69.534158	3.1930938	244.78361	0.971	0
7.9	3.1176915	1	1	1	134.36433	91.358693	272.85167	0.971	0
8	3.1176915	1	1	1	134.36376	91.358693	272.85339	0.971	0
8.1	3.1176915	1	1	1	134.36605	91.359266	272.8488	0.971	0
8.2	3.1176915	1	1	1	134.36433	91.358693	272.85167	0.971	0
8.3	3.1176915	1	1	1	134.36949	91.362704	272.84021	0.971	0
8.4	3.1176915	1	1	1	134.3672	91.359839	272.84651	0.971	0
8.5	3.1176915	1	1	1	134.36892	91.362131	272.84193	0.971	0
8.6	3.1176915	1	1	1	134.37064	91.36385	272.83735	0.971	0
8.7	3.1176915	1	1	1	134.37178	91.365569	272.83391	0.971	0
8.8	3.1176915	1	1	1	133.90367	92.170575	271.25713	0.971	0
8.9	3.1176915	1	1	1	43.962479	91.004605	268.27546	0.971	0
9	3.1176915	1	1	1	134.00509	91.647464	270.97695	0.971	0
9.1	3.1176915	1	1	1	43.985397	90.943872	88.399366	0.971	0
9.2	3.1176915	1	1	1	134.01139	91.598763	270.94257	0.971	0
9.3	3.1176915	1	1	1	43.976803	90.976531	88.352384	0.971	0
9.4	3.1176915	1	1	1	134.01196	91.599909	270.94429	0.971	0
9.5	3.1176915	1	1	1	43.985397	90.940434	88.402231	0.971	0
9.6	3.1176915	1	1	1	44.125199	88.491613	359.31043	0.971	0
9.7	3.1176915	1	1	1	44.125772	88.496196	359.31387	0.971	0
9.8	3.1176915	1	1	1	44.124626	88.493904	269.31079	0.971	0
9.9	3.1176915	1	1	1	44.125199	88.490467	359.30928	0.971	0
0.05	3.204294	1	1	1	42.931728	88.479008	83.35963	0.971	0
0.15	3.204294	1	1	1	42.904799	88.453797	83.351608	0.971	0
0.25	3.204294	1	1	1	132.80474	97.820511	269.3234	0.971	0
0.35	3.204294	1	1	1	132.80302	97.819938	269.3234	0.971	0
0.45	3.204294	1	1	1	42.896204	89.32985	82.179337	0.971	0
0.55	3.204294	1	1	1	132.80474	97.819365	269.32397	0.971	0
0.65	3.204294	1	1	1	133.13648	96.804084	359.24396	0.971	0
0.75	3.204294	1	1	1	43.229093	89.254219	263.21108	0.971	0
0.85	3.204294	1	1	1	43.19758	89.269116	83.11956	0.971	0
0.95	3.204294	1	1	1	133.13648	96.804084	359.24396	0.971	0
1.05	3.204294	1	1	1	133.14852	96.754237	269.25464	0.971	0
1.15	3.204294	1	1	1	43.619277	88.807885	84.676287	0.971	0
1.25	3.204294	1	1	1	133.52037	95.314394	268.79685	0.971	0
1.35	3.204294	1	1	1	133.51922	95.314967	268.80086	0.971	0
1.45	3.204294	1	1	1	43.62959	88.803302	84.684308	0.971	0
1.55	3.204294	1	1	1	133.52037	95.314394	268.79685	0.971	0
1.65	3.204294	1	1	1	313.47151	85.127777	1.1825849	0.971	0
1.75	3.204294	1	1	1	223.57673	91.170763	184.86884	0.971	0
1.85	3.204294	1	1	1	133.47739	94.865195	268.82664	0.971	0
1.95	3.204294	1	1	1	313.67205	85.502492	90.852199	0.971	0
2.05	3.204294	1	1	1	324.70263	175.45687	11.01053	0.971	0
2.15	3.204294	1	1	1	133.63267	94.377035	269.09192	0.971	0
2.25	3.204294	1	1	1	313.64741	85.574684	90.884857	0.971	0
2.35	3.204294	1	1	1	133.63438	94.370733	269.09135	0.971	0
2.45	3.204294	1	1	1	133.63267	94.377035	269.09192	0.971	0
2.55	3.204294	1	1	1	313.12373	85.15356	1.3344187	0.971	0
2.65	3.204294	1	1	1	148.55077	5.0248399	344.6301	0.971	0
2.75	3.204294	1	1	1	223.23696	91.331191	184.84478	0.971	0
2.85	3.204294	1	1	1	313.12373	85.155279	1.3349917	0.971	0
2.95	3.204294	1	1	1	148.68312	5.0150996	344.49489	0.971	0
3.05	3.204294	1	1	1	223.23582	91.33291	184.84306	0.971	0
3.15	3.204294	1	1	1	42.829168	87.811512	267.46128	0.971	0
3.25	3.204294	1	1	1	132.75146	92.572791	357.83621	0.971	0
3.35	3.204294	1	1	1	132.63744	92.375121	267.63202	0.971	0
3.45	3.204294	1	1	1	132.64431	92.372256	357.6265	0.971	0
3.55	3.204294	1	1	1	42.733484	87.638478	267.60911	0.971	0
3.65	3.204294	1	1	1	222.72245	92.363088	182.38049	0.971	0
3.75	3.204294	1	1	1	222.84048	92.728063	91.819351	0.971	0
3.85	3.204294	1	1	1	132.61738	92.369964	357.64369	0.971	0
3.95	3.204294	1	1	1	132.61796	92.36538	357.67291	0.971	0
4.05	3.204294	1	1	1	132.62082	92.372256	357.66317	0.971	0
4.15	3.204294	1	1	1	133.02075	92.936046	358.46016	0.971	0
4.25	3.204294	1	1	1	133.04309	92.968132	268.50521	0.971	0
4.35	3.204294	1	1	1	339.18529	176.17478	205.97031	0.971	0
4.45	3.204294	1	1	1	338.6616	176.60622	205.5446	0.971	0
4.55	3.204294	1	1	1	43.318474	88.222322	86.491417	0.971	0
4.65	3.204294	1	1	1	340.18567	176.07108	206.92027	0.971	0
4.75	3.204294	1	1	1	341.0686	176.12608	207.76939	0.971	0
4.85	3.204294	1	1	1	43.318474	88.222322	86.491417	0.971	0
4.95	3.204294	1	1	1	340.18567	176.07108	206.92027	0.971	0
5.05	3.204294	1	1	1	133.31811	93.255184	358.12383	0.971	0
5.15	3.204294	1	1	1	43.421607	88.127784	86.733205	0.971	0
5.25	3.204294	1	1	1	133.31238	93.264351	358.12383	0.971	0
5.35	3.204294	1	1	1	133.3078	93.278102	358.12498	0.971	0
5.45	3.204294	1	1	1	43.421607	88.127784	86.733205	0.971	0
5.55	3.204294	1	1	1	233.61953	175.96508	99.419064	0.971	0
5.65	3.204294	1	1	1	232.10234	176.06936	97.926509	0.971	0
5.75	3.204294	1	1	1	134.19474	89.993335	274.19296	0.971	0
5.85	3.204294	1	1	1	43.85419	92.895939	269.43741	0.971	0
5.95	3.204294	1	1	1	44.114312	4.1785812	270.08085	0.971	0
6.05	3.204294	1	1	1	134.17182	90.037453	274.07035	0.971	0
6.15	3.204294	1	1	1	134.2039	89.977292	274.17463	0.971	0
6.25	3.204294	1	1	1	134.16093	87.932406	358.5948	0.971	0
6.35	3.204294	1	1	1	134.13057	88.128357	358.84232	0.971	0
6.45	3.204294	1	1	1	134.18729	87.890007	358.63262	0.971	0
6.55	3.204294	1	1	1	134.21422	87.785729	358.54152	0.971	0
6.65	3.204294	1	1	1	44.136658	88.446349	2.2288058	0.971	0
6.75	3.204294	1	1	1	44.192808	88.273889	2.4746047	0.971	0
6.85	3.204294	1	1	1	274.74472	4.5704843	39.713997	0.971	0
6.95	3.204294	1	1	1	134.55914	86.422089	357.00083	0.971	0
7.05	3.204294	1	1	1	36.255623	2.5479433	278.29706	0.971	0
7.15	3.204294	1	1	1	44.654612	92.911409	359.82093	0.971	0
7.25	3.204294	1	1	1	48.170281	2.9140633	266.48725	0.971	0
7.35	3.204294	1	1	1	228.15409	177.08235	183.4926	0.971	0
7.45	3.204294	1	1	1	44.654612	92.911409	359.82093	0.971	0
7.55	3.204294	1	1	1	48.170281	2.9140633	266.48725	0.971	0
7.65	3.204294	1	1	1	134.35746	91.350099	272.89407	0.971	0
7.75	3.204294	1	1	1	44.293648	92.867864	268.64501	0.971	0
7.85	3.204294	1	1	1	249.57927	176.81936	205.25697	0.971	0
7.95	3.204294	1	1	1	134.36605	91.35812	272.84995	0.971	0
8.05	3.204294	1	1	1	134.36491	91.358693	272.8511	0.971	0
8.15	3.204294	1	1	1	249.75459	176.83884	205.42428	0.971	0
8.25	3.204294	1	1	1	134.36605	91.35812	272.84995	0.971	0
8.35	3.204294	1	1	1	134.3672	91.359266	272.84709	0.971	0
8.45	3.204294	1	1	1	134.36949	91.362704	272.84078	0.971	0
8.55	3.204294	1	1	1	43.839293	91.294522	87.761664	0.971	0
8.65	3.204294	1	1	1	313.88748	87.759945	358.7071	0.971	0
8.75	3.204294	1	1	1	133.88649	92.241048	271.29609	0.971	0
8.85	3.204294	1	1	1	133.88992	92.237611	271.29552	0.971	0
8.95	3.204294	1	1	1	133.90196	92.179169	271.26114	0.971	0
9.05	3.204294	1	1	1	43.973365	90.973666	88.354103	0.971	0
9.15	3.204294	1	1	1	134.00394	91.534591	270.87783	0.971	0
9.25	3.204294	1	1	1	43.960187	91.017784	88.28191	0.971	0
9.35	3.204294	1	1	1	134.00165	91.645745	270.97409	0.971	0
9.45	3.204294	1	1	1	43.98024	90.877409	88.465829	0.971	0
9.55	3.204294	1	1	1	44.125199	88.487029	359.30756	0.971	0
9.65	3.204294	1	1	1	44.124626	88.493331	359.31157	0.971	0
9.75	3.204294	1	1	1	44.124626	88.492186	359.30985	0.971	0
9.85	3.204294	1	1	1	44.125199	88.486456	359.30699	0.971	0
9.95	3.204294	1	1	1	44.124626	88.493331	359.31157	0.971	0
0	3.2908965	1	1	1	42.90308	88.457235	83.349889	0.971	0
0.1	3.2908965	1	1	1	42.920841	88.472132	83.350462	0.971	0
0.2	3.2908965	1	1	1	132.80474	97.821084	359.32189	0.971	0
0.3	3.2908965	1	1	1	132.80417	97.821084	269.32282	0.971	0
0.4	3.2908965	1	1	1	137.77572	7.8512407	355.07455	0.971	0
0.5	3.2908965	1	1	1	132.8036	97.819938	359.32246	0.971	0
0.6	3.2908965	1	1	1	132.8036	97.820511	269.32282	0.971	0
0.7	3.2908965	1	1	1	43.23253	89.251928	83.22212	0.971	0
0.8	3.2908965	1	1	1	43.235968	89.260522	83.238736	0.971	0
0.9	3.2908965	1	1	1	43.243417	89.261668	83.277124	0.971	0
1	3.2908965	1	1	1	43.23253	89.251928	83.22212	0.971	0
1.1	3.2908965	1	1	1	43.235968	89.260522	83.238736	0.971	0
1.2	3.2908965	1	1	1	43.243417	89.261668	83.277124	0.971	0
1.3	3.2908965	1	1	1	319.52195	173.28765	6.312849	0.971	0
1.4	3.2908965	1	1	1	133.52208	95.314967	268.79685	0.971	0
1.5	3.2908965	1	1	1	313.47094	85.127204	1.1831578	0.971	0
1.6	3.2908965	1	1	1	223.56985	91.181649	184.874	0.971	0
1.7	3.2908965	1	1	1	147.21291	5.0202562	346.30314	0.971	0
1.8	3.2908965	1	1	1	313.4675	85.126058	1.1877415	0.971	0
1.9	3.2908965	1	1	1	223.57214	91.169044	184.8528	0.971	0
2	3.2908965	1	1	1	313.66804	85.513951	90.857355	0.971	0
2.1	3.2908965	1	1	1	324.88082	175.47176	11.199033	0.971	0
2.2	3.2908965	1	1	1	133.63553	94.453811	269.0965	0.971	0
2.3	3.2908965	1	1	1	313.6371	85.614219	90.904338	0.971	0
2.4	3.2908965	1	1	1	328.54603	174.97501	15.365582	0.971	0
2.5	3.2908965	1	1	1	313.12373	85.154133	1.3338457	0.971	0
2.6	3.2908965	1	1	1	148.55764	5.0248399	344.62208	0.971	0
2.7	3.2908965	1	1	1	328.55405	174.97558	15.373604	0.971	0
2.8	3.2908965	1	1	1	313.12373	85.154133	1.3338457	0.971	0
2.9	3.2908965	1	1	1	148.55764	5.0248399	344.62208	0.971	0
3	3.2908965	1	1	1	328.55405	174.97558	15.373604	0.971	0
3.1	3.2908965	1	1	1	313.12029	85.166738	1.3430131	0.971	0
3.2	3.2908965	1	1	1	132.7675	92.603731	267.8698	0.971	0
3.3	3.2908965	1	1	1	132.75031	92.508047	357.83449	0.971	0
3.4	3.2908965	1	1	1	132.66093	92.188336	357.48556	0.971	0
3.5	3.2908965	1	1	1	132.62254	92.38085	267.63947	0.971	0
3.6	3.2908965	1	1	1	132.61509	92.374548	357.63739	0.971	0
3.7	3.2908965	1	1	1	132.61681	92.371683	267.65208	0.971	0
3.8	3.2908965	1	1	1	132.61395	92.377985	357.6626	0.971	0
3.9	3.2908965	1	1	1	132.61509	92.374548	357.63739	0.971	0
4	3.2908965	1	1	1	132.61681	92.371683	267.65208	0.971	0
4.1	3.2908965	1	1	1	132.61395	92.377985	357.6626	0.971	0
4.2	3.2908965	1	1	1	133.0047	92.917139	358.43208	0.971	0
4.3	3.2908965	1	1	1	133.06486	93.117674	268.43359	0.971	0
4.4	3.2908965	1	1	1	339.08387	176.15587	205.86488	0.971	0
4.5	3.2908965	1	1	1	43.317328	88.232636	86.497146	0.971	0
4.6	3.2908965	1	1	1	340.20859	176.07681	206.93918	0.971	0
4.7	3.2908965	1	1	1	340.28823	176.08024	207.02054	0.971	0
4.8	3.2908965	1	1	1	340.40855	176.08368	207.12825	0.971	0
4.9	3.2908965	1	1	1	43.315609	88.225187	86.48225	0.971	0
5	3.2908965	1	1	1	133.34848	93.198461	358.11925	0.971	0
5.1	3.2908965	1	1	1	133.34332	93.223671	358.11409	0.971	0
5.2	3.2908965	1	1	1	43.442806	88.129503	86.761853	0.971	0
5.3	3.2908965	1	1	1	133.31754	93.232838	358.12441	0.971	0
5.4	3.2908965	1	1	1	133.26139	93.372067	358.13128	0.971	0
5.5	3.2908965	1	1	1	43.155754	88.171902	86.157955	0.971	0
5.6	3.2908965	1	1	1	133.19779	93.49468	358.14331	0.971	0
5.7	3.2908965	1	1	1	133.87445	90.582336	272.87287	0.971	0
5.8	3.2908965	1	1	1	133.87445	90.581763	272.87573	0.971	0
5.9	3.2908965	1	1	1	133.87617	90.578325	272.88032	0.971	0
6	3.2908965	1	1	1	133.87445	90.582336	272.87287	0.971	0
6.1	3.2908965	1	1	1	43.851325	89.948071	270.45155	0.971	0
6.2	3.2908965	1	1	1	43.891432	90.569158	270.30487	0.971	0
6.3	3.2908965	1	1	1	44.102853	88.545471	2.0941607	0.971	0
6.4	3.2908965	1	1	1	44.17963	88.45036	2.3290734	0.971	0
6.5	3.2908965	1	1	1	44.187651	88.409107	2.3720453	0.971	0
6.6	3.2908965	1	1	1	134.22338	87.608685	358.29056	0.971	0
6.7	3.2908965	1	1	1	100.17823	177.14824	55.964226	0.971	0
6.8	3.2908965	1	1	1	274.98651	4.2427525	39.379962	0.971	0
6.9	3.2908965	1	1	1	134.55914	86.438705	357.02547	0.971	0
7	3.2908965	1	1	1	134.55914	86.42037	356.99854	0.971	0
7.1	3.2908965	1	1	1	44.577262	92.526954	0.40107046	0.971	0
7.2	3.2908965	1	1	1	44.584138	92.569926	0.24923664	0.971	0
7.3	3.2908965	1	1	1	227.41211	177.19293	182.77182	0.971	0
7.4	3.2908965	1	1	1	44.651174	92.875313	359.79458	0.971	0
7.5	3.2908965	1	1	1	48.153665	2.9163552	266.50559	0.971	0
7.6	3.2908965	1	1	1	314.11208	177.52295	359.9974	0.971	0
7.7	3.2908965	1	1	1	44.298232	92.889064	268.66449	0.971	0
7.8	3.2908965	1	1	1	249.49676	176.83082	205.16645	0.971	0
7.9	3.2908965	1	1	1	249.57125	176.82681	115.2453	0.971	0
8	3.2908965	1	1	1	44.298232	92.848957	88.642873	0.971	0
8.1	3.2908965	1	1	1	134.36548	91.35812	272.85052	0.971	0
8.2	3.2908965	1	1	1	134.36491	91.352391	272.85683	0.971	0
8.3	3.2908965	1	1	1	44.298232	92.848957	88.642873	0.971	0
8.4	3.2908965	1	1	1	134.36892	91.361558	272.8425	0.971	0
8.5	3.2908965	1	1	1	43.835282	91.296814	87.754789	0.971	0
8.6	3.2908965	1	1	1	133.88706	92.242194	271.29609	0.971	0
8.7	3.2908965	1	1	1	284.03523	177.41695	330.17323	0.971	0
8.8	3.2908965	1	1	1	133.88649	92.242194	271.29609	0.971	0
8.9	3.2908965	1	1	1	133.88706	92.241621	271.29609	0.971	0
9	3.2908965	1	1	1	133.90253	92.169429	271.25598	0.971	0
9.1	3.2908965	1	1	1	133.92602	92.047389	271.19124	0.971	0
9.2	3.2908965	1	1	1	43.952165	91.058464	88.401085	0.971	0
9.3	3.2908965	1	1	1	43.96076	90.920954	268.39234	0.971	0
9.4	3.2908965	1	1	1	133.98217	91.593606	271.05831	0.971	0
9.5	3.2908965	1	1	1	44.134939	88.462965	359.30928	0.971	0
9.6	3.2908965	1	1	1	44.126345	88.497342	359.31501	0.971	0
9.7	3.2908965	1	1	1	44.12348	88.496196	359.31157	0.971	0
9.8	3.2908965	1	1	1	44.126345	88.497342	359.31616	0.971	0
9.9	3.2908965	1	1	1	44.125199	88.499061	359.31501	0.971	0
0.05	3.3774991	1	1	1	324.52902	172.99888	11.66714	0.971	0
0.15	3.3774991	1	1	1	132.8036	97.820511	269.32225	0.971	0
0.25	3.3774991	1	1	1	132.8036	97.819938	269.3234	0.971	0
0.35	3.3774991	1	1	1	42.89735	89.32985	82.178764	0.971	0
0.45	3.3774991	1	1	1	132.8036	97.820511	269.32225	0.971	0
0.55	3.3774991	1	1	1	132.8036	97.819938	269.3234	0.971	0
0.65	3.3774991	1	1	1	42.89735	89.32985	82.178764	0.971	0
0.75	3.3774991	1	1	1	43.229093	89.254219	83.209515	0.971	0
0.85	3.3774991	1	1	1	43.239406	89.268543	83.219828	0.971	0
0.95	3.3774991	1	1	1	133.15826	96.7084	269.27928	0.971	0
1.05	3.3774991	1	1	1	43.229093	89.254219	83.209515	0.971	0
1.15	3.3774991	1	1	1	43.239406	89.268543	83.219828	0.971	0
1.25	3.3774991	1	1	1	133.15826	96.7084	269.27928	0.971	0
1.35	3.3774991	1	1	1	43.246281	89.263387	83.292021	0.971	0
1.45	3.3774991	1	1	1	43.629017	88.793561	84.733582	0.971	0
1.55	3.3774991	1	1	1	313.49615	85.15929	1.1459156	0.971	0
1.65	3.3774991	1	1	1	223.59563	91.137532	184.83962	0.971	0
1.75	3.3774991	1	1	1	133.48599	95.004997	268.802	0.971	0
1.85	3.3774991	1	1	1	313.49615	85.15929	1.1459156	0.971	0
1.95	3.3774991	1	1	1	223.59563	91.137532	184.83962	0.971	0
2.05	3.3774991	1	1	1	313.65199	85.534577	90.879128	0.971	0
2.15	3.3774991	1	1	1	325.25668	175.43166	11.596093	0.971	0
2.25	3.3774991	1	1	1	313.22399	85.196532	1.2576424	0.971	0
2.35	3.3774991	1	1	1	313.56777	85.45952	90.975958	0.971	0
2.45	3.3774991	1	1	1	313.1243	85.15356	1.3338457	0.971	0
2.55	3.3774991	1	1	1	148.55764	5.0236939	344.62265	0.971	0
2.65	3.3774991	1	1	1	223.23639	91.331191	184.84535	0.971	0
2.75	3.3774991	1	1	1	313.1243	85.15356	1.3338457	0.971	0
2.85	3.3774991	1	1	1	148.55764	5.0236939	344.62265	0.971	0
2.95	3.3774991	1	1	1	223.23639	91.331191	184.84535	0.971	0
3.05	3.3774991	1	1	1	313.12144	85.166166	1.3424401	0.971	0
3.15	3.3774991	1	1	1	42.805677	87.742757	267.5753	0.971	0
3.25	3.3774991	1	1	1	132.7463	92.502317	357.83735	0.971	0
3.35	3.3774991	1	1	1	132.65749	92.304074	357.58239	0.971	0
3.45	3.3774991	1	1	1	42.805677	87.742757	267.5753	0.971	0
3.55	3.3774991	1	1	1	222.77917	92.305793	182.39882	0.971	0
3.65	3.3774991	1	1	1	132.65749	92.304074	357.58239	0.971	0
3.75	3.3774991	1	1	1	132.61796	92.364807	357.65573	0.971	0
3.85	3.3774991	1	1	1	132.6191	92.367099	357.65974	0.971	0
3.95	3.3774991	1	1	1	132.64661	92.249643	357.56692	0.971	0
4.05	3.3774991	1	1	1	132.61796	92.364807	357.65573	0.971	0
4.15	3.3774991	1	1	1	132.6191	92.367099	357.65974	0.971	0
4.25	3.3774991	1	1	1	133.01731	93.002509	358.39312	0.971	0
4.35	3.3774991	1	1	1	133.08893	93.176688	268.44391	0.971	0
4.45	3.3774991	1	1	1	339.53823	176.11462	206.30491	0.971	0
4.55	3.3774991	1	1	1	340.37933	176.15244	207.11106	0.971	0
4.65	3.3774991	1	1	1	133.17831	93.408736	268.29494	0.971	0
4.75	3.3774991	1	1	1	340.15129	176.06649	206.8836	0.971	0
4.85	3.3774991	1	1	1	340.9987	176.12837	207.69777	0.971	0
4.95	3.3774991	1	1	1	133.36739	93.171532	358.11638	0.971	0
5.05	3.3774991	1	1	1	133.36051	93.183564	358.11925	0.971	0
5.15	3.3774991	1	1	1	133.35077	93.207628	358.11696	0.971	0
5.25	3.3774991	1	1	1	43.438222	88.130076	86.77102	0.971	0
5.35	3.3774991	1	1	1	133.36051	93.183564	358.11925	0.971	0
5.45	3.3774991	1	1	1	133.29806	93.300447	358.12899	0.971	0
5.55	3.3774991	1	1	1	43.221071	88.161016	86.292028	0.971	0
5.65	3.3774991	1	1	1	326.75783	174.46106	14.016267	0.971	0
5.75	3.3774991	1	1	1	132.67869	95.373409	268.65418	0.971	0
5.85	3.3774991	1	1	1	132.67812	95.373982	268.65475	0.971	0
5.95	3.3774991	1	1	1	326.75783	174.46106	14.016267	0.971	0
6.05	3.3774991	1	1	1	43.934977	92.728063	269.73879	0.971	0
6.15	3.3774991	1	1	1	43.828979	89.701126	270.50655	0.971	0
6.25	3.3774991	1	1	1	43.854763	89.858117	270.50426	0.971	0
6.35	3.3774991	1	1	1	44.089102	88.637144	2.036292	0.971	0
6.45	3.3774991	1	1	1	44.148117	88.480726	2.2196385	0.971	0
6.55	3.3774991	1	1	1	44.171035	88.437182	2.3221979	0.971	0
6.65	3.3774991	1	1	1	277.53388	3.2469518	126.69185	0.971	0
6.75	3.3774991	1	1	1	274.56768	4.5452742	39.857809	0.971	0
6.85	3.3774991	1	1	1	134.52992	86.474228	357.04553	0.971	0
6.95	3.3774991	1	1	1	44.361257	87.003641	3.5786944	0.971	0
7.05	3.3774991	1	1	1	134.55914	86.422089	357.00083	0.971	0
7.15	3.3774991	1	1	1	294.02303	178.2953	339.68376	0.971	0
7.25	3.3774991	1	1	1	133.51005	96.799501	355.99358	0.971	0
7.35	3.3774991	1	1	1	134.67029	2.4774695	359.45882	0.971	0
7.45	3.3774991	1	1	1	134.11166	92.501744	359.93037	0.971	0
7.55	3.3774991	1	1	1	313.74481	177.53212	359.63243	0.971	0
7.65	3.3774991	1	1	1	134.10593	92.51836	359.93667	0.971	0
7.75	3.3774991	1	1	1	66.590301	3.1524138	247.78419	0.971	0
7.85	3.3774991	1	1	1	249.18622	176.81535	114.85512	0.971	0
7.95	3.3774991	1	1	1	44.685551	89.392875	269.86083	0.971	0
8.05	3.3774991	1	1	1	44.678676	89.439858	269.83963	0.971	0
8.15	3.3774991	1	1	1	44.68727	89.297191	269.88088	0.971	0
8.25	3.3774991	1	1	1	213.85879	0.70531105	100.82224	0.971	0
8.35	3.3774991	1	1	1	44.680968	89.312088	269.86484	0.971	0
8.45	3.3774991	1	1	1	284.06503	177.42268	330.20303	0.971	0
8.55	3.3774991	1	1	1	313.88519	87.754789	358.70137	0.971	0
8.65	3.3774991	1	1	1	133.88534	92.237038	271.29494	0.971	0
8.75	3.3774991	1	1	1	133.88591	92.247924	271.29953	0.971	0
8.85	3.3774991	1	1	1	133.88706	92.241048	271.29437	0.971	0
8.95	3.3774991	1	1	1	133.9031	92.160261	271.2514	0.971	0
9.05	3.3774991	1	1	1	43.974511	90.971947	268.35739	0.971	0
9.15	3.3774991	1	1	1	134.0091	91.605065	270.96492	0.971	0
9.25	3.3774991	1	1	1	43.986543	90.943299	88.400512	0.971	0
9.35	3.3774991	1	1	1	134.01311	91.596471	270.93971	0.971	0
9.45	3.3774991	1	1	1	44.133793	88.50078	359.3259	0.971	0
9.55	3.3774991	1	1	1	44.126345	88.492759	359.31329	0.971	0
9.65	3.3774991	1	1	1	44.12348	88.492186	269.30907	0.971	0
9.75	3.3774991	1	1	1	44.129209	88.49104	359.31558	0.971	0
9.85	3.3774991	1	1	1	44.126345	88.496196	359.31444	0.971	0
9.95	3.3774991	1	1	1	44.12348	88.491613	359.30814	0.971	0
0	3.4641016	1	1	1	42.934019	88.512812	83.283426	0.971	0
0.1	3.4641016	1	1	1	42.936311	88.560368	83.187742	0.971	0
0.2	3.4641016	1	1	1	132.80302	97.819938	269.3234	0.971	0
0.3	3.4641016	1	1	1	101.73668	138.72798	290.00259	0.143	0
0.4	3.4641016	1	1	1	132.80474	97.819365	269.32397	0.971	0
0.5	3.4641016	1	1	1	132.80302	97.819938	269.3234	0.971	0
0.6	3.4641016	1	1	1	42.896204	89.32985	82.179337	0.971	0
0.7	3.4641016	1	1	1	132.80474	97.819365	269.32397	0.971	0
0.8	3.4641016	1	1	1	133.13648	96.804084	359.24396	0.971	0
0.9	3.4641016	1	1	1	133.14852	96.754237	269.25464	0.971	0
1	3.4641016	1	1	1	43.239979	89.298337	83.294312	0.971	0
1.1	3.4641016	1	1	1	43.249719	89.270835	83.31322	0.971	0
1.2	3.4641016	1	1	1	133.14852	96.754237	269.25464	0.971	0
1.3	3.4641016	1	1	1	43.239979	89.298337	83.294312	0.971	0
1.4	3.4641016	1	1	1	43.249719	89.270835	83.31322	0.971	0
1.5	3.4641016	1	1	1	313.47151	85.127777	1.1825849	0.971	0
1.6	3.4641016	1	1	1	223.57673	91.170763	184.86884	0.971	0
1.7	3.4641016	1	1	1	133.47739	94.865195	268.82664	0.971	0
1.8	3.4641016	1	1	1	313.47151	85.127777	1.1825849	0.971	0
1.9	3.4641016	1	1	1	223.57673	91.170763	184.86884	0.971	0
2	3.4641016	1	1	1	133.47739	94.865195	268.82664	0.971	0
2.1	3.4641016	1	1	1	313.61647	85.477282	90.936996	0.971	0
2.2	3.4641016	1	1	1	223.65408	91.008043	184.64367	0.971	0
2.3	3.4641016	1	1	1	313.53396	85.350658	91.033826	0.971	0
2.4	3.4641016	1	1	1	313.12373	85.154706	1.3349917	0.971	0
2.5	3.4641016	1	1	1	148.55077	5.0248399	344.6301	0.971	0
2.6	3.4641016	1	1	1	223.23696	91.331191	184.84478	0.971	0
2.7	3.4641016	1	1	1	313.12373	85.154706	1.3349917	0.971	0
2.8	3.4641016	1	1	1	148.55077	5.0248399	344.6301	0.971	0
2.9	3.4641016	1	1	1	223.23696	91.331191	184.84478	0.971	0
3	3.4641016	1	1	1	313.12373	85.155279	1.3349917	0.971	0
3.1	3.4641016	1	1	1	148.68312	5.0150996	344.49489	0.971	0
3.2	3.4641016	1	1	1	131.92812	95.923448	356.41527	0.971	0
3.3	3.4641016	1	1	1	132.64431	92.372256	357.6265	0.971	0
3.4	3.4641016	1	1	1	42.733484	87.638478	267.60911	0.971	0
3.5	3.4641016	1	1	1	222.72245	92.363088	182.38049	0.971	0
3.6	3.4641016	1	1	1	132.64431	92.372256	357.6265	0.971	0
3.7	3.4641016	1	1	1	132.61738	92.369964	357.64369	0.971	0
3.8	3.4641016	1	1	1	222.72245	92.363088	182.38049	0.971	0
3.9	3.4641016	1	1	1	132.62082	92.372256	357.66317	0.971	0
4	3.4641016	1	1	1	132.61738	92.369964	357.64369	0.971	0
4.1	3.4641016	1	1	1	132.61853	92.366526	357.65401	0.971	0
4.2	3.4641016	1	1	1	132.62082	92.372256	357.66317	0.971	0
4.3	3.4641016	1	1	1	133.01043	93.049492	358.31978	0.971	0
4.4	3.4641016	1	1	1	339.48953	176.16791	206.27856	0.971	0
4.5	3.4641016	1	1	1	339.51817	176.13697	206.28257	0.971	0
4.6	3.4641016	1	1	1	339.5749	176.1702	206.34903	0.971	0
4.7	3.4641016	1	1	1	43.30988	88.243522	86.506887	0.971	0
4.8	3.4641016	1	1	1	339.51817	176.13697	206.28257	0.971	0
4.9	3.4641016	1	1	1	133.38744	93.136008	358.1055	0.971	0
5	3.4641016	1	1	1	133.37942	93.167521	358.11237	0.971	0
5.1	3.4641016	1	1	1	133.37598	93.160646	358.11581	0.971	0
5.2	3.4641016	1	1	1	133.38744	93.136008	358.1055	0.971	0
5.3	3.4641016	1	1	1	133.37942	93.167521	358.11237	0.971	0
5.4	3.4641016	1	1	1	133.37598	93.160646	358.11581	0.971	0
5.5	3.4641016	1	1	1	133.11528	93.677454	358.15305	0.971	0
5.6	3.4641016	1	1	1	327.12911	174.45534	14.394992	0.971	0
5.7	3.4641016	1	1	1	132.66952	95.377419	268.63012	0.971	0
5.8	3.4641016	1	1	1	132.67411	95.372836	268.63986	0.971	0
5.9	3.4641016	1	1	1	132.67525	95.3757	268.64158	0.971	0
6	3.4641016	1	1	1	326.80367	174.44674	14.07127	0.971	0
6.1	3.4641016	1	1	1	132.66666	95.38143	268.62381	0.971	0
6.2	3.4641016	1	1	1	327.34626	174.43815	14.623029	0.971	0
6.3	3.4641016	1	1	1	43.459995	87.755362	89.397459	0.971	0
6.4	3.4641016	1	1	1	98.373989	177.00442	234.18332	0.971	0
6.5	3.4641016	1	1	1	99.348017	177.23533	235.18657	0.971	0
6.6	3.4641016	1	1	1	98.373989	177.00442	234.18332	0.971	0
6.7	3.4641016	1	1	1	44.736545	85.248671	86.529232	0.971	0
6.8	3.4641016	1	1	1	44.736545	85.249817	86.529232	0.971	0
6.9	3.4641016	1	1	1	44.737118	85.25039	86.529232	0.971	0
7	3.4641016	1	1	1	44.736545	85.248671	86.529232	0.971	0
7.1	3.4641016	1	1	1	44.738264	85.252109	86.529805	0.971	0
7.2	3.4641016	1	1	1	133.49917	96.861953	355.98212	0.971	0
7.3	3.4641016	1	1	1	163.88025	7.9618215	149.85138	0.971	0
7.4	3.4641016	1	1	1	134.10306	92.513776	269.94735	0.971	0
7.5	3.4641016	1	1	1	44.104572	89.948071	267.48707	0.971	0
7.6	3.4641016	1	1	1	134.10192	92.514349	269.94563	0.971	0
7.7	3.4641016	1	1	1	134.10306	92.513776	269.94735	0.971	0
7.8	3.4641016	1	1	1	44.104572	89.948071	267.48707	0.971	0
7.9	3.4641016	1	1	1	134.10192	92.514349	269.94563	0.971	0
8	3.4641016	1	1	1	44.680395	89.32011	359.86161	0.971	0
8.1	3.4641016	1	1	1	314.67873	89.864419	0.69041414	0.971	0
8.2	3.4641016	1	1	1	44.682687	89.295472	269.87	0.971	0
8.3	3.4641016	1	1	1	44.680395	89.32011	359.86161	0.971	0
8.4	3.4641016	1	1	1	44.682687	89.295472	269.87	0.971	0
8.5	3.4641016	1	1	1	284.03237	177.42612	330.17209	0.971	0
8.6	3.4641016	1	1	1	133.88649	92.242194	271.29609	0.971	0
8.7	3.4641016	1	1	1	283.86105	177.40951	150.00035	0.971	0
8.8	3.4641016	1	1	1	313.88691	87.745049	358.70137	0.971	0
8.9	3.4641016	1	1	1	133.88706	92.240475	271.29552	0.971	0
9	3.4641016	1	1	1	313.88633	87.757081	358.70424	0.971	0
9.1	3.4641016	1	1	1	133.90024	92.137916	271.23134	0.971	0
9.2	3.4641016	1	1	1	43.975084	90.971947	88.356395	0.971	0
9.3	3.4641016	1	1	1	313.95623	88.920758	359.7241	0.971	0
9.4	3.4641016	1	1	1	43.949301	90.270074	268.92634	0.971	0
9.5	3.4641016	1	1	1	44.149836	88.417701	359.30814	0.971	0
9.6	3.4641016	1	1	1	44.156711	88.393637	269.30621	0.971	0
9.7	3.4641016	1	1	1	44.125772	88.487602	359.30814	0.971	0
9.8	3.4641016	1	1	1	44.125199	88.493904	359.31215	0.971	0
9.9	3.4641016	1	1	1	44.124626	88.492186	359.31043	0.971	0
0.05	3.5507042	1	1	1	42.93803	88.586151	83.155657	0.971	0
0.15	3.5507042	1	1	1	132.80417	97.821084	269.32282	0.971	0
0.25	3.5507042	1	1	1	137.77572	7.8512407	355.07455	0.971	0
0.35	3.5507042	1	1	1	132.8036	97.819938	359.32246	0.971	0
0.45	3.5507042	1	1	1	132.80417	97.821084	269.32282	0.971	0
0.55	3.5507042	1	1	1	137.77572	7.8512407	355.07455	0.971	0
0.65	3.5507042	1	1	1	132.8036	97.819938	359.32246	0.971	0
0.75	3.5507042	1	1	1	132.80417	97.820511	269.32397	0.971	0
0.85	3.5507042	1	1	1	43.23253	89.251928	83.22212	0.971	0
0.95	3.5507042	1	1	1	43.235968	89.260522	83.238736	0.971	0
1.05	3.5507042	1	1	1	43.243417	89.261668	83.277124	0.971	0
1.15	3.5507042	1	1	1	319.52195	173.28765	6.312849	0.971	0
1.25	3.5507042	1	1	1	43.243417	89.259376	83.274832	0.971	0
1.35	3.5507042	1	1	1	43.250292	89.264533	83.310928	0.971	0
1.45	3.5507042	1	1	1	319.52195	173.28765	6.312849	0.971	0
1.55	3.5507042	1	1	1	147.21291	5.0202562	346.30314	0.971	0
1.65	3.5507042	1	1	1	313.4675	85.126058	1.1877415	0.971	0
1.75	3.5507042	1	1	1	223.57214	91.169044	184.8528	0.971	0
1.85	3.5507042	1	1	1	147.21291	5.0202562	346.30314	0.971	0
1.95	3.5507042	1	1	1	313.4675	85.126058	1.1877415	0.971	0
2.05	3.5507042	1	1	1	223.57214	91.169044	184.8528	0.971	0
2.15	3.5507042	1	1	1	146.39587	4.8781627	347.17346	0.971	0
2.25	3.5507042	1	1	1	313.54199	85.293935	1.0490857	0.971	0
2.35	3.5507042	1	1	1	328.53744	174.97501	15.357561	0.971	0
2.45	3.5507042	1	1	1	43.235968	88.669802	265.15341	0.971	0
2.55	3.5507042	1	1	1	328.54603	174.97501	15.365582	0.971	0
2.65	3.5507042	1	1	1	313.12315	85.154706	1.3344187	0.971	0
2.75	3.5507042	1	1	1	43.235968	88.669802	265.15341	0.971	0
2.85	3.5507042	1	1	1	328.54317	174.97444	15.362717	0.971	0
2.95	3.5507042	1	1	1	313.12373	85.154133	1.3344187	0.971	0
3.05	3.5507042	1	1	1	43.235968	88.668657	265.15513	0.971	0
3.15	3.5507042	1	1	1	131.8777	95.860996	356.37975	0.971	0
3.25	3.5507042	1	1	1	131.87827	95.866152	356.37287	0.971	0
3.35	3.5507042	1	1	1	42.201779	86.353334	84.176094	0.971	0
3.45	3.5507042	1	1	1	131.81066	95.791668	356.32417	0.971	0
3.55	3.5507042	1	1	1	131.78545	95.766458	356.3024	0.971	0
3.65	3.5507042	1	1	1	132.61165	92.381996	267.64921	0.971	0
3.75	3.5507042	1	1	1	132.61509	92.374548	357.63739	0.971	0
3.85	3.5507042	1	1	1	132.61681	92.371683	267.65208	0.971	0
3.95	3.5507042	1	1	1	132.61165	92.381996	267.64921	0.971	0
4.05	3.5507042	1	1	1	132.61624	92.373402	357.64656	0.971	0
4.15	3.5507042	1	1	1	131.81009	95.812867	356.31558	0.971	0
4.25	3.5507042	1	1	1	163.31818	6.9826366	328.77751	0.971	0
4.35	3.5507042	1	1	1	131.99859	96.115389	356.41699	0.971	0
4.45	3.5507042	1	1	1	222.448	93.526766	186.23019	0.971	0
4.55	3.5507042	1	1	1	339.08387	176.15587	205.86488	0.971	0
4.65	3.5507042	1	1	1	43.310453	88.267013	86.55215	0.971	0
4.75	3.5507042	1	1	1	340.51111	176.14728	207.22738	0.971	0
4.85	3.5507042	1	1	1	340.12436	176.16103	206.84579	0.971	0
4.95	3.5507042	1	1	1	343.73572	176.29396	210.32536	0.971	0
5.05	3.5507042	1	1	1	42.78104	87.142297	83.56704	0.971	0
5.15	3.5507042	1	1	1	42.726036	87.037446	83.599126	0.971	0
5.25	3.5507042	1	1	1	133.35306	93.206482	358.11638	0.971	0
5.35	3.5507042	1	1	1	43.375197	88.138098	86.609446	0.971	0
5.45	3.5507042	1	1	1	42.534668	86.69539	83.749814	0.971	0
5.55	3.5507042	1	1	1	132.93996	94.229785	358.27108	0.971	0
5.65	3.5507042	1	1	1	312.23335	83.905085	3.1552786	0.971	0
5.75	3.5507042	1	1	1	132.74286	95.085784	358.54438	0.971	0
5.85	3.5507042	1	1	1	42.527792	86.693098	83.788202	0.971	0
5.95	3.5507042	1	1	1	312.16345	83.858103	3.32602	0.971	0
6.05	3.5507042	1	1	1	327.32219	174.42497	14.602402	0.971	0
6.15	3.5507042	1	1	1	132.61395	95.335593	268.39291	0.971	0
6.25	3.5507042	1	1	1	312.54733	84.527891	1.8844582	0.971	0
6.35	3.5507042	1	1	1	44.201402	85.409673	355.65668	0.971	0
6.45	3.5507042	1	1	1	44.373289	85.338053	85.751155	0.971	0
6.55	3.5507042	1	1	1	134.01082	94.356409	355.39713	0.971	0
6.65	3.5507042	1	1	1	44.650601	85.146112	86.518919	0.971	0
6.75	3.5507042	1	1	1	170.29222	7.1144169	143.38326	0.971	0
6.85	3.5507042	1	1	1	170.29051	7.1144169	143.38498	0.971	0
6.95	3.5507042	1	1	1	44.725085	85.240077	86.524076	0.971	0
7.05	3.5507042	1	1	1	133.48943	96.753664	355.96149	0.971	0
7.15	3.5507042	1	1	1	133.49057	96.880861	355.9804	0.971	0
7.25	3.5507042	1	1	1	163.83442	7.9664052	149.8892	0.971	0
7.35	3.5507042	1	1	1	133.49917	96.889455	355.97008	0.971	0
7.45	3.5507042	1	1	1	43.973938	85.9981	83.084037	0.971	0
7.55	3.5507042	1	1	1	133.48828	96.899768	355.96951	0.971	0
7.65	3.5507042	1	1	1	133.49917	96.889455	355.97008	0.971	0
7.75	3.5507042	1	1	1	43.973938	85.9981	83.084037	0.971	0
7.85	3.5507042	1	1	1	133.48828	96.899768	355.96951	0.971	0
7.95	3.5507042	1	1	1	134.01368	96.214511	356.56195	0.971	0
8.05	3.5507042	1	1	1	134.01196	96.212792	356.56195	0.971	0
8.15	3.5507042	1	1	1	44.381311	86.582517	83.779608	0.971	0
8.25	3.5507042	1	1	1	134.01368	96.214511	356.56195	0.971	0
8.35	3.5507042	1	1	1	44.381311	86.582517	83.779608	0.971	0
8.45	3.5507042	1	1	1	162.39572	7.901661	151.47285	0.971	0
8.55	3.5507042	1	1	1	44.087383	86.229002	83.048514	0.971	0
8.65	3.5507042	1	1	1	44.087383	86.229002	83.048514	0.971	0
8.75	3.5507042	1	1	1	44.087383	86.229002	83.048514	0.971	0
8.85	3.5507042	1	1	1	133.88534	92.246205	271.29838	0.971	0
8.95	3.5507042	1	1	1	44.113167	86.277704	83.048514	0.971	0
9.05	3.5507042	1	1	1	133.86242	92.274853	271.29552	0.971	0
9.15	3.5507042	1	1	1	43.913204	90.436231	268.78023	0.971	0
9.25	3.5507042	1	1	1	313.95738	88.924196	359.7264	0.971	0
9.35	3.5507042	1	1	1	43.928101	90.361174	268.84612	0.971	0
9.45	3.5507042	1	1	1	313.95738	88.924196	359.7264	0.971	0
9.55	3.5507042	1	1	1	44.135512	88.448641	269.30334	0.971	0
9.65	3.5507042	1	1	1	44.124626	88.472705	269.29933	0.971	0
9.75	3.5507042	1	1	1	44.135512	88.448641	269.30334	0.971	0
9.85	3.5507042	1	1	1	44.121761	88.48531	359.30241	0.971	0
9.95	3.5507042	1	1	1	44.124053	88.473278	359.29897	0.971	0
0	3.6373067	1	1	1	42.636654	86.007841	79.693273	0.971	0
0.1	3.6373067	1	1	1	42.650978	86.036488	79.572952	0.971	0
0.2	3.6373067	1	1	1	42.648113	86.029613	79.586703	0.971	0
0.3	3.6373067	1	1	1	132.8036	97.819938	269.32282	0.971	0
0.4	3.6373067	1	1	1	222.50529	93.014541	101.3654	0.971	0
0.5	3.6373067	1	1	1	42.89735	89.330423	82.178764	0.971	0
0.6	3.6373067	1	1	1	132.84084	97.707066	269.3148	0.971	0
0.7	3.6373067	1	1	1	133.10841	97.297974	269.28157	0.971	0
0.8	3.6373067	1	1	1	137.88745	7.7962367	355.00179	0.971	0
0.9	3.6373067	1	1	1	43.220498	89.336152	83.053097	0.971	0
1	3.6373067	1	1	1	133.1468	96.938156	269.32855	0.971	0
1.1	3.6373067	1	1	1	138.39165	6.7843933	354.79036	0.971	0
1.2	3.6373067	1	1	1	43.246281	89.263387	83.292021	0.971	0
1.3	3.6373067	1	1	1	133.15253	96.790333	269.32855	0.971	0
1.4	3.6373067	1	1	1	319.23088	173.26129	6.0292349	0.971	0
1.5	3.6373067	1	1	1	163.2162	8.5955128	330.14401	0.971	0
1.6	3.6373067	1	1	1	163.14859	8.5834807	330.20818	0.971	0
1.7	3.6373067	1	1	1	165.69252	8.4476897	327.48262	0.971	0
1.8	3.6373067	1	1	1	163.17494	8.5743134	330.16922	0.971	0
1.9	3.6373067	1	1	1	42.931728	84.557111	263.86483	0.971	0
2	3.6373067	1	1	1	312.34909	83.89821	5.4642985	0.971	0
2.1	3.6373067	1	1	1	174.36194	8.1978801	318.28092	0.971	0
2.2	3.6373067	1	1	1	42.940895	84.546225	263.85394	0.971	0
2.3	3.6373067	1	1	1	132.35726	96.120546	354.51133	0.971	0
2.4	3.6373067	1	1	1	313.22399	85.196532	1.2576424	0.971	0
2.5	3.6373067	1	1	1	43.054341	84.517577	263.8442	0.971	0
2.6	3.6373067	1	1	1	132.61624	96.14461	354.44487	0.971	0
2.7	3.6373067	1	1	1	148.55764	5.0236939	344.62265	0.971	0
2.8	3.6373067	1	1	1	223.23639	91.331191	184.84535	0.971	0
2.9	3.6373067	1	1	1	313.12144	85.166166	1.3424401	0.971	0
3	3.6373067	1	1	1	43.234822	88.6635	265.16372	0.971	0
3.1	3.6373067	1	1	1	131.87197	95.860423	356.36485	0.971	0
3.2	3.6373067	1	1	1	131.81925	95.798543	356.32589	0.971	0
3.3	3.6373067	1	1	1	131.79404	95.772187	356.30698	0.971	0
3.4	3.6373067	1	1	1	131.78258	95.763593	356.30068	0.971	0
3.5	3.6373067	1	1	1	131.77915	95.761301	356.29896	0.971	0
3.6	3.6373067	1	1	1	131.78087	95.76302	356.29953	0.971	0
3.7	3.6373067	1	1	1	42.150213	86.317238	264.22694	0.971	0
3.8	3.6373067	1	1	1	164.57353	6.8451268	327.39152	0.971	0
3.9	3.6373067	1	1	1	164.589	6.8439809	327.37548	0.971	0
4	3.6373067	1	1	1	131.77743	95.761301	356.29839	0.971	0
4.1	3.6373067	1	1	1	164.5827	6.8445538	327.38178	0.971	0
4.2	3.6373067	1	1	1	164.589	6.8439809	327.37548	0.971	0
4.3	3.6373067	1	1	1	161.8623	7.153951	330.39439	0.971	0
4.4	3.6373067	1	1	1	222.44685	93.527339	186.2279	0.971	0
4.5	3.6373067	1	1	1	161.82276	7.1579617	150.43694	0.971	0
4.6	3.6373067	1	1	1	161.8623	7.153951	330.39439	0.971	0
4.7	3.6373067	1	1	1	222.44685	93.527339	186.2279	0.971	0
4.8	3.6373067	1	1	1	161.82276	7.1579617	150.43694	0.971	0
4.9	3.6373067	1	1	1	132.45867	96.42937	357.12402	0.971	0
5	3.6373067	1	1	1	336.57661	172.96221	23.952501	0.971	0
5.1	3.6373067	1	1	1	42.78505	87.149745	83.563603	0.971	0
5.2	3.6373067	1	1	1	132.45867	96.42937	357.12402	0.971	0
5.3	3.6373067	1	1	1	132.17334	96.239148	356.67711	0.971	0
5.4	3.6373067	1	1	1	42.534095	86.697109	83.752106	0.971	0
5.5	3.6373067	1	1	1	42.532949	86.695963	83.756116	0.971	0
5.6	3.6373067	1	1	1	132.17162	96.23571	356.67597	0.971	0
5.7	3.6373067	1	1	1	42.534095	86.697109	83.752106	0.971	0
5.8	3.6373067	1	1	1	42.531803	86.694817	83.759554	0.971	0
5.9	3.6373067	1	1	1	132.1699	96.215084	356.67597	0.971	0
6	3.6373067	1	1	1	42.527219	86.694817	83.794505	0.971	0
6.1	3.6373067	1	1	1	42.520344	86.69539	83.838622	0.971	0
6.2	3.6373067	1	1	1	42.511177	86.695963	83.906804	0.971	0
6.3	3.6373067	1	1	1	42.806823	86.541837	84.072962	0.971	0
6.4	3.6373067	1	1	1	44.312556	85.246953	85.755166	0.971	0
6.5	3.6373067	1	1	1	44.332036	85.24065	85.791835	0.971	0
6.6	3.6373067	1	1	1	134.20849	93.749073	355.17539	0.971	0
6.7	3.6373067	1	1	1	170.29222	7.1144169	143.38326	0.971	0
6.8	3.6373067	1	1	1	170.28363	7.1149899	143.39071	0.971	0
6.9	3.6373067	1	1	1	313.46349	84.294697	4.2570764	0.971	0
7	3.6373067	1	1	1	170.29222	7.1144169	143.38326	0.971	0
7.1	3.6373067	1	1	1	133.50089	96.717568	355.97123	0.971	0
7.2	3.6373067	1	1	1	163.8539	7.9715618	149.87201	0.971	0
7.3	3.6373067	1	1	1	163.81895	7.9749996	149.90008	0.971	0
7.4	3.6373067	1	1	1	43.960187	86.006122	83.085756	0.971	0
7.5	3.6373067	1	1	1	43.996856	85.994663	83.10008	0.971	0
7.6	3.6373067	1	1	1	133.49114	96.898049	355.96951	0.971	0
7.7	3.6373067	1	1	1	163.86364	7.9898965	149.8594	0.971	0
7.8	3.6373067	1	1	1	313.48068	83.096642	4.031331	0.971	0
7.9	3.6373067	1	1	1	163.87166	7.9916153	149.85081	0.971	0
8	3.6373067	1	1	1	134.01024	96.218521	356.56596	0.971	0
8.1	3.6373067	1	1	1	134.0028	96.213938	356.56825	0.971	0
8.2	3.6373067	1	1	1	44.38303	86.583663	83.778462	0.971	0
8.3	3.6373067	1	1	1	134.00853	96.2105	356.56252	0.971	0
8.4	3.6373067	1	1	1	44.3773	86.584809	83.7819	0.971	0
8.5	3.6373067	1	1	1	162.44385	7.8999421	151.42931	0.971	0
8.6	3.6373067	1	1	1	44.089102	86.229575	83.047941	0.971	0
8.7	3.6373067	1	1	1	44.086238	86.230721	83.046795	0.971	0
8.8	3.6373067	1	1	1	44.096551	86.255931	83.049659	0.971	0
8.9	3.6373067	1	1	1	44.219737	86.512043	83.046795	0.971	0
9	3.6373067	1	1	1	330.49982	173.19196	15.834835	0.971	0
9.1	3.6373067	1	1	1	43.952738	90.511862	268.72924	0.971	0
9.2	3.6373067	1	1	1	44.82478	88.125493	83.515474	0.971	0
9.3	3.6373067	1	1	1	44.82478	88.125493	83.516047	0.971	0
9.4	3.6373067	1	1	1	44.82478	88.125493	83.515474	0.971	0
9.5	3.6373067	1	1	1	44.828218	88.122628	83.523496	0.971	0
9.6	3.6373067	1	1	1	44.828791	88.10945	83.545268	0.971	0
9.7	3.6373067	1	1	1	44.796705	87.973086	83.660432	0.971	0
9.8	3.6373067	1	1	1	44.643725	87.57488	83.86326	0.971	0
9.9	3.6373067	1	1	1	173.74143	7.3206817	319.6755	0.971	0
0.05	3.7239092	1	1	1	42.669313	86.062844	79.470965	0.971	0
0.15	3.7239092	1	1	1	42.650978	86.042791	79.674938	0.971	0
0.25	3.7239092	1	1	1	222.65426	93.918669	100.11234	0.971	0
0.35	3.7239092	1	1	1	131.90692	102.09821	267.47503	0.971	0
0.45	3.7239092	1	1	1	42.60285	86.438132	79.36726	0.971	0
0.55	3.7239092	1	1	1	311.83858	77.634635	2.5559647	0.971	0
0.65	3.7239092	1	1	1	311.9188	77.723444	2.4373625	0.971	0
0.75	3.7239092	1	1	1	133.13878	96.951334	269.32511	0.971	0
0.85	3.7239092	1	1	1	131.66169	102.52679	267.17996	0.971	0
0.95	3.7239092	1	1	1	133.15482	96.727881	269.33027	0.971	0
1.05	3.7239092	1	1	1	131.66169	102.52679	267.17996	0.971	0
1.15	3.7239092	1	1	1	133.14221	96.796063	269.3784	0.971	0
1.25	3.7239092	1	1	1	43.249719	89.270835	83.31322	0.971	0
1.35	3.7239092	1	1	1	133.15654	96.711265	269.3234	0.971	0
1.45	3.7239092	1	1	1	163.12509	8.5617083	330.22766	0.971	0
1.55	3.7239092	1	1	1	163.2626	8.5788971	330.09073	0.971	0
1.65	3.7239092	1	1	1	163.14286	8.5886373	330.21334	0.971	0
1.75	3.7239092	1	1	1	163.12509	8.5617083	330.22766	0.971	0
1.85	3.7239092	1	1	1	174.22844	8.1869939	318.41843	0.971	0
1.95	3.7239092	1	1	1	132.34981	96.109659	354.52222	0.971	0
2.05	3.7239092	1	1	1	174.3797	8.21335	318.27003	0.971	0
2.15	3.7239092	1	1	1	42.930582	84.547944	263.85394	0.971	0
2.25	3.7239092	1	1	1	132.36356	96.12341	354.50618	0.971	0
2.35	3.7239092	1	1	1	174.3797	8.21335	318.27003	0.971	0
2.45	3.7239092	1	1	1	42.94376	84.542787	263.85165	0.971	0
2.55	3.7239092	1	1	1	132.36356	96.12341	354.50618	0.971	0
2.65	3.7239092	1	1	1	175.22195	8.3256497	317.89245	0.971	0
2.75	3.7239092	1	1	1	223.36244	95.559047	186.19008	0.971	0
2.85	3.7239092	1	1	1	223.41572	95.571652	186.19811	0.971	0
2.95	3.7239092	1	1	1	312.81318	83.83232	5.6046732	0.971	0
3.05	3.7239092	1	1	1	131.92812	95.923448	356.41527	0.971	0
3.15	3.7239092	1	1	1	131.84618	95.833494	356.3448	0.971	0
3.25	3.7239092	1	1	1	42.177142	86.333854	84.201305	0.971	0
3.35	3.7239092	1	1	1	131.78774	95.76875	356.30297	0.971	0
3.45	3.7239092	1	1	1	131.78201	95.764739	356.30011	0.971	0
3.55	3.7239092	1	1	1	131.7843	95.765885	356.30125	0.971	0
3.65	3.7239092	1	1	1	222.15293	93.682037	185.77526	0.971	0
3.75	3.7239092	1	1	1	131.77857	95.761874	356.29839	0.971	0
3.85	3.7239092	1	1	1	131.778	95.761301	356.29839	0.971	0
3.95	3.7239092	1	1	1	131.778	95.760728	356.29782	0.971	0
4.05	3.7239092	1	1	1	131.77857	95.761874	356.29839	0.971	0
4.15	3.7239092	1	1	1	131.778	95.761301	356.29839	0.971	0
4.25	3.7239092	1	1	1	131.77743	95.761301	356.29782	0.971	0
4.35	3.7239092	1	1	1	222.45201	93.525047	186.23535	0.971	0
4.45	3.7239092	1	1	1	161.86344	7.153951	150.39283	0.971	0
4.55	3.7239092	1	1	1	161.85886	7.154524	330.39669	0.971	0
4.65	3.7239092	1	1	1	222.448	93.527339	186.23019	0.971	0
4.75	3.7239092	1	1	1	161.85542	7.1550969	150.40028	0.971	0
4.85	3.7239092	1	1	1	161.8199	7.1831719	330.43908	0.971	0
4.95	3.7239092	1	1	1	42.751819	87.086147	83.581937	0.971	0
5.05	3.7239092	1	1	1	42.78104	87.141724	83.561311	0.971	0
5.15	3.7239092	1	1	1	132.43175	96.411608	357.08105	0.971	0
5.25	3.7239092	1	1	1	132.17334	96.242586	356.67597	0.971	0
5.35	3.7239092	1	1	1	42.534095	86.694817	83.749241	0.971	0
5.45	3.7239092	1	1	1	42.534095	86.69539	83.752106	0.971	0
5.55	3.7239092	1	1	1	132.17334	96.242586	356.67597	0.971	0
5.65	3.7239092	1	1	1	42.534095	86.694817	83.749241	0.971	0
5.75	3.7239092	1	1	1	42.534095	86.69539	83.752106	0.971	0
5.85	3.7239092	1	1	1	312.17147	83.762419	3.32602	0.971	0
5.95	3.7239092	1	1	1	42.532949	86.693098	83.751533	0.971	0
6.05	3.7239092	1	1	1	42.51175	86.69539	83.900502	0.971	0
6.15	3.7239092	1	1	1	312.16345	83.851227	3.325447	0.971	0
6.25	3.7239092	1	1	1	43.814083	85.77522	84.294124	0.971	0
6.35	3.7239092	1	1	1	43.835855	85.78496	84.276362	0.971	0
6.45	3.7239092	1	1	1	43.886275	85.763761	84.278081	0.971	0
6.55	3.7239092	1	1	1	170.28764	7.1149899	143.38727	0.971	0
6.65	3.7239092	1	1	1	170.29394	7.1144169	143.38212	0.971	0
6.75	3.7239092	1	1	1	43.886275	85.763761	84.278081	0.971	0
6.85	3.7239092	1	1	1	313.46292	84.294697	4.2576494	0.971	0
6.95	3.7239092	1	1	1	170.29165	7.1144169	143.38383	0.971	0
7.05	3.7239092	1	1	1	133.47797	96.886017	355.98727	0.971	0
7.15	3.7239092	1	1	1	163.88025	7.9618215	149.85138	0.971	0
7.25	3.7239092	1	1	1	133.47682	96.898049	355.97696	0.971	0
7.35	3.7239092	1	1	1	43.963052	86.000965	83.081172	0.971	0
7.45	3.7239092	1	1	1	223.96061	93.997164	186.91774	0.971	0
7.55	3.7239092	1	1	1	163.87109	7.9876046	149.85654	0.971	0
7.65	3.7239092	1	1	1	133.48599	96.900914	355.96894	0.971	0
7.75	3.7239092	1	1	1	313.47839	83.096642	4.0301851	0.971	0
7.85	3.7239092	1	1	1	163.87109	7.9876046	149.85654	0.971	0
7.95	3.7239092	1	1	1	133.48599	96.901487	355.96836	0.971	0
8.05	3.7239092	1	1	1	313.99978	83.784764	3.4297254	0.971	0
8.15	3.7239092	1	1	1	134.00452	96.215084	356.56825	0.971	0
8.25	3.7239092	1	1	1	101.16143	136.26426	288.17714	0.114	0
8.35	3.7239092	1	1	1	44.371571	86.590539	83.773878	0.971	0
8.45	3.7239092	1	1	1	133.99821	96.209927	356.56997	0.971	0
8.55	3.7239092	1	1	1	162.34874	7.8999421	151.51754	0.971	0
8.65	3.7239092	1	1	1	44.087956	86.231294	83.046795	0.971	0
8.75	3.7239092	1	1	1	44.095405	86.235878	83.046222	0.971	0
8.85	3.7239092	1	1	1	44.093113	86.245045	83.045076	0.971	0
8.95	3.7239092	1	1	1	44.726231	88.129503	83.37911	0.971	0
9.05	3.7239092	1	1	1	134.56659	96.542816	358.11409	0.971	0
9.15	3.7239092	1	1	1	330.59607	173.16503	15.936821	0.971	0
9.25	3.7239092	1	1	1	44.820196	88.128357	83.512609	0.971	0
9.35	3.7239092	1	1	1	44.823061	88.121482	83.524069	0.971	0
9.45	3.7239092	1	1	1	44.821915	88.122055	83.523496	0.971	0
9.55	3.7239092	1	1	1	44.827645	88.087104	83.583083	0.971	0
9.65	3.7239092	1	1	1	44.823634	88.092261	83.571051	0.971	0
9.75	3.7239092	1	1	1	173.53975	7.3252654	319.87661	0.971	0
9.85	3.7239092	1	1	1	173.78497	7.3281302	319.63138	0.971	0
9.95	3.7239092	1	1	1	173.87837	7.3246925	319.53799	0.971	0
0	3.8105118	1	1	1	222.61015	94.025812	100.08771	0.971	0
0.1	3.8105118	1	1	1	222.63937	93.977683	100.21032	0.971	0
0.2	3.8105118	1	1	1	222.65426	93.937576	100.10432	0.971	0
0.3	3.8105118	1	1	1	222.61817	94.009769	100.14615	0.971	0
0.4	3.8105118	1	1	1	131.90634	102.28557	267.569	0.971	0
0.5	3.8105118	1	1	1	222.41878	92.427833	102.32453	0.971	0
0.6	3.8105118	1	1	1	311.96177	77.769853	2.3880881	0.971	0
0.7	3.8105118	1	1	1	131.62158	102.54971	267.13642	0.971	0
0.8	3.8105118	1	1	1	131.65653	102.53996	267.17595	0.971	0
0.9	3.8105118	1	1	1	131.64164	102.53996	267.15303	0.971	0
1	3.8105118	1	1	1	131.62216	102.53882	267.141	0.971	0
1.1	3.8105118	1	1	1	151.51124	88.277326	341.34648	0.229	0
1.2	3.8105118	1	1	1	43.241698	89.303494	83.293167	0.971	0
1.3	3.8105118	1	1	1	131.60096	102.54627	267.11522	0.971	0
1.4	3.8105118	1	1	1	163.22192	8.6573923	330.16235	0.971	0
1.5	3.8105118	1	1	1	163.35542	8.5823348	329.99676	0.971	0
1.6	3.8105118	1	1	1	163.32735	8.5995235	330.03228	0.971	0
1.7	3.8105118	1	1	1	163.25458	8.5823348	330.1039	0.971	0
1.8	3.8105118	1	1	1	354.11599	171.92114	41.464956	0.971	0
1.9	3.8105118	1	1	1	174.29949	8.0970396	318.35655	0.971	0
2	3.8105118	1	1	1	174.44617	8.1090717	318.22706	0.971	0
2.1	3.8105118	1	1	1	132.35841	96.122265	354.51019	0.971	0
2.2	3.8105118	1	1	1	174.3946	8.2202255	318.26259	0.971	0
2.3	3.8105118	1	1	1	174.50919	8.2248091	318.20644	0.971	0
2.4	3.8105118	1	1	1	132.36356	96.125129	354.5056	0.971	0
2.5	3.8105118	1	1	1	174.3946	8.2202255	318.26259	0.971	0
2.6	3.8105118	1	1	1	312.81949	83.833466	5.6052461	0.971	0
2.7	3.8105118	1	1	1	223.41802	95.573371	96.195603	0.971	0
2.8	3.8105118	1	1	1	132.81276	96.166955	354.39502	0.971	0
2.9	3.8105118	1	1	1	312.81949	83.833466	5.6052461	0.971	0
3	3.8105118	1	1	1	223.41859	95.580246	96.205916	0.971	0
3.1	3.8105118	1	1	1	131.87827	95.866152	356.37287	0.971	0
3.2	3.8105118	1	1	1	42.197196	86.348177	84.178959	0.971	0
3.3	3.8105118	1	1	1	131.79462	95.776771	356.3087	0.971	0
3.4	3.8105118	1	1	1	131.7843	95.766458	356.30125	0.971	0
3.5	3.8105118	1	1	1	164.55749	6.8462727	327.41043	0.971	0
3.6	3.8105118	1	1	1	311.78243	84.234536	3.6995885	0.971	0
3.7	3.8105118	1	1	1	42.150786	86.317238	84.225942	0.971	0
3.8	3.8105118	1	1	1	164.57582	6.8451268	327.38866	0.971	0
3.9	3.8105118	1	1	1	222.14949	93.68261	95.773906	0.971	0
4	3.8105118	1	1	1	42.150786	86.317238	84.225942	0.971	0
4.1	3.8105118	1	1	1	164.57582	6.8451268	327.38866	0.971	0
4.2	3.8105118	1	1	1	222.14949	93.68261	95.773333	0.971	0
4.3	3.8105118	1	1	1	222.448	93.526766	186.23019	0.971	0
4.4	3.8105118	1	1	1	222.44857	93.526766	186.22962	0.971	0
4.5	3.8105118	1	1	1	132.0301	96.165809	356.43475	0.971	0
4.6	3.8105118	1	1	1	222.448	93.526766	186.23019	0.971	0
4.7	3.8105118	1	1	1	222.44857	93.526766	186.22962	0.971	0
4.8	3.8105118	1	1	1	132.05016	96.407025	356.33563	0.971	0
4.9	3.8105118	1	1	1	42.78104	87.142297	83.56704	0.971	0
5	3.8105118	1	1	1	42.726036	87.037446	83.599126	0.971	0
5.1	3.8105118	1	1	1	132.367	96.581204	356.87077	0.971	0
5.2	3.8105118	1	1	1	42.78104	87.142297	83.56704	0.971	0
5.3	3.8105118	1	1	1	312.17262	83.760127	3.3243011	0.971	0
5.4	3.8105118	1	1	1	42.533522	86.694817	83.753252	0.971	0
5.5	3.8105118	1	1	1	42.533522	86.69539	83.754398	0.971	0
5.6	3.8105118	1	1	1	312.1709	83.767576	3.325447	0.971	0
5.7	3.8105118	1	1	1	42.532949	86.693671	83.753825	0.971	0
5.8	3.8105118	1	1	1	42.533522	86.69539	83.754398	0.971	0
5.9	3.8105118	1	1	1	312.1709	83.767576	3.325447	0.971	0
6	3.8105118	1	1	1	42.527792	86.693098	83.788202	0.971	0
6.1	3.8105118	1	1	1	312.16345	83.858103	3.32602	0.971	0
6.2	3.8105118	1	1	1	312.27002	83.904512	3.4102448	0.971	0
6.3	3.8105118	1	1	1	133.40577	95.6914	355.75408	0.971	0
6.4	3.8105118	1	1	1	133.41838	95.709162	355.76267	0.971	0
6.5	3.8105118	1	1	1	170.28592	7.1149899	143.38899	0.971	0
6.6	3.8105118	1	1	1	170.28879	7.1144169	143.3867	0.971	0
6.7	3.8105118	1	1	1	170.29051	7.1144169	143.38498	0.971	0
6.8	3.8105118	1	1	1	170.28592	7.1149899	143.38899	0.971	0
6.9	3.8105118	1	1	1	170.28478	7.1149899	143.39014	0.971	0
7	3.8105118	1	1	1	170.29051	7.1144169	143.38498	0.971	0
7.1	3.8105118	1	1	1	163.83442	7.9664052	149.8892	0.971	0
7.2	3.8105118	1	1	1	163.82525	7.9795832	149.89321	0.971	0
7.3	3.8105118	1	1	1	43.96076	86.002684	83.082318	0.971	0
7.4	3.8105118	1	1	1	223.96175	94.000602	186.92061	0.971	0
7.5	3.8105118	1	1	1	163.86593	7.9887505	149.85883	0.971	0
7.6	3.8105118	1	1	1	163.85562	7.9904694	149.86456	0.971	0
7.7	3.8105118	1	1	1	133.48713	96.900341	355.96894	0.971	0
7.8	3.8105118	1	1	1	163.86593	7.9887505	149.85883	0.971	0
7.9	3.8105118	1	1	1	133.47625	96.905498	355.96722	0.971	0
8	3.8105118	1	1	1	163.87968	7.9887505	149.84737	0.971	0
8.1	3.8105118	1	1	1	163.87051	7.9933342	149.84909	0.971	0
8.2	3.8105118	1	1	1	134.00222	96.213365	356.56825	0.971	0
8.3	3.8105118	1	1	1	44.338912	86.543556	83.689653	0.971	0
8.4	3.8105118	1	1	1	133.98618	96.230554	356.56768	0.971	0
8.5	3.8105118	1	1	1	162.30175	7.901088	151.56682	0.971	0
8.6	3.8105118	1	1	1	44.096551	86.256504	83.041638	0.971	0
8.7	3.8105118	1	1	1	44.091967	86.242753	83.045649	0.971	0
8.8	3.8105118	1	1	1	162.30118	7.901088	151.56682	0.971	0
8.9	3.8105118	1	1	1	44.096551	86.261661	83.039919	0.971	0
9	3.8105118	1	1	1	134.53164	96.566307	358.09919	0.971	0
9.1	3.8105118	1	1	1	330.81208	173.22004	16.132773	0.971	0
9.2	3.8105118	1	1	1	44.810456	88.115179	83.528652	0.971	0
9.3	3.8105118	1	1	1	44.816759	88.12492	83.518339	0.971	0
9.4	3.8105118	1	1	1	44.823634	88.11346	83.537819	0.971	0
9.5	3.8105118	1	1	1	44.81504	88.111169	83.540111	0.971	0
9.6	3.8105118	1	1	1	44.810456	88.089969	83.567613	0.971	0
9.7	3.8105118	1	1	1	173.31114	7.3355787	140.1048	0.971	0
9.8	3.8105118	1	1	1	173.4773	7.3516215	319.93791	0.971	0
9.9	3.8105118	1	1	1	173.21374	7.357351	320.2009	0.971	0
0.05	3.8971143	1	1	1	222.60041	94.071076	100.09114	0.971	0
0.15	3.8971143	1	1	1	222.62504	93.993726	100.08427	0.971	0
0.25	3.8971143	1	1	1	222.62562	93.99258	100.08026	0.971	0
0.35	3.8971143	1	1	1	222.64682	93.955911	100.08828	0.971	0
0.45	3.8971143	1	1	1	311.96177	77.762978	2.3852233	0.971	0
0.55	3.8971143	1	1	1	311.96177	77.767562	2.4058498	0.971	0
0.65	3.8971143	1	1	1	222.47493	92.365953	192.23995	0.971	0
0.75	3.8971143	1	1	1	222.47951	92.368245	192.2388	0.971	0
0.85	3.8971143	1	1	1	311.95547	77.78074	182.43033	0.971	0
0.95	3.8971143	1	1	1	222.47264	92.371683	192.22448	0.971	0
1.05	3.8971143	1	1	1	222.18215	92.913701	102.58064	0.971	0
1.15	3.8971143	1	1	1	151.51124	88.277326	341.34648	0.229	0
1.25	3.8971143	1	1	1	222.18501	92.901669	102.58122	0.971	0
1.35	3.8971143	1	1	1	163.33594	8.6321821	330.02713	0.971	0
1.45	3.8971143	1	1	1	163.2437	8.6717162	330.13656	0.971	0
1.55	3.8971143	1	1	1	163.41444	8.6602571	329.9515	0.971	0
1.65	3.8971143	1	1	1	163.33594	8.6321821	330.02713	0.971	0
1.75	3.8971143	1	1	1	279.34214	45.394873	254.29586	0.171	0
1.85	3.8971143	1	1	1	312.34909	83.89821	5.4642985	0.971	0
1.95	3.8971143	1	1	1	174.36194	8.1978801	318.28092	0.971	0
2.05	3.8971143	1	1	1	42.940895	84.546225	263.85394	0.971	0
2.15	3.8971143	1	1	1	132.35726	96.120546	354.51133	0.971	0
2.25	3.8971143	1	1	1	174.36194	8.1978801	318.28092	0.971	0
2.35	3.8971143	1	1	1	42.940895	84.546225	263.85394	0.971	0
2.45	3.8971143	1	1	1	132.35726	96.120546	354.51133	0.971	0
2.55	3.8971143	1	1	1	174.48226	8.1102176	318.19097	0.971	0
2.65	3.8971143	1	1	1	223.41687	95.572798	186.19696	0.971	0
2.75	3.8971143	1	1	1	223.41572	95.572798	186.19639	0.971	0
2.85	3.8971143	1	1	1	312.80402	83.923993	5.5301886	0.971	0
2.95	3.8971143	1	1	1	223.41744	95.572798	96.195603	0.971	0
3.05	3.8971143	1	1	1	132.82136	96.16409	354.39273	0.971	0
3.15	3.8971143	1	1	1	42.217249	86.36422	84.157187	0.971	0
3.25	3.8971143	1	1	1	131.81123	95.795679	356.31902	0.971	0
3.35	3.8971143	1	1	1	42.162245	86.324113	84.216202	0.971	0
3.45	3.8971143	1	1	1	131.78316	95.764739	356.30068	0.971	0
3.55	3.8971143	1	1	1	222.15293	93.681464	185.77526	0.971	0
3.65	3.8971143	1	1	1	164.57353	6.8451268	327.39152	0.971	0
3.75	3.8971143	1	1	1	164.58098	6.8445538	327.38407	0.971	0
3.85	3.8971143	1	1	1	42.150213	86.317238	264.22694	0.971	0
3.95	3.8971143	1	1	1	164.57353	6.8451268	327.39152	0.971	0
4.05	3.8971143	1	1	1	164.58098	6.8445538	327.38407	0.971	0
4.15	3.8971143	1	1	1	131.77743	95.761301	356.29839	0.971	0
4.25	3.8971143	1	1	1	222.44743	93.527339	186.22847	0.971	0
4.35	3.8971143	1	1	1	161.82563	7.1585347	150.43408	0.971	0
4.45	3.8971143	1	1	1	161.8623	7.153951	330.39439	0.971	0
4.55	3.8971143	1	1	1	222.44743	93.527339	186.22847	0.971	0
4.65	3.8971143	1	1	1	161.82276	7.1579617	150.43694	0.971	0
4.75	3.8971143	1	1	1	161.85771	7.153951	330.39783	0.971	0
4.85	3.8971143	1	1	1	336.57661	172.96221	23.952501	0.971	0
4.95	3.8971143	1	1	1	42.78505	87.149745	83.563603	0.971	0
5.05	3.8971143	1	1	1	132.45867	96.42937	357.12402	0.971	0
5.15	3.8971143	1	1	1	336.57661	172.96221	23.952501	0.971	0
5.25	3.8971143	1	1	1	42.78505	87.149745	83.563603	0.971	0
5.35	3.8971143	1	1	1	42.534095	86.697109	83.75497	0.971	0
5.45	3.8971143	1	1	1	132.17162	96.23571	356.67597	0.971	0
5.55	3.8971143	1	1	1	42.534095	86.697109	83.752106	0.971	0
5.65	3.8971143	1	1	1	42.531803	86.694817	83.759554	0.971	0
5.75	3.8971143	1	1	1	132.17162	96.23571	356.67597	0.971	0
5.85	3.8971143	1	1	1	42.532949	86.696536	83.757262	0.971	0
5.95	3.8971143	1	1	1	42.531803	86.694817	83.759554	0.971	0
6.05	3.8971143	1	1	1	42.511177	86.695963	83.906804	0.971	0
6.15	3.8971143	1	1	1	42.518625	86.69539	83.854092	0.971	0
6.25	3.8971143	1	1	1	42.639519	86.600852	83.941755	0.971	0
6.35	3.8971143	1	1	1	43.884556	85.708757	84.459709	0.971	0
6.45	3.8971143	1	1	1	43.90461	85.714486	84.474033	0.971	0
6.55	3.8971143	1	1	1	170.28993	7.1144169	143.38498	0.971	0
6.65	3.8971143	1	1	1	170.28363	7.1149899	143.39071	0.971	0
6.75	3.8971143	1	1	1	313.46349	84.294697	4.2570764	0.971	0
6.85	3.8971143	1	1	1	170.29222	7.1144169	143.38326	0.971	0
6.95	3.8971143	1	1	1	170.28363	7.1149899	143.39071	0.971	0
7.05	3.8971143	1	1	1	313.46349	84.294697	4.2570764	0.971	0
7.15	3.8971143	1	1	1	163.81895	7.9749996	149.90008	0.971	0
7.25	3.8971143	1	1	1	43.960187	86.006122	83.085756	0.971	0
7.35	3.8971143	1	1	1	223.96061	93.997164	186.91831	0.971	0
7.45	3.8971143	1	1	1	163.81895	7.9749996	149.90008	0.971	0
7.55	3.8971143	1	1	1	43.960187	86.006122	83.085756	0.971	0
7.65	3.8971143	1	1	1	313.48068	83.096642	4.031331	0.971	0
7.75	3.8971143	1	1	1	163.86708	7.9893235	149.85711	0.971	0
7.85	3.8971143	1	1	1	163.86364	7.9898965	149.8594	0.971	0
7.95	3.8971143	1	1	1	313.48068	83.096642	4.031331	0.971	0
8.05	3.8971143	1	1	1	163.87166	7.9916153	149.85081	0.971	0
8.15	3.8971143	1	1	1	163.89286	8.0002097	149.82445	0.971	0
8.25	3.8971143	1	1	1	133.98274	96.226543	356.57112	0.971	0
8.35	3.8971143	1	1	1	44.30568	86.534962	83.620325	0.971	0
8.45	3.8971143	1	1	1	44.11775	86.302914	83.085756	0.971	0
8.55	3.8971143	1	1	1	44.259844	86.512616	83.498858	0.971	0
8.65	3.8971143	1	1	1	162.27654	7.8970773	151.59604	0.971	0
8.75	3.8971143	1	1	1	43.192996	84.881406	79.764892	0.971	0
8.85	3.8971143	1	1	1	43.154035	85.089962	79.765465	0.971	0
8.95	3.8971143	1	1	1	330.84818	173.10315	16.275439	0.971	0
9.05	3.8971143	1	1	1	44.720502	88.076791	83.471356	0.971	0
9.15	3.8971143	1	1	1	330.66655	173.17879	16.017608	0.971	0
9.25	3.8971143	1	1	1	44.577262	87.869953	83.649546	0.971	0
9.35	3.8971143	1	1	1	44.531426	87.804636	83.679913	0.971	0
9.45	3.8971143	1	1	1	44.817905	88.095126	83.564176	0.971	0
9.55	3.8971143	1	1	1	44.456368	87.726714	83.706842	0.971	0
9.65	3.8971143	1	1	1	154.86763	6.6961578	339.41733	0.971	0
9.75	3.8971143	1	1	1	173.34895	7.3533403	320.06626	0.971	0
9.85	3.8971143	1	1	1	173.51053	7.3642265	319.90468	0.971	0
9.95	3.8971143	1	1	1	173.37015	7.3693832	140.04464	0.971	0
0	3.9837169	1	1	1	42.66874	86.094357	79.896673	0.971	0
0.1	3.9837169	1	1	1	311.85405	79.951677	4.1419119	0.971	0
0.2	3.9837169	1	1	1	222.65083	93.9519	100.10661	0.971	0
0.3	3.9837169	1	1	1	222.7276	93.807515	100.12839	0.971	0
0.4	3.9837169	1	1	1	311.98239	79.916726	3.9534088	0.971	0
0.5	3.9837169	1	1	1	311.95375	77.779021	2.4012661	0.971	0
0.6	3.9837169	1	1	1	222.47034	92.353348	192.23536	0.971	0
0.7	3.9837169	1	1	1	222.48238	92.358505	192.23479	0.971	0
0.8	3.9837169	1	1	1	311.95948	77.780167	182.43377	0.971	0
0.9	3.9837169	1	1	1	222.46977	92.366526	192.22963	0.971	0
1	3.9837169	1	1	1	222.47779	92.369964	192.21989	0.971	0
1.1	3.9837169	1	1	1	311.95833	77.784177	182.43091	0.971	0
1.2	3.9837169	1	1	1	222.45889	92.15797	102.04321	0.971	0
1.3	3.9837169	1	1	1	311.99385	77.959502	2.2053146	0.971	0
1.4	3.9837169	1	1	1	222.45258	92.151667	192.05144	0.971	0
1.5	3.9837169	1	1	1	222.45659	92.147656	102.04264	0.971	0
1.6	3.9837169	1	1	1	163.12509	8.5617083	330.22766	0.971	0
1.7	3.9837169	1	1	1	277.64847	153.0714	73.786651	0.143	0
1.8	3.9837169	1	1	1	163.14286	8.5886373	330.21334	0.971	0
1.9	3.9837169	1	1	1	174.3608	8.1961613	318.28035	0.971	0
2	3.9837169	1	1	1	42.930582	84.547944	263.85394	0.971	0
2.1	3.9837169	1	1	1	132.35612	96.119973	354.51191	0.971	0
2.2	3.9837169	1	1	1	174.3797	8.21335	318.27003	0.971	0
2.3	3.9837169	1	1	1	42.930582	84.547944	263.85394	0.971	0
2.4	3.9837169	1	1	1	132.36356	96.12341	354.50618	0.971	0
2.5	3.9837169	1	1	1	174.38715	8.2167877	318.26602	0.971	0
2.6	3.9837169	1	1	1	42.945479	84.545079	263.8568	0.971	0
2.7	3.9837169	1	1	1	223.41572	95.571652	186.19811	0.971	0
2.8	3.9837169	1	1	1	312.81318	83.83232	5.6046732	0.971	0
2.9	3.9837169	1	1	1	223.36244	95.559047	186.19008	0.971	0
3	3.9837169	1	1	1	223.41572	95.571652	186.19811	0.971	0
3.1	3.9837169	1	1	1	312.81318	83.83232	5.6046732	0.971	0
3.2	3.9837169	1	1	1	131.83931	95.826618	356.3385	0.971	0
3.3	3.9837169	1	1	1	42.167975	86.326978	84.212191	0.971	0
3.4	3.9837169	1	1	1	131.7843	95.765885	356.30125	0.971	0
3.5	3.9837169	1	1	1	222.15293	93.682037	185.77526	0.971	0
3.6	3.9837169	1	1	1	131.78087	95.764166	356.30011	0.971	0
3.7	3.9837169	1	1	1	131.7843	95.765885	356.30125	0.971	0
3.8	3.9837169	1	1	1	222.15293	93.682037	185.77526	0.971	0
3.9	3.9837169	1	1	1	131.77857	95.761874	356.29839	0.971	0
4	3.9837169	1	1	1	131.778	95.761301	356.29839	0.971	0
4.1	3.9837169	1	1	1	131.778	95.760728	356.29782	0.971	0
4.2	3.9837169	1	1	1	222.45201	93.525047	186.23535	0.971	0
4.3	3.9837169	1	1	1	161.86344	7.153951	150.39283	0.971	0
4.4	3.9837169	1	1	1	161.85886	7.154524	330.39669	0.971	0
4.5	3.9837169	1	1	1	222.45201	93.525047	186.23535	0.971	0
4.6	3.9837169	1	1	1	161.86344	7.153951	150.39283	0.971	0
4.7	3.9837169	1	1	1	161.85886	7.154524	330.39669	0.971	0
4.8	3.9837169	1	1	1	162.59224	9.1959726	329.65299	0.971	0
4.9	3.9837169	1	1	1	42.78104	87.141724	83.561311	0.971	0
5	3.9837169	1	1	1	132.43175	96.411608	357.08105	0.971	0
5.1	3.9837169	1	1	1	42.751819	87.086147	83.581937	0.971	0
5.2	3.9837169	1	1	1	42.78104	87.141724	83.561311	0.971	0
5.3	3.9837169	1	1	1	42.535241	86.697109	83.749241	0.971	0
5.4	3.9837169	1	1	1	132.17334	96.242586	356.67597	0.971	0
5.5	3.9837169	1	1	1	42.534095	86.694817	83.749241	0.971	0
5.6	3.9837169	1	1	1	42.534095	86.69539	83.752106	0.971	0
5.7	3.9837169	1	1	1	312.17147	83.762419	3.32602	0.971	0
5.8	3.9837169	1	1	1	312.17147	83.767003	3.32602	0.971	0
5.9	3.9837169	1	1	1	42.529511	86.694817	83.7819	0.971	0
6	3.9837169	1	1	1	312.16689	83.810547	3.326593	0.971	0
6.1	3.9837169	1	1	1	42.522063	86.694817	83.82659	0.971	0
6.2	3.9837169	1	1	1	42.51175	86.69539	83.900502	0.971	0
6.3	3.9837169	1	1	1	43.827834	85.77522	84.292978	0.971	0
6.4	3.9837169	1	1	1	43.841012	85.783241	84.275216	0.971	0
6.5	3.9837169	1	1	1	170.28764	7.1149899	143.38727	0.971	0
6.6	3.9837169	1	1	1	43.886275	85.763761	84.278081	0.971	0
6.7	3.9837169	1	1	1	170.28764	7.1149899	143.38727	0.971	0
6.8	3.9837169	1	1	1	170.28764	7.1149899	143.38727	0.971	0
6.9	3.9837169	1	1	1	170.28879	7.1149899	143.3867	0.971	0
7	3.9837169	1	1	1	313.46292	84.294697	4.2576494	0.971	0
7.1	3.9837169	1	1	1	170.29165	7.1144169	143.38383	0.971	0
7.2	3.9837169	1	1	1	43.960187	86.006695	83.085756	0.971	0
7.3	3.9837169	1	1	1	223.96061	93.997164	186.91774	0.971	0
7.4	3.9837169	1	1	1	133.47682	96.898049	355.97696	0.971	0
7.5	3.9837169	1	1	1	43.960187	86.006695	83.085756	0.971	0
7.6	3.9837169	1	1	1	223.96061	93.997164	186.91774	0.971	0
7.7	3.9837169	1	1	1	163.85218	7.9887505	149.86857	0.971	0
7.8	3.9837169	1	1	1	163.85848	7.9893235	149.86227	0.971	0
7.9	3.9837169	1	1	1	313.47839	83.096642	4.0301851	0.971	0
8	3.9837169	1	1	1	163.85734	7.9898965	149.86399	0.971	0
8.1	3.9837169	1	1	1	163.87338	7.9927612	149.84623	0.971	0
8.2	3.9837169	1	1	1	313.52938	83.164824	3.9740353	0.971	0
8.3	3.9837169	1	1	1	133.9329	96.313632	356.56023	0.971	0
8.4	3.9837169	1	1	1	44.228331	86.468499	83.406039	0.971	0
8.5	3.9837169	1	1	1	132.25184	100.21376	354.61103	0.971	0
8.6	3.9837169	1	1	1	341.18491	168.36308	208.44319	0.971	0
8.7	3.9837169	1	1	1	132.28163	100.18167	355.11179	0.971	0
8.8	3.9837169	1	1	1	132.31887	100.13927	355.36848	0.971	0
8.9	3.9837169	1	1	1	43.036006	85.457228	79.724212	0.971	0
9	3.9837169	1	1	1	132.28564	100.1725	355.42234	0.971	0
9.1	3.9837169	1	1	1	43.136274	85.440612	79.828491	0.971	0
9.2	3.9837169	1	1	1	157.36916	11.869967	334.97748	0.971	0
9.3	3.9837169	1	1	1	157.30442	11.89002	335.06629	0.971	0
9.4	3.9837169	1	1	1	131.89145	100.77296	354.92444	0.971	0
9.5	3.9837169	1	1	1	157.30442	11.89002	335.06629	0.971	0
9.6	3.9837169	1	1	1	44.65232	87.926103	83.634649	0.971	0
9.7	3.9837169	1	1	1	44.408813	87.623582	83.738355	0.971	0
9.8	3.9837169	1	1	1	173.07451	7.3476108	320.34128	0.971	0
9.9	3.9837169	1	1	1	173.47271	7.3739668	139.94208	0.971	0
0.05	4.0703194	1	1	1	317.31606	103.62285	69.631561	0.971	0
0.15	4.0703194	1	1	1	222.61015	94.025812	100.08771	0.971	0
0.25	4.0703194	1	1	1	222.63421	93.98857	100.1089	0.971	0
0.35	4.0703194	1	1	1	222.65827	93.943306	100.11349	0.971	0
0.45	4.0703194	1	1	1	311.96177	77.782458	2.4207467	0.971	0
0.55	4.0703194	1	1	1	222.47493	92.368818	192.22849	0.971	0
0.65	4.0703194	1	1	1	222.47493	92.367672	192.22677	0.971	0
0.75	4.0703194	1	1	1	311.96177	77.782458	2.4207467	0.971	0
0.85	4.0703194	1	1	1	222.47493	92.368818	192.22849	0.971	0
0.95	4.0703194	1	1	1	222.47493	92.367672	192.22677	0.971	0
1.05	4.0703194	1	1	1	311.96291	77.784177	182.42403	0.971	0
1.15	4.0703194	1	1	1	222.45831	92.161407	102.03061	0.971	0
1.25	4.0703194	1	1	1	311.99786	77.975545	2.2047416	0.971	0
1.35	4.0703194	1	1	1	222.45602	92.158542	192.02967	0.971	0
1.45	4.0703194	1	1	1	222.45831	92.161407	102.03061	0.971	0
1.55	4.0703194	1	1	1	222.45487	92.141354	102.04665	0.971	0
1.65	4.0703194	1	1	1	222.45602	92.158542	192.02967	0.971	0
1.75	4.0703194	1	1	1	132.29595	97.99068	356.18666	0.971	0
1.85	4.0703194	1	1	1	312.18637	82.277312	3.8921023	0.971	0
1.95	4.0703194	1	1	1	173.94311	7.2880232	318.86534	0.971	0
2.05	4.0703194	1	1	1	354.63051	172.72672	221.82176	0.971	0
2.15	4.0703194	1	1	1	175.17039	7.2570834	317.66041	0.971	0
2.25	4.0703194	1	1	1	132.36356	96.125129	354.5056	0.971	0
2.35	4.0703194	1	1	1	174.3946	8.2202255	318.26259	0.971	0
2.45	4.0703194	1	1	1	174.50919	8.2248091	318.20644	0.971	0
2.55	4.0703194	1	1	1	132.36356	96.125129	354.5056	0.971	0
2.65	4.0703194	1	1	1	132.81276	96.166955	354.39502	0.971	0
2.75	4.0703194	1	1	1	312.81949	83.833466	5.6052461	0.971	0
2.85	4.0703194	1	1	1	223.41859	95.580246	96.205916	0.971	0
2.95	4.0703194	1	1	1	132.81276	96.166955	354.39502	0.971	0
3.05	4.0703194	1	1	1	312.81433	83.832893	5.6041002	0.971	0
3.15	4.0703194	1	1	1	223.41859	95.580246	96.205916	0.971	0
3.25	4.0703194	1	1	1	312.48488	84.478616	6.3340484	0.971	0
3.35	4.0703194	1	1	1	131.79003	95.772187	356.30469	0.971	0
3.45	4.0703194	1	1	1	311.78243	84.234536	3.6995885	0.971	0
3.55	4.0703194	1	1	1	131.7843	95.766458	356.30125	0.971	0
3.65	4.0703194	1	1	1	164.55749	6.8462727	327.41043	0.971	0
3.75	4.0703194	1	1	1	222.14949	93.68261	95.773906	0.971	0
3.85	4.0703194	1	1	1	131.78029	95.763593	356.29896	0.971	0
3.95	4.0703194	1	1	1	164.57582	6.8451268	327.38866	0.971	0
4.05	4.0703194	1	1	1	222.14949	93.68261	95.773906	0.971	0
4.15	4.0703194	1	1	1	222.44743	93.526766	186.23076	0.971	0
4.25	4.0703194	1	1	1	222.448	93.527339	186.22962	0.971	0
4.35	4.0703194	1	1	1	132.0301	96.165809	356.43475	0.971	0
4.45	4.0703194	1	1	1	222.44743	93.526766	186.22962	0.971	0
4.55	4.0703194	1	1	1	222.448	93.527339	186.22962	0.971	0
4.65	4.0703194	1	1	1	42.566181	85.367847	262.04683	0.971	0
4.75	4.0703194	1	1	1	162.73835	9.203994	329.49943	0.971	0
4.85	4.0703194	1	1	1	222.56202	94.654347	97.949427	0.971	0
4.95	4.0703194	1	1	1	42.566181	85.367847	262.04683	0.971	0
5.05	4.0703194	1	1	1	162.73835	9.203994	329.49943	0.971	0
5.15	4.0703194	1	1	1	222.56202	94.654347	97.949427	0.971	0
5.25	4.0703194	1	1	1	311.79389	82.035524	4.9515013	0.971	0
5.35	4.0703194	1	1	1	164.06417	9.4199991	328.04355	0.971	0
5.45	4.0703194	1	1	1	312.17262	83.760127	3.3243011	0.971	0
5.55	4.0703194	1	1	1	42.532949	86.693671	83.753825	0.971	0
5.65	4.0703194	1	1	1	42.531803	86.692525	83.765284	0.971	0
5.75	4.0703194	1	1	1	312.1709	83.767576	3.325447	0.971	0
5.85	4.0703194	1	1	1	42.532949	86.693671	83.753825	0.971	0
5.95	4.0703194	1	1	1	42.531803	86.692525	83.765284	0.971	0
6.05	4.0703194	1	1	1	312.16689	83.809401	3.326593	0.971	0
6.15	4.0703194	1	1	1	42.518052	86.693098	83.853519	0.971	0
6.25	4.0703194	1	1	1	132.7526	97.446943	354.06901	0.971	0
6.35	4.0703194	1	1	1	223.8357	94.215461	275.72391	0.971	0
6.45	4.0703194	1	1	1	43.886275	85.763761	264.27793	0.971	0
6.55	4.0703194	1	1	1	133.4625	95.706297	355.74262	0.971	0
6.65	4.0703194	1	1	1	170.28592	7.1149899	143.38899	0.971	0
6.75	4.0703194	1	1	1	43.886275	85.763761	264.27793	0.971	0
6.85	4.0703194	1	1	1	133.46307	95.705151	355.74262	0.971	0
6.95	4.0703194	1	1	1	170.28993	7.1144169	143.38613	0.971	0
7.05	4.0703194	1	1	1	170.28478	7.1149899	143.39014	0.971	0
7.15	4.0703194	1	1	1	43.959614	86.009559	83.088621	0.971	0
7.25	4.0703194	1	1	1	223.95889	93.987997	186.90857	0.971	0
7.35	4.0703194	1	1	1	163.82525	7.9795832	149.89321	0.971	0
7.45	4.0703194	1	1	1	43.96076	86.002684	83.082318	0.971	0
7.55	4.0703194	1	1	1	223.96175	94.000602	186.92061	0.971	0
7.65	4.0703194	1	1	1	163.85619	7.9904694	149.86341	0.971	0
7.75	4.0703194	1	1	1	163.85562	7.9904694	149.86456	0.971	0
7.85	4.0703194	1	1	1	223.96175	94.001175	186.92061	0.971	0
7.95	4.0703194	1	1	1	163.85619	7.9904694	149.86341	0.971	0
8.05	4.0703194	1	1	1	133.47625	96.905498	355.96722	0.971	0
8.15	4.0703194	1	1	1	163.88827	7.9973449	149.83076	0.971	0
8.25	4.0703194	1	1	1	163.92895	8.0030745	149.79008	0.971	0
8.35	4.0703194	1	1	1	133.83492	96.533648	356.48976	0.971	0
8.45	4.0703194	1	1	1	133.74497	96.612716	356.37688	0.971	0
8.55	4.0703194	1	1	1	43.19758	84.515858	79.687543	0.971	0
8.65	4.0703194	1	1	1	43.202164	84.468876	79.690981	0.971	0
8.75	4.0703194	1	1	1	43.220498	84.499816	79.716764	0.971	0
8.85	4.0703194	1	1	1	43.195861	84.528464	79.689262	0.971	0
8.95	4.0703194	1	1	1	43.159192	84.779419	79.701294	0.971	0
9.05	4.0703194	1	1	1	157.62241	11.738759	334.68241	0.971	0
9.15	4.0703194	1	1	1	158.07562	11.975964	334.06992	0.971	0
9.25	4.0703194	1	1	1	157.60923	11.89002	334.67611	0.971	0
9.35	4.0703194	1	1	1	157.56511	11.923825	334.72882	0.971	0
9.45	4.0703194	1	1	1	131.88686	100.77812	354.91699	0.971	0
9.55	4.0703194	1	1	1	311.95948	79.217718	5.0150996	0.971	0
9.65	4.0703194	1	1	1	131.95103	100.78442	354.97543	0.971	0
9.75	4.0703194	1	1	1	157.14342	11.878561	335.2737	0.971	0
9.85	4.0703194	1	1	1	173.19483	7.3550592	140.21996	0.971	0
9.95	4.0703194	1	1	1	133.1806	95.634104	355.22868	0.971	0
0	4.1569219	1	1	1	317.31606	103.62285	69.631561	0.971	0
0.1	4.1569219	1	1	1	317.3533	103.6028	69.660782	0.971	0
0.2	4.1569219	1	1	1	317.35387	103.6028	69.661355	0.971	0
0.3	4.1569219	1	1	1	317.3682	103.59535	69.675106	0.971	0
0.4	4.1569219	1	1	1	317.45414	103.55238	69.754174	0.971	0
0.5	4.1569219	1	1	1	234.30708	68.74233	345.62017	0.971	0
0.6	4.1569219	1	1	1	54.471671	111.55603	284.52339	0.971	0
0.7	4.1569219	1	1	1	54.252801	111.12975	284.35036	0.971	0
0.8	4.1569219	1	1	1	234.30708	68.74233	345.62017	0.971	0
0.9	4.1569219	1	1	1	54.942069	112.40458	284.92905	0.971	0
1	4.1569219	1	1	1	54.943788	112.40401	284.93191	0.971	0
1.1	4.1569219	1	1	1	54.943788	112.40458	284.93306	0.971	0
1.2	4.1569219	1	1	1	54.942069	112.40458	284.92905	0.971	0
1.3	4.1569219	1	1	1	54.943788	112.40401	284.93191	0.971	0
1.4	4.1569219	1	1	1	54.943788	112.40458	284.93306	0.971	0
1.5	4.1569219	1	1	1	319.36209	104.2428	67.197063	0.971	0
1.6	4.1569219	1	1	1	55.107081	112.23441	285.16568	0.971	0
1.7	4.1569219	1	1	1	163.22422	8.5462385	330.01624	0.971	0
1.8	4.1569219	1	1	1	159.61344	8.6774458	333.08099	0.971	0
1.9	4.1569219	1	1	1	43.062935	85.138091	174.59113	0.971	0
2	4.1569219	1	1	1	43.052049	85.12434	174.6255	0.971	0
2.1	4.1569219	1	1	1	223.04559	94.880092	95.360804	0.971	0
2.2	4.1569219	1	1	1	312.58629	84.663109	4.9068106	0.971	0
2.3	4.1569219	1	1	1	43.038871	85.119756	174.64785	0.971	0
2.4	4.1569219	1	1	1	43.041735	85.114026	174.64957	0.971	0
2.5	4.1569219	1	1	1	43.040017	85.107724	174.64728	0.971	0
2.6	4.1569219	1	1	1	43.042308	85.109443	174.64613	0.971	0
2.7	4.1569219	1	1	1	43.085853	85.101994	174.63983	0.971	0
2.8	4.1569219	1	1	1	223.41744	95.572798	96.195603	0.971	0
2.9	4.1569219	1	1	1	132.82136	96.16409	354.39273	0.971	0
3	4.1569219	1	1	1	312.80402	83.923993	5.5301886	0.971	0
3.1	4.1569219	1	1	1	223.41744	95.572798	96.195603	0.971	0
3.2	4.1569219	1	1	1	132.82136	96.16409	354.39273	0.971	0
3.3	4.1569219	1	1	1	312.44534	84.587478	6.4457752	0.971	0
3.4	4.1569219	1	1	1	311.78931	84.225942	3.6944319	0.971	0
3.5	4.1569219	1	1	1	131.78316	95.767604	356.30183	0.971	0
3.6	4.1569219	1	1	1	131.78316	95.764739	356.30068	0.971	0
3.7	4.1569219	1	1	1	222.15293	93.681464	185.77526	0.971	0
3.8	4.1569219	1	1	1	131.78316	95.767604	356.30183	0.971	0
3.9	4.1569219	1	1	1	164.56551	6.8456997	327.40069	0.971	0
4	4.1569219	1	1	1	131.77743	95.760728	356.29839	0.971	0
4.1	4.1569219	1	1	1	222.44571	93.524474	186.23649	0.971	0
4.2	4.1569219	1	1	1	222.44628	93.52562	186.23248	0.971	0
4.3	4.1569219	1	1	1	132.06219	96.221386	356.45366	0.971	0
4.4	4.1569219	1	1	1	222.44571	93.524474	186.23649	0.971	0
4.5	4.1569219	1	1	1	161.82563	7.1585347	150.43408	0.971	0
4.6	4.1569219	1	1	1	132.06219	96.221386	356.45366	0.971	0
4.7	4.1569219	1	1	1	162.86898	9.1988374	329.36593	0.971	0
4.8	4.1569219	1	1	1	222.55686	94.693308	187.92615	0.971	0
4.9	4.1569219	1	1	1	311.88557	82.087663	4.7721655	0.971	0
5	4.1569219	1	1	1	311.89015	82.119176	4.7733114	0.971	0
5.1	4.1569219	1	1	1	222.55686	94.693308	187.92615	0.971	0
5.2	4.1569219	1	1	1	344.07433	170.57756	211.96803	0.971	0
5.3	4.1569219	1	1	1	42.435546	84.976517	81.981093	0.971	0
5.4	4.1569219	1	1	1	311.74061	82.00573	5.0460393	0.971	0
5.5	4.1569219	1	1	1	344.07433	170.57756	211.96803	0.971	0
5.6	4.1569219	1	1	1	42.435546	84.976517	81.981093	0.971	0
5.7	4.1569219	1	1	1	42.532949	86.696536	83.757262	0.971	0
5.8	4.1569219	1	1	1	312.23793	83.74523	8.6648407	0.971	0
5.9	4.1569219	1	1	1	312.24997	83.736636	8.6379117	0.971	0
6	4.1569219	1	1	1	132.77953	97.43663	354.00828	0.971	0
6.1	4.1569219	1	1	1	132.74916	97.448089	354.07417	0.971	0
6.2	4.1569219	1	1	1	43.509269	84.137133	262.51093	0.971	0
6.3	4.1569219	1	1	1	132.73656	97.451527	354.09365	0.971	0
6.4	4.1569219	1	1	1	132.73942	97.452673	354.0988	0.971	0
6.5	4.1569219	1	1	1	223.50453	95.847818	97.492207	0.971	0
6.6	4.1569219	1	1	1	223.50396	95.847245	97.49278	0.971	0
6.7	4.1569219	1	1	1	170.28191	7.1155629	143.39243	0.971	0
6.8	4.1569219	1	1	1	170.28076	7.1155629	143.39357	0.971	0
6.9	4.1569219	1	1	1	313.46292	84.294697	4.2570764	0.971	0
7	4.1569219	1	1	1	170.28191	7.1155629	143.39243	0.971	0
7.1	4.1569219	1	1	1	43.957895	86.011851	83.090912	0.971	0
7.2	4.1569219	1	1	1	223.95832	93.991434	186.9143	0.971	0
7.3	4.1569219	1	1	1	163.81895	7.9784373	149.89894	0.971	0
7.4	4.1569219	1	1	1	43.960187	86.004403	83.082891	0.971	0
7.5	4.1569219	1	1	1	223.96003	93.997737	186.91889	0.971	0
7.6	4.1569219	1	1	1	163.84645	7.9876046	149.87258	0.971	0
7.7	4.1569219	1	1	1	133.4751	96.901487	355.97409	0.971	0
7.8	4.1569219	1	1	1	223.96003	93.997737	186.91889	0.971	0
7.9	4.1569219	1	1	1	163.85504	7.9904694	149.86399	0.971	0
8	4.1569219	1	1	1	133.47453	96.907217	355.96493	0.971	0
8.1	4.1569219	1	1	1	342.42422	168.49543	209.50889	0.971	0
8.2	4.1569219	1	1	1	223.41057	95.636396	190.04437	0.971	0
8.3	4.1569219	1	1	1	43.411293	84.365171	79.95225	0.971	0
8.4	4.1569219	1	1	1	223.41057	95.635823	190.04494	0.971	0
8.5	4.1569219	1	1	1	342.3589	168.49027	209.44931	0.971	0
8.6	4.1569219	1	1	1	223.36874	95.608894	190.10224	0.971	0
8.7	4.1569219	1	1	1	312.14168	79.676657	5.6086839	0.971	0
8.8	4.1569219	1	1	1	43.176381	84.482054	79.658895	0.971	0
8.9	4.1569219	1	1	1	312.17777	79.711607	5.4236185	0.971	0
9	4.1569219	1	1	1	43.154608	85.156998	79.781508	0.971	0
9.1	4.1569219	1	1	1	157.84472	11.915803	334.38103	0.971	0
9.2	4.1569219	1	1	1	42.630925	84.786867	79.202248	0.971	0
9.3	4.1569219	1	1	1	311.64378	79.248657	5.307881	0.971	0
9.4	4.1569219	1	1	1	311.59164	79.230323	5.2912652	0.971	0
9.5	4.1569219	1	1	1	311.63805	79.247512	5.3067351	0.971	0
9.6	4.1569219	1	1	1	311.60825	79.234906	5.2964219	0.971	0
9.7	4.1569219	1	1	1	131.94359	100.78786	354.96683	0.971	0
9.8	4.1569219	1	1	1	311.94229	79.211988	5.0414556	0.971	0
9.9	4.1569219	1	1	1	133.18117	95.638688	355.23326	0.971	0
0.05	4.2435245	1	1	1	317.48222	103.50311	249.78668	0.971	0
0.15	4.2435245	1	1	1	317.40888	103.57816	69.712348	0.971	0
0.25	4.2435245	1	1	1	317.51144	103.52717	69.82121	0.971	0
0.35	4.2435245	1	1	1	317.67588	103.44868	69.989659	0.971	0
0.45	4.2435245	1	1	1	317.66786	103.4567	69.982784	0.971	0
0.55	4.2435245	1	1	1	234.33917	68.670138	345.60871	0.971	0
0.65	4.2435245	1	1	1	54.326712	111.27872	284.40307	0.971	0
0.75	4.2435245	1	1	1	54.244206	111.12345	284.34005	0.971	0
0.85	4.2435245	1	1	1	234.92473	67.635376	345.1005	0.971	0
0.95	4.2435245	1	1	1	54.908264	112.36447	284.88378	0.971	0
1.05	4.2435245	1	1	1	54.943788	112.40573	284.93248	0.971	0
1.15	4.2435245	1	1	1	54.943215	112.40573	284.93248	0.971	0
1.25	4.2435245	1	1	1	54.942642	112.40401	284.92733	0.971	0
1.35	4.2435245	1	1	1	54.950663	112.40515	284.94853	0.971	0
1.45	4.2435245	1	1	1	319.45778	104.45479	67.317384	0.971	0
1.55	4.2435245	1	1	1	319.40506	104.32645	67.253786	0.971	0
1.65	4.2435245	1	1	1	55.276103	112.07054	285.42236	0.971	0
1.75	4.2435245	1	1	1	319.45778	104.45479	67.317384	0.971	0
1.85	4.2435245	1	1	1	319.92244	107.94582	69.739277	0.971	0
1.95	4.2435245	1	1	1	56.411133	109.23555	289.04632	0.971	0
2.05	4.2435245	1	1	1	319.92244	107.94525	69.738131	0.971	0
2.15	4.2435245	1	1	1	319.92244	107.94582	69.739277	0.971	0
2.25	4.2435245	1	1	1	43.042308	85.114026	174.65129	0.971	0
2.35	4.2435245	1	1	1	43.042881	85.114026	174.65129	0.971	0
2.45	4.2435245	1	1	1	43.045746	85.111162	174.65014	0.971	0
2.55	4.2435245	1	1	1	43.042308	85.114026	174.65129	0.971	0
2.65	4.2435245	1	1	1	43.042881	85.114026	174.65129	0.971	0
2.75	4.2435245	1	1	1	43.045746	85.111162	174.65014	0.971	0
2.85	4.2435245	1	1	1	43.057205	85.108297	174.64613	0.971	0
2.95	4.2435245	1	1	1	312.39321	84.644774	6.4434834	0.971	0
3.05	4.2435245	1	1	1	222.99403	96.426505	95.383149	0.971	0
3.15	4.2435245	1	1	1	312.34508	84.647639	6.529427	0.971	0
3.25	4.2435245	1	1	1	312.37945	84.644774	6.474996	0.971	0
3.35	4.2435245	1	1	1	222.98314	96.469477	95.394035	0.971	0
3.45	4.2435245	1	1	1	223.03299	93.263205	96.407597	0.971	0
3.55	4.2435245	1	1	1	312.75302	83.528652	3.2864859	0.971	0
3.65	4.2435245	1	1	1	223.24899	93.296437	96.452288	0.971	0
3.75	4.2435245	1	1	1	131.78087	95.764166	356.30011	0.971	0
3.85	4.2435245	1	1	1	131.77857	95.761874	356.29839	0.971	0
3.95	4.2435245	1	1	1	131.778	95.761301	356.29782	0.971	0
4.05	4.2435245	1	1	1	132.05531	96.238002	356.46054	0.971	0
4.15	4.2435245	1	1	1	161.79812	7.1591077	330.44882	0.971	0
4.25	4.2435245	1	1	1	132.02896	96.172685	356.43704	0.971	0
4.35	4.2435245	1	1	1	132.05531	96.238002	356.46054	0.971	0
4.45	4.2435245	1	1	1	161.84453	7.1568158	150.41116	0.971	0
4.55	4.2435245	1	1	1	312.52728	82.103133	4.195197	0.971	0
4.65	4.2435245	1	1	1	162.59224	9.1959726	329.65299	0.971	0
4.75	4.2435245	1	1	1	222.54941	94.704767	97.916195	0.971	0
4.85	4.2435245	1	1	1	311.89301	82.115165	4.7664359	0.971	0
4.95	4.2435245	1	1	1	162.59224	9.1959726	329.65299	0.971	0
5.05	4.2435245	1	1	1	222.54941	94.704767	97.916195	0.971	0
5.15	4.2435245	1	1	1	311.89301	82.115165	4.7664359	0.971	0
5.25	4.2435245	1	1	1	163.28151	9.2377985	328.92418	0.971	0
5.35	4.2435245	1	1	1	222.53853	94.834828	97.890985	0.971	0
5.45	4.2435245	1	1	1	311.80879	82.111728	4.981868	0.971	0
5.55	4.2435245	1	1	1	164.41024	9.3512442	327.71925	0.971	0
5.65	4.2435245	1	1	1	186.07435	10.606595	126.63914	0.971	0
5.75	4.2435245	1	1	1	312.22075	83.70455	8.5611354	0.971	0
5.85	4.2435245	1	1	1	312.23965	83.737209	8.6442143	0.971	0
5.95	4.2435245	1	1	1	186.07435	10.606595	126.63914	0.971	0
6.05	4.2435245	1	1	1	43.536198	84.105048	82.51509	0.971	0
6.15	4.2435245	1	1	1	132.73828	97.4521	354.0988	0.971	0
6.25	4.2435245	1	1	1	43.501821	84.152603	82.508214	0.971	0
6.35	4.2435245	1	1	1	132.73771	97.4521	354.0988	0.971	0
6.45	4.2435245	1	1	1	132.73828	97.4521	354.0988	0.971	0
6.55	4.2435245	1	1	1	43.501821	84.152603	82.508214	0.971	0
6.65	4.2435245	1	1	1	132.73656	97.452673	354.09938	0.971	0
6.75	4.2435245	1	1	1	223.50167	95.850683	97.491061	0.971	0
6.85	4.2435245	1	1	1	43.499529	84.149165	82.508787	0.971	0
6.95	4.2435245	1	1	1	43.486351	84.074681	82.527695	0.971	0
7.05	4.2435245	1	1	1	223.48276	95.996787	97.455537	0.971	0
7.15	4.2435245	1	1	1	43.319047	84.079265	81.766234	0.971	0
7.25	4.2435245	1	1	1	312.46081	81.793163	5.9707932	0.971	0
7.35	4.2435245	1	1	1	312.46368	81.809206	5.9822523	0.971	0
7.45	4.2435245	1	1	1	43.319047	84.079265	81.766234	0.971	0
7.55	4.2435245	1	1	1	312.46081	81.793163	5.9707932	0.971	0
7.65	4.2435245	1	1	1	312.46368	81.809206	5.9822523	0.971	0
7.75	4.2435245	1	1	1	223.96061	94.001748	186.92175	0.971	0
7.85	4.2435245	1	1	1	132.41456	99.99374	354.2747	0.971	0
7.95	4.2435245	1	1	1	342.41333	168.496	209.49801	0.971	0
8.05	4.2435245	1	1	1	132.41456	99.996605	354.27642	0.971	0
8.15	4.2435245	1	1	1	223.41057	95.635823	190.04552	0.971	0
8.25	4.2435245	1	1	1	342.41333	168.496	209.49801	0.971	0
8.35	4.2435245	1	1	1	223.41114	95.636396	190.04609	0.971	0
8.45	4.2435245	1	1	1	342.39156	168.49314	209.4791	0.971	0
8.55	4.2435245	1	1	1	43.149452	84.482054	79.629674	0.971	0
8.65	4.2435245	1	1	1	312.16861	79.710461	5.620716	0.971	0
8.75	4.2435245	1	1	1	223.14643	95.516648	190.37439	0.971	0
8.85	4.2435245	1	1	1	312.16058	79.700148	5.4642985	0.971	0
8.95	4.2435245	1	1	1	132.32804	100.12896	355.40973	0.971	0
9.05	4.2435245	1	1	1	43.139138	85.313416	79.800989	0.971	0
9.15	4.2435245	1	1	1	157.81435	11.866529	334.37817	0.971	0
9.25	4.2435245	1	1	1	311.60711	79.237198	5.2969948	0.971	0
9.35	4.2435245	1	1	1	311.57559	79.228031	5.2884004	0.971	0
9.45	4.2435245	1	1	1	311.62888	79.244074	5.3027244	0.971	0
9.55	4.2435245	1	1	1	311.43923	79.17933	5.2465745	0.971	0
9.65	4.2435245	1	1	1	311.39053	79.162141	5.2322506	0.971	0
9.75	4.2435245	1	1	1	131.93327	100.7913	354.95022	0.971	0
9.85	4.2435245	1	1	1	311.92796	79.206832	5.0626551	0.971	0
9.95	4.2435245	1	1	1	222.98314	95.583111	190.60014	0.971	0
0	4.330127	1	1	1	317.39742	103.56671	69.705472	0.971	0
0.1	4.330127	1	1	1	317.4381	103.5329	69.747298	0.971	0
0.2	4.330127	1	1	1	52.375218	107.08581	282.65097	0.971	0
0.3	4.330127	1	1	1	52.374645	107.06347	12.659502	0.971	0
0.4	4.330127	1	1	1	232.27881	73.163273	77.317217	0.971	0
0.5	4.330127	1	1	1	52.375218	107.08581	282.65097	0.971	0
0.6	4.330127	1	1	1	231.55688	74.444979	77.314352	0.971	0
0.7	4.330127	1	1	1	138.09314	77.757821	285.85036	0.971	0
0.8	4.330127	1	1	1	51.55818	105.29188	282.83718	0.971	0
0.9	4.330127	1	1	1	235.32752	67.572923	344.62495	0.971	0
1	4.330127	1	1	1	54.931183	112.3639	284.90326	0.971	0
1.1	4.330127	1	1	1	55.465179	112.48479	285.55414	0.971	0
1.2	4.330127	1	1	1	199.37098	152.87488	327.00936	0.971	0
1.3	4.330127	1	1	1	199.36468	152.86514	326.99389	0.971	0
1.4	4.330127	1	1	1	199.37384	152.86858	327.00535	0.971	0
1.5	4.330127	1	1	1	199.36582	152.86686	326.99332	0.971	0
1.6	4.330127	1	1	1	319.43428	104.40437	67.289882	0.971	0
1.7	4.330127	1	1	1	55.416478	111.93934	285.62404	0.971	0
1.8	4.330127	1	1	1	319.92302	107.94468	69.731828	0.971	0
1.9	4.330127	1	1	1	319.92531	107.94296	69.727245	0.971	0
2	4.330127	1	1	1	56.409414	109.23268	289.04804	0.971	0
2.1	4.330127	1	1	1	319.92302	107.94468	69.731828	0.971	0
2.2	4.330127	1	1	1	319.91442	107.9527	69.732401	0.971	0
2.3	4.330127	1	1	1	55.162085	107.92061	288.2734	0.971	0
2.4	4.330127	1	1	1	55.162085	107.90686	288.25564	0.971	0
2.5	4.330127	1	1	1	277.20787	89.698835	63.89568	0.143	0
2.6	4.330127	1	1	1	55.162085	107.90457	288.25277	0.971	0
2.7	4.330127	1	1	1	139.37256	72.660216	288.78792	0.971	0
2.8	4.330127	1	1	1	55.162085	107.90457	288.25277	0.971	0
2.9	4.330127	1	1	1	222.98887	96.42937	95.384868	0.971	0
3	4.330127	1	1	1	222.99059	96.427651	95.385441	0.971	0
3.1	4.330127	1	1	1	222.98887	96.42937	95.384868	0.971	0
3.2	4.330127	1	1	1	57.215565	105.01285	291.13533	0.971	0
3.3	4.330127	1	1	1	57.215565	105.01285	291.13533	0.971	0
3.4	4.330127	1	1	1	57.215565	105.01285	291.13533	0.971	0
3.5	4.330127	1	1	1	132.69187	96.533075	356.83124	0.971	0
3.6	4.330127	1	1	1	132.81334	96.452861	356.66967	0.971	0
3.7	4.330127	1	1	1	223.18769	93.232838	96.468904	0.971	0
3.8	4.330127	1	1	1	312.24596	83.192899	182.75062	0.971	0
3.9	4.330127	1	1	1	222.65197	92.788223	276.78445	0.971	0
4	4.330127	1	1	1	222.76943	92.891355	96.690066	0.971	0
4.1	4.330127	1	1	1	222.52649	92.698269	96.838462	0.971	0
4.2	4.330127	1	1	1	222.40274	93.538798	96.189874	0.971	0
4.3	4.330127	1	1	1	43.148879	85.883509	172.06725	0.971	0
4.4	4.330127	1	1	1	223.11378	94.11061	187.94219	0.971	0
4.5	4.330127	1	1	1	312.52556	82.113446	4.1579547	0.971	0
4.6	4.330127	1	1	1	312.53587	82.079642	4.2100939	0.971	0
4.7	4.330127	1	1	1	223.10633	94.144414	187.92271	0.971	0
4.8	4.330127	1	1	1	42.566181	85.367847	262.04683	0.971	0
4.9	4.330127	1	1	1	311.86723	82.137511	4.8202939	0.971	0
5	4.330127	1	1	1	343.46986	170.78898	211.26558	0.971	0
5.1	4.330127	1	1	1	42.539824	85.257839	262.0984	0.971	0
5.2	4.330127	1	1	1	311.85806	82.115738	4.8397745	0.971	0
5.3	4.330127	1	1	1	222.52019	94.789565	97.963751	0.971	0
5.4	4.330127	1	1	1	311.79389	82.035524	4.9515013	0.971	0
5.5	4.330127	1	1	1	164.06417	9.4199991	328.04355	0.971	0
5.6	4.330127	1	1	1	186.36541	10.639253	126.34006	0.971	0
5.7	4.330127	1	1	1	312.23278	83.769867	8.742763	0.971	0
5.8	4.330127	1	1	1	312.23392	83.729187	8.6270255	0.971	0
5.9	4.330127	1	1	1	186.36541	10.639253	126.34006	0.971	0
6	4.330127	1	1	1	312.24481	83.75497	8.6848943	0.971	0
6.1	4.330127	1	1	1	132.7526	97.446943	354.06901	0.971	0
6.2	4.330127	1	1	1	43.504685	84.15203	82.507068	0.971	0
6.3	4.330127	1	1	1	43.506977	84.153176	82.507068	0.971	0
6.4	4.330127	1	1	1	351.27871	170.50479	218.15655	0.971	0
6.5	4.330127	1	1	1	171.26912	9.4950566	321.85217	0.971	0
6.6	4.330127	1	1	1	43.506977	84.153176	82.507068	0.971	0
6.7	4.330127	1	1	1	351.27871	170.50479	218.15655	0.971	0
6.8	4.330127	1	1	1	171.26912	9.4950566	321.85217	0.971	0
6.9	4.330127	1	1	1	43.505831	84.019677	82.539154	0.971	0
7	4.330127	1	1	1	352.36274	170.42057	219.25834	0.971	0
7.1	4.330127	1	1	1	349.30773	169.93183	216.39355	0.971	0
7.2	4.330127	1	1	1	349.37133	169.90605	216.46002	0.971	0
7.3	4.330127	1	1	1	348.79723	169.86995	215.90769	0.971	0
7.4	4.330127	1	1	1	348.8041	169.86995	215.91456	0.971	0
7.5	4.330127	1	1	1	312.48431	81.896295	6.0389752	0.971	0
7.6	4.330127	1	1	1	348.79723	169.86995	215.90769	0.971	0
7.7	4.330127	1	1	1	348.8041	169.86995	215.91456	0.971	0
7.8	4.330127	1	1	1	342.44026	168.49829	209.52551	0.971	0
7.9	4.330127	1	1	1	342.42135	168.49543	209.50603	0.971	0
8	4.330127	1	1	1	342.41734	168.49486	209.50144	0.971	0
8.1	4.330127	1	1	1	223.41114	95.636396	100.04588	0.971	0
8.2	4.330127	1	1	1	312.41441	80.00267	5.7232754	0.971	0
8.3	4.330127	1	1	1	342.41734	168.49486	209.50144	0.971	0
8.4	4.330127	1	1	1	223.41057	95.634677	100.04874	0.971	0
8.5	4.330127	1	1	1	342.40932	168.49428	209.494	0.971	0
8.6	4.330127	1	1	1	340.85374	168.26453	208.20885	0.971	0
8.7	4.330127	1	1	1	43.146587	84.484346	79.623945	0.971	0
8.8	4.330127	1	1	1	223.14643	95.516075	100.37418	0.971	0
8.9	4.330127	1	1	1	223.14643	95.516648	190.37382	0.971	0
9	4.330127	1	1	1	312.13824	79.672646	5.606965	0.971	0
9.1	4.330127	1	1	1	42.62806	84.788586	79.200529	0.971	0
9.2	4.330127	1	1	1	311.63862	79.245793	5.3050162	0.971	0
9.3	4.330127	1	1	1	311.64263	79.24923	5.307881	0.971	0
9.4	4.330127	1	1	1	311.63518	79.245793	5.3050162	0.971	0
9.5	4.330127	1	1	1	311.3911	79.162141	5.2328235	0.971	0
9.6	4.330127	1	1	1	311.39053	79.161568	5.2328235	0.971	0
9.7	4.330127	1	1	1	222.36607	95.140788	100.88354	0.971	0
9.8	4.330127	1	1	1	311.3911	79.162141	5.2328235	0.971	0
9.9	4.330127	1	1	1	311.39225	79.160995	5.2328235	0.971	0
0.05	4.4167296	1	1	1	138.53604	78.040862	287.56064	0.971	0
0.15	4.4167296	1	1	1	138.50166	78.114201	287.59387	0.971	0
0.25	4.4167296	1	1	1	52.345424	107.09211	12.613666	0.971	0
0.35	4.4167296	1	1	1	138.55552	77.997318	287.51022	0.971	0
0.45	4.4167296	1	1	1	138.58073	77.948043	287.47011	0.971	0
0.55	4.4167296	1	1	1	318.09987	102.17499	73.975727	0.971	0
0.65	4.4167296	1	1	1	231.61819	74.265071	77.355032	0.971	0
0.75	4.4167296	1	1	1	138.0897	77.801366	285.91339	0.971	0
0.85	4.4167296	1	1	1	51.487133	105.46262	282.70425	0.971	0
0.95	4.4167296	1	1	1	317.85235	101.61464	74.337836	0.971	0
1.05	4.4167296	1	1	1	137.97683	78.037425	285.80567	0.971	0
1.15	4.4167296	1	1	1	199.36639	152.87202	327.00191	0.971	0
1.25	4.4167296	1	1	1	199.36811	152.87316	327.00478	0.971	0
1.35	4.4167296	1	1	1	199.36639	152.87259	327.00248	0.971	0
1.45	4.4167296	1	1	1	199.36639	152.87202	327.00191	0.971	0
1.55	4.4167296	1	1	1	319.41996	104.09898	69.75532	0.971	0
1.65	4.4167296	1	1	1	319.48012	104.51037	67.343167	0.971	0
1.75	4.4167296	1	1	1	234.67721	72.478588	343.91964	0.971	0
1.85	4.4167296	1	1	1	234.66346	72.476869	343.90073	0.971	0
1.95	4.4167296	1	1	1	54.65559	107.52985	16.108708	0.971	0
2.05	4.4167296	1	1	1	54.66533	107.52756	16.136783	0.971	0
2.15	4.4167296	1	1	1	319.91442	107.95041	69.737558	0.971	0
2.25	4.4167296	1	1	1	139.32328	72.561094	288.87787	0.971	0
2.35	4.4167296	1	1	1	55.16896	107.96015	288.32898	0.971	0
2.45	4.4167296	1	1	1	55.169533	107.96645	288.33815	0.971	0
2.55	4.4167296	1	1	1	55.164377	107.91603	288.28371	0.971	0
2.65	4.4167296	1	1	1	55.160939	107.90571	288.25277	0.971	0
2.75	4.4167296	1	1	1	139.37313	72.659643	288.78505	0.971	0
2.85	4.4167296	1	1	1	55.154636	107.8828	288.25736	0.971	0
2.95	4.4167296	1	1	1	55.156928	107.89196	288.25507	0.971	0
3.05	4.4167296	1	1	1	139.36969	72.652767	288.75927	0.971	0
3.15	4.4167296	1	1	1	57.212128	105.01973	291.10725	0.971	0
3.25	4.4167296	1	1	1	57.216711	105.0117	291.13475	0.971	0
3.35	4.4167296	1	1	1	57.21442	105.014	291.13533	0.971	0
3.45	4.4167296	1	1	1	321.43563	110.3723	73.86973	0.971	0
3.55	4.4167296	1	1	1	57.205252	105.04093	291.13475	0.971	0
3.65	4.4167296	1	1	1	222.92184	93.01626	96.616727	0.971	0
3.75	4.4167296	1	1	1	223.11893	93.177834	96.503854	0.971	0
3.85	4.4167296	1	1	1	222.68177	92.818017	276.75294	0.971	0
3.95	4.4167296	1	1	1	222.92184	93.01626	96.616727	0.971	0
4.05	4.4167296	1	1	1	222.87886	92.979591	96.639645	0.971	0
4.15	4.4167296	1	1	1	222.68177	92.818017	276.75294	0.971	0
4.25	4.4167296	1	1	1	43.119658	85.889811	172.05808	0.971	0
4.35	4.4167296	1	1	1	223.11378	94.112329	187.94505	0.971	0
4.45	4.4167296	1	1	1	312.53931	82.076204	4.1487874	0.971	0
4.55	4.4167296	1	1	1	140.12256	75.034553	288.94949	0.971	0
4.65	4.4167296	1	1	1	223.11378	94.112329	187.94505	0.971	0
4.75	4.4167296	1	1	1	312.53931	82.076204	4.1487874	0.971	0
4.85	4.4167296	1	1	1	311.87124	82.135792	4.8151373	0.971	0
4.95	4.4167296	1	1	1	343.5031	170.78726	211.30397	0.971	0
5.05	4.4167296	1	1	1	311.87181	82.136365	4.8111266	0.971	0
5.15	4.4167296	1	1	1	311.87124	82.135792	4.8151373	0.971	0
5.25	4.4167296	1	1	1	311.74061	82.00573	5.0460393	0.971	0
5.35	4.4167296	1	1	1	344.07433	170.57756	211.96803	0.971	0
5.45	4.4167296	1	1	1	42.435546	84.976517	81.981093	0.971	0
5.55	4.4167296	1	1	1	311.74061	82.00573	5.0460393	0.971	0
5.65	4.4167296	1	1	1	312.22762	83.777889	8.7737027	0.971	0
5.75	4.4167296	1	1	1	312.23163	83.769867	8.7358875	0.971	0
5.85	4.4167296	1	1	1	312.31815	83.748095	8.5651461	0.971	0
5.95	4.4167296	1	1	1	312.23736	83.768721	8.7347416	0.971	0
6.05	4.4167296	1	1	1	312.24481	83.761846	8.7049478	0.971	0
6.15	4.4167296	1	1	1	132.74974	97.448089	354.0713	0.971	0
6.25	4.4167296	1	1	1	132.73942	97.452673	354.0988	0.971	0
6.35	4.4167296	1	1	1	223.50453	95.847818	97.492207	0.971	0
6.45	4.4167296	1	1	1	223.50396	95.847245	97.49278	0.971	0
6.55	4.4167296	1	1	1	132.73942	97.452673	354.0988	0.971	0
6.65	4.4167296	1	1	1	223.50453	95.847818	97.492207	0.971	0
6.75	4.4167296	1	1	1	223.50396	95.847245	97.49278	0.971	0
6.85	4.4167296	1	1	1	43.504685	83.78591	82.59645	0.971	0
6.95	4.4167296	1	1	1	312.72036	82.673226	6.40796	0.971	0
7.05	4.4167296	1	1	1	223.5074	96.18529	97.410847	0.971	0
7.15	4.4167296	1	1	1	43.504685	83.78591	82.59645	0.971	0
7.25	4.4167296	1	1	1	312.50551	81.975364	6.0871036	0.971	0
7.35	4.4167296	1	1	1	132.45925	98.198664	354.02489	0.971	0
7.45	4.4167296	1	1	1	43.315036	84.078692	81.765661	0.971	0
7.55	4.4167296	1	1	1	312.50551	81.975364	6.0871036	0.971	0
7.65	4.4167296	1	1	1	132.45925	98.198664	354.02489	0.971	0
7.75	4.4167296	1	1	1	43.315036	84.078692	81.765661	0.971	0
7.85	4.4167296	1	1	1	342.45	168.50574	209.55129	0.971	0
7.95	4.4167296	1	1	1	342.42422	168.49543	209.50889	0.971	0
8.05	4.4167296	1	1	1	223.41057	95.636396	190.04494	0.971	0
8.15	4.4167296	1	1	1	43.41072	84.364598	79.95225	0.971	0
8.25	4.4167296	1	1	1	342.42422	168.49543	209.50889	0.971	0
8.35	4.4167296	1	1	1	223.41057	95.636396	190.04494	0.971	0
8.45	4.4167296	1	1	1	342.40588	168.49428	209.49056	0.971	0
8.55	4.4167296	1	1	1	312.14168	79.676657	5.6086839	0.971	0
8.65	4.4167296	1	1	1	223.14586	95.517221	190.37325	0.971	0
8.75	4.4167296	1	1	1	312.13767	79.674938	5.6081109	0.971	0
8.85	4.4167296	1	1	1	114.33086	117.87174	186.07721	0.4	0
8.95	4.4167296	1	1	1	312.13767	79.674938	5.6081109	0.971	0
9.05	4.4167296	1	1	1	311.62888	79.245793	5.3038703	0.971	0
9.15	4.4167296	1	1	1	311.64206	79.248084	5.3073081	0.971	0
9.25	4.4167296	1	1	1	311.61341	79.237771	5.2981407	0.971	0
9.35	4.4167296	1	1	1	42.632644	84.786295	79.202248	0.971	0
9.45	4.4167296	1	1	1	311.64206	79.248084	5.3073081	0.971	0
9.55	4.4167296	1	1	1	311.37964	79.160422	5.2339695	0.971	0
9.65	4.4167296	1	1	1	311.38022	79.160422	5.2339695	0.971	0
9.75	4.4167296	1	1	1	311.37449	79.160422	5.2356883	0.971	0
9.85	4.4167296	1	1	1	311.37964	79.160422	5.2339695	0.971	0
9.95	4.4167296	1	1	1	311.38022	79.160422	5.2339695	0.971	0
0	4.5033321	1	1	1	52.29615	107.11446	282.54898	0.971	0
0.1	4.5033321	1	1	1	52.237135	107.19811	282.44814	0.971	0
0.2	4.5033321	1	1	1	138.58245	77.871267	287.26786	0.971	0
0.3	4.5033321	1	1	1	52.29615	107.11446	282.54898	0.971	0
0.4	4.5033321	1	1	1	52.29615	106.90877	282.64295	0.971	0
0.5	4.5033321	1	1	1	138.58245	77.871267	287.26786	0.971	0
0.6	4.5033321	1	1	1	138.22779	77.501709	285.52435	0.971	0
0.7	4.5033321	1	1	1	231.5947	74.330961	77.340708	0.971	0
0.8	4.5033321	1	1	1	231.58037	74.917669	347.02965	0.971	0
0.9	4.5033321	1	1	1	318.14742	102.51017	74.536653	0.971	0
1	4.5033321	1	1	1	317.82141	101.53672	74.384246	0.971	0
1.1	4.5033321	1	1	1	137.79635	78.54793	285.55128	0.971	0
1.2	4.5033321	1	1	1	317.86323	101.55104	74.35216	0.971	0
1.3	4.5033321	1	1	1	137.81468	78.483759	285.58852	0.971	0
1.4	4.5033321	1	1	1	137.79635	78.54793	285.55128	0.971	0
1.5	4.5033321	1	1	1	317.86323	101.55104	74.35216	0.971	0
1.6	4.5033321	1	1	1	318.42989	101.22846	75.146853	0.971	0
1.7	4.5033321	1	1	1	234.66231	72.474577	343.90073	0.971	0
1.8	4.5033321	1	1	1	54.670487	107.51668	286.11163	0.971	0
1.9	4.5033321	1	1	1	54.655017	107.52642	16.119022	0.971	0
2	4.5033321	1	1	1	54.652152	107.52756	16.102406	0.971	0
2.1	4.5033321	1	1	1	54.669914	107.52642	16.153972	0.971	0
2.2	4.5033321	1	1	1	54.663038	107.52928	16.128762	0.971	0
2.3	4.5033321	1	1	1	55.07213	107.85988	288.02073	0.971	0
2.4	4.5033321	1	1	1	55.148907	107.91545	288.26366	0.971	0
2.5	4.5033321	1	1	1	55.15922	107.90285	288.26882	0.971	0
2.6	4.5033321	1	1	1	55.162658	107.91316	288.2734	0.971	0
2.7	4.5033321	1	1	1	55.160366	107.90285	288.25335	0.971	0
2.8	4.5033321	1	1	1	139.37141	72.655632	288.76901	0.971	0
2.9	4.5033321	1	1	1	55.148334	107.86847	288.2585	0.971	0
3	4.5033321	1	1	1	55.139739	107.82149	288.26137	0.971	0
3.1	4.5033321	1	1	1	55.139739	107.82378	288.26137	0.971	0
3.2	4.5033321	1	1	1	57.214992	105.01572	291.11642	0.971	0
3.3	4.5033321	1	1	1	57.103839	105.76744	291.00756	0.971	0
3.4	4.5033321	1	1	1	57.135351	105.51132	291.05568	0.971	0
3.5	4.5033321	1	1	1	57.190928	105.08103	291.13418	0.971	0
3.6	4.5033321	1	1	1	57.085504	105.78634	290.99266	0.971	0
3.7	4.5033321	1	1	1	56.208879	107.36255	289.09159	0.971	0
3.8	4.5033321	1	1	1	56.20716	107.36312	289.08929	0.971	0
3.9	4.5033321	1	1	1	56.20716	107.36312	289.08815	0.971	0
4	4.5033321	1	1	1	56.204295	107.35396	289.06867	0.971	0
4.1	4.5033321	1	1	1	56.20716	107.36312	289.08929	0.971	0
4.2	4.5033321	1	1	1	56.20716	107.36312	289.08815	0.971	0
4.3	4.5033321	1	1	1	140.1386	75.02825	288.94433	0.971	0
4.4	4.5033321	1	1	1	235.20834	71.72343	344.21528	0.971	0
4.5	4.5033321	1	1	1	140.09448	75.046012	288.95809	0.971	0
4.6	4.5033321	1	1	1	55.249747	108.26439	285.80223	0.971	0
4.7	4.5033321	1	1	1	235.20834	71.72343	344.21528	0.971	0
4.8	4.5033321	1	1	1	311.86666	82.138084	4.8162832	0.971	0
4.9	4.5033321	1	1	1	311.86723	82.138084	4.8157103	0.971	0
5	4.5033321	1	1	1	311.86723	82.138084	4.8162832	0.971	0
5.1	4.5033321	1	1	1	311.86666	82.138084	4.8162832	0.971	0
5.2	4.5033321	1	1	1	42.720879	85.032666	172.76053	0.971	0
5.3	4.5033321	1	1	1	42.656708	84.957609	172.77829	0.971	0
5.4	4.5033321	1	1	1	42.627487	84.931826	172.7525	0.971	0
5.5	4.5033321	1	1	1	312.22418	83.777316	8.7811512	0.971	0
5.6	4.5033321	1	1	1	223.20488	98.67651	96.302746	0.971	0
5.7	4.5033321	1	1	1	312.22647	83.77617	8.7582329	0.971	0
5.8	4.5033321	1	1	1	312.22418	83.777316	8.7811512	0.971	0
5.9	4.5033321	1	1	1	223.18998	98.696564	96.301027	0.971	0
6	4.5033321	1	1	1	312.22934	83.769867	8.7444819	0.971	0
6.1	4.5033321	1	1	1	312.74156	83.657568	7.711439	0.971	0
6.2	4.5033321	1	1	1	132.73771	97.4521	354.0988	0.971	0
6.3	4.5033321	1	1	1	132.73828	97.4521	354.0988	0.971	0
6.4	4.5033321	1	1	1	43.501821	84.152603	82.508214	0.971	0
6.5	4.5033321	1	1	1	132.73771	97.4521	354.0988	0.971	0
6.6	4.5033321	1	1	1	223.50167	95.850683	97.491061	0.971	0
6.7	4.5033321	1	1	1	295.38553	64.213099	263.25004	0.114	0
6.8	4.5033321	1	1	1	132.72911	97.447516	354.08276	0.971	0
6.9	4.5033321	1	1	1	223.48792	95.916573	97.474445	0.971	0
7	4.5033321	1	1	1	223.48505	95.993349	97.456683	0.971	0
7.1	4.5033321	1	1	1	43.473746	83.948057	82.558635	0.971	0
7.2	4.5033321	1	1	1	312.46196	81.801184	5.9748039	0.971	0
7.3	4.5033321	1	1	1	43.319047	84.079265	81.766234	0.971	0
7.4	4.5033321	1	1	1	312.46081	81.793163	5.9707932	0.971	0
7.5	4.5033321	1	1	1	312.46368	81.809206	5.9822523	0.971	0
7.6	4.5033321	1	1	1	132.46269	98.190642	354.01859	0.971	0
7.7	4.5033321	1	1	1	43.317328	84.079838	81.763942	0.971	0
7.8	4.5033321	1	1	1	342.43625	168.49944	209.52264	0.971	0
7.9	4.5033321	1	1	1	342.4225	168.49543	209.5066	0.971	0
8	4.5033321	1	1	1	223.41057	95.636396	190.04494	0.971	0
8.1	4.5033321	1	1	1	342.43625	168.49944	209.52264	0.971	0
8.2	4.5033321	1	1	1	342.41161	168.49486	209.49686	0.971	0
8.3	4.5033321	1	1	1	223.41057	95.636396	190.04494	0.971	0
8.4	4.5033321	1	1	1	43.41072	84.364025	79.954541	0.971	0
8.5	4.5033321	1	1	1	342.40989	168.49486	209.49457	0.971	0
8.6	4.5033321	1	1	1	223.14643	95.516648	190.37382	0.971	0
8.7	4.5033321	1	1	1	312.13595	79.684678	5.6086839	0.971	0
8.8	4.5033321	1	1	1	312.14168	79.678376	5.6092568	0.971	0
8.9	4.5033321	1	1	1	223.14643	95.516648	190.37382	0.971	0
9	4.5033321	1	1	1	340.8778	168.27312	208.23578	0.971	0
9.1	4.5033321	1	1	1	311.63174	79.24522	5.3038703	0.971	0
9.2	4.5033321	1	1	1	311.59737	79.234906	5.294703	0.971	0
9.3	4.5033321	1	1	1	311.46158	79.193081	5.2523041	0.971	0
9.4	4.5033321	1	1	1	311.37391	79.160995	5.2351154	0.971	0
9.5	4.5033321	1	1	1	311.37391	79.159849	5.2356883	0.971	0
9.6	4.5033321	1	1	1	311.37449	79.159849	5.2356883	0.971	0
9.7	4.5033321	1	1	1	311.37449	79.159849	5.2356883	0.971	0
9.8	4.5033321	1	1	1	311.39225	79.162141	5.2322506	0.971	0
9.9	4.5033321	1	1	1	311.37449	79.159849	5.2356883	0.971	0
0.05	4.5899346	1	1	1	52.204477	107.23593	282.40116	0.971	0
0.15	4.5899346	1	1	1	52.374645	107.06347	12.659502	0.971	0
0.25	4.5899346	1	1	1	232.27881	73.163273	77.317217	0.971	0
0.35	4.5899346	1	1	1	52.375218	107.08581	282.65097	0.971	0
0.45	4.5899346	1	1	1	52.374645	107.06347	12.659502	0.971	0
0.55	4.5899346	1	1	1	138.15903	77.488531	285.46075	0.971	0
0.65	4.5899346	1	1	1	51.593131	105.08447	282.95807	0.971	0
0.75	4.5899346	1	1	1	51.577661	105.08848	282.96609	0.971	0
0.85	4.5899346	1	1	1	138.15903	77.488531	285.46075	0.971	0
0.95	4.5899346	1	1	1	51.593131	105.08447	282.95807	0.971	0
1.05	4.5899346	1	1	1	51.577661	105.08848	282.96609	0.971	0
1.15	4.5899346	1	1	1	137.83359	78.445371	285.60456	0.971	0
1.25	4.5899346	1	1	1	317.80365	101.47713	74.439823	0.971	0
1.35	4.5899346	1	1	1	137.82041	78.5634	285.56904	0.971	0
1.45	4.5899346	1	1	1	318.43161	101.268	75.142842	0.971	0
1.55	4.5899346	1	1	1	231.41021	75.432759	348.31709	0.971	0
1.65	4.5899346	1	1	1	318.42817	101.28691	75.149144	0.971	0
1.75	4.5899346	1	1	1	231.37869	75.437915	348.43569	0.971	0
1.85	4.5899346	1	1	1	54.660174	107.52298	16.145951	0.971	0
1.95	4.5899346	1	1	1	54.65559	107.52355	16.129335	0.971	0
2.05	4.5899346	1	1	1	54.653871	107.52412	16.120168	0.971	0
2.15	4.5899346	1	1	1	54.676216	107.52584	16.180901	0.971	0
2.25	4.5899346	1	1	1	53.766359	105.39272	286.80033	0.971	0
2.35	4.5899346	1	1	1	53.790997	105.31537	16.895952	0.971	0
2.45	4.5899346	1	1	1	4.8621198	22.614071	46.608398	0.971	0
2.55	4.5899346	1	1	1	53.886681	105.10452	287.20655	0.971	0
2.65	4.5899346	1	1	1	3.8095964	22.763613	47.789837	0.971	0
2.75	4.5899346	1	1	1	233.89684	74.917669	72.753035	0.971	0
2.85	4.5899346	1	1	1	53.886681	105.10452	287.20655	0.971	0
2.95	4.5899346	1	1	1	3.8095964	22.763613	47.789837	0.971	0
3.05	4.5899346	1	1	1	233.94955	75.52214	342.61902	0.971	0
3.15	4.5899346	1	1	1	182.03385	154.03168	37.818652	0.971	0
3.25	4.5899346	1	1	1	57.114725	105.59784	291.04136	0.971	0
3.35	4.5899346	1	1	1	57.110714	105.6242	291.03105	0.971	0
3.45	4.5899346	1	1	1	57.188636	105.14291	291.12215	0.971	0
3.55	4.5899346	1	1	1	57.104412	105.64998	291.04365	0.971	0
3.65	4.5899346	1	1	1	321.148	110.17749	73.194785	0.971	0
3.75	4.5899346	1	1	1	56.214608	107.35911	289.11336	0.971	0
3.85	4.5899346	1	1	1	56.195128	107.35396	289.06122	0.971	0
3.95	4.5899346	1	1	1	56.215754	107.35969	289.09159	0.971	0
4.05	4.5899346	1	1	1	56.203722	107.35739	289.07669	0.971	0
4.15	4.5899346	1	1	1	56.174501	107.3637	289.03429	0.971	0
4.25	4.5899346	1	1	1	235.20032	71.721711	344.22044	0.971	0
4.35	4.5899346	1	1	1	140.15063	75.021948	288.9409	0.971	0
4.45	4.5899346	1	1	1	235.17683	71.714262	344.22846	0.971	0
4.55	4.5899346	1	1	1	140.16267	75.039137	288.93345	0.971	0
4.65	4.5899346	1	1	1	119.05204	113.39064	147.77957	0.114	0
4.75	4.5899346	1	1	1	235.18199	71.816822	344.2531	0.971	0
4.85	4.5899346	1	1	1	55.343712	108.01286	285.97068	0.971	0
4.95	4.5899346	1	1	1	235.26277	71.902193	344.1408	0.971	0
5.05	4.5899346	1	1	1	54.040233	103.08427	281.87805	0.971	0
5.15	4.5899346	1	1	1	54.040233	103.08427	281.87805	0.971	0
5.25	4.5899346	1	1	1	42.660719	84.962193	172.77714	0.971	0
5.35	4.5899346	1	1	1	42.660719	84.962193	172.77714	0.971	0
5.45	4.5899346	1	1	1	54.497454	107.26801	16.261115	0.886	0
5.55	4.5899346	1	1	1	310.19362	76.637116	85.309405	0.143	0
5.65	4.5899346	1	1	1	312.24538	83.764138	8.6957805	0.971	0
5.75	4.5899346	1	1	1	312.23736	83.772732	8.7318768	0.971	0
5.85	4.5899346	1	1	1	312.25226	83.755543	8.6619759	0.971	0
5.95	4.5899346	1	1	1	312.24538	83.764138	8.6957805	0.971	0
6.05	4.5899346	1	1	1	312.74959	83.655276	7.6959691	0.971	0
6.15	4.5899346	1	1	1	74.934858	156.23413	101.55734	0.143	0
6.25	4.5899346	1	1	1	312.73583	82.547175	5.8980275	0.971	0
6.35	4.5899346	1	1	1	43.504685	84.15203	82.507068	0.971	0
6.45	4.5899346	1	1	1	43.506977	84.153176	82.507068	0.971	0
6.55	4.5899346	1	1	1	351.27871	170.50479	218.15655	0.971	0
6.65	4.5899346	1	1	1	171.26912	9.4950566	321.85217	0.971	0
6.75	4.5899346	1	1	1	312.73698	82.700728	6.5242704	0.971	0
6.85	4.5899346	1	1	1	312.73526	82.700728	6.5277082	0.971	0
6.95	4.5899346	1	1	1	132.73026	97.299693	353.47944	0.971	0
7.05	4.5899346	1	1	1	312.73698	82.700728	6.5242704	0.971	0
7.15	4.5899346	1	1	1	349.34784	169.90662	216.43481	0.971	0
7.25	4.5899346	1	1	1	349.30773	169.93183	216.39355	0.971	0
7.35	4.5899346	1	1	1	312.70547	82.648016	6.4961955	0.971	0
7.45	4.5899346	1	1	1	348.79723	169.86995	215.90769	0.971	0
7.55	4.5899346	1	1	1	348.8041	169.86995	215.91456	0.971	0
7.65	4.5899346	1	1	1	312.48431	81.896295	6.0389752	0.971	0
7.75	4.5899346	1	1	1	223.41	95.64098	100.03671	0.971	0
7.85	4.5899346	1	1	1	223.41114	95.637542	100.04359	0.971	0
7.95	4.5899346	1	1	1	342.44026	168.49829	209.52551	0.971	0
8.05	4.5899346	1	1	1	312.41441	80.003243	5.7232754	0.971	0
8.15	4.5899346	1	1	1	342.41849	168.49543	209.50316	0.971	0
8.25	4.5899346	1	1	1	223.41114	95.635823	100.04588	0.971	0
8.35	4.5899346	1	1	1	43.411293	84.364025	79.953396	0.971	0
8.45	4.5899346	1	1	1	342.41734	168.49543	209.50259	0.971	0
8.55	4.5899346	1	1	1	223.41057	95.634677	190.04895	0.971	0
8.65	4.5899346	1	1	1	223.14643	95.516648	100.37361	0.971	0
8.75	4.5899346	1	1	1	340.85259	168.2651	208.20713	0.971	0
8.85	4.5899346	1	1	1	223.14643	95.516648	190.37439	0.971	0
8.95	4.5899346	1	1	1	312.13824	79.674938	5.6075379	0.971	0
9.05	4.5899346	1	1	1	312.13881	79.674938	5.606965	0.971	0
9.15	4.5899346	1	1	1	222.59067	95.201521	100.80906	0.971	0
9.25	4.5899346	1	1	1	42.629779	84.788013	79.201102	0.971	0
9.35	4.5899346	1	1	1	311.6306	79.244647	5.3032974	0.971	0
9.45	4.5899346	1	1	1	311.3699	79.159849	5.2368342	0.971	0
9.55	4.5899346	1	1	1	222.36721	95.140215	100.88354	0.971	0
9.65	4.5899346	1	1	1	311.39454	79.162141	5.2328235	0.971	0
9.75	4.5899346	1	1	1	311.38251	79.160995	5.2333965	0.971	0
9.85	4.5899346	1	1	1	311.38022	79.160995	5.2339695	0.971	0
9.95	4.5899346	1	1	1	311.37391	79.159849	5.2356883	0.971	0
0	4.6765372	1	1	1	138.50166	78.114201	287.59387	0.971	0
0.1	4.6765372	1	1	1	52.236562	107.19811	282.44814	0.971	0
0.2	4.6765372	1	1	1	138.52114	78.079251	287.58127	0.971	0
0.3	4.6765372	1	1	1	138.58073	77.948043	287.47011	0.971	0
0.4	4.6765372	1	1	1	52.345424	107.09211	12.613666	0.971	0
0.5	4.6765372	1	1	1	138.26618	77.495407	285.54784	0.971	0
0.6	4.6765372	1	1	1	51.611465	105.08046	282.96667	0.971	0
0.7	4.6765372	1	1	1	231.6222	74.924545	347.03252	0.971	0
0.8	4.6765372	1	1	1	318.18466	102.51132	74.539517	0.971	0
0.9	4.6765372	1	1	1	51.611465	105.08046	282.96667	0.971	0
1	4.6765372	1	1	1	231.60386	74.919961	347.03366	0.971	0
1.1	4.6765372	1	1	1	318.14914	102.51819	74.53608	0.971	0
1.2	4.6765372	1	1	1	51.565056	105.08848	282.97755	0.971	0
1.3	4.6765372	1	1	1	317.82943	101.46968	74.436958	0.971	0
1.4	4.6765372	1	1	1	137.90464	78.273483	285.52607	0.971	0
1.5	4.6765372	1	1	1	231.40046	75.432186	348.35662	0.971	0
1.6	4.6765372	1	1	1	318.42989	101.22273	75.145134	0.971	0
1.7	4.6765372	1	1	1	231.37583	75.43104	348.44314	0.971	0
1.8	4.6765372	1	1	1	231.37525	75.436196	348.44543	0.971	0
1.9	4.6765372	1	1	1	51.377125	104.56709	281.5612	0.971	0
2	4.6765372	1	1	1	231.37411	75.426456	348.44772	0.971	0
2.1	4.6765372	1	1	1	231.37525	75.43104	348.44486	0.971	0
2.2	4.6765372	1	1	1	54.66533	107.52756	16.136783	0.971	0
2.3	4.6765372	1	1	1	53.742868	105.34689	286.80376	0.971	0
2.4	4.6765372	1	1	1	5.0895841	22.595737	46.362026	0.971	0
2.5	4.6765372	1	1	1	4.9027999	22.598028	46.553967	0.971	0
2.6	4.6765372	1	1	1	4.2937457	22.696004	47.256986	0.971	0
2.7	4.6765372	1	1	1	233.89111	74.89074	72.790277	0.971	0
2.8	4.6765372	1	1	1	53.908453	105.05181	287.29536	0.971	0
2.9	4.6765372	1	1	1	3.8680381	22.75903	47.729676	0.971	0
3	4.6765372	1	1	1	54.097529	102.29016	287.66778	0.971	0
3.1	4.6765372	1	1	1	54.068881	102.31938	287.60189	0.971	0
3.2	4.6765372	1	1	1	233.95299	77.462175	342.63449	0.971	0
3.3	4.6765372	1	1	1	54.097529	102.29016	287.66778	0.971	0
3.4	4.6765372	1	1	1	54.106696	102.27984	287.68039	0.971	0
3.5	4.6765372	1	1	1	233.93981	77.500563	342.53422	0.971	0
3.6	4.6765372	1	1	1	57.137643	105.44142	291.07402	0.971	0
3.7	4.6765372	1	1	1	57.107276	105.67175	291.02704	0.971	0
3.8	4.6765372	1	1	1	56.195701	107.35338	289.05721	0.971	0
3.9	4.6765372	1	1	1	56.194555	107.35396	289.05606	0.971	0
4	4.6765372	1	1	1	56.210024	107.35739	289.0807	0.971	0
4.1	4.6765372	1	1	1	56.195701	107.35338	289.05721	0.971	0
4.2	4.6765372	1	1	1	56.194555	107.35396	289.05606	0.971	0
4.3	4.6765372	1	1	1	140.13344	74.998457	288.9323	0.971	0
4.4	4.6765372	1	1	1	55.195889	108.27241	285.81197	0.971	0
4.5	4.6765372	1	1	1	235.21522	71.728013	344.22044	0.971	0
4.6	4.6765372	1	1	1	140.14891	75.032834	288.93975	0.971	0
4.7	4.6765372	1	1	1	52.678313	103.79302	285.15651	0.971	0
4.8	4.6765372	1	1	1	141.35041	78.429328	283.32362	0.971	0
4.9	4.6765372	1	1	1	321.33249	101.56651	76.654877	0.971	0
5	4.6765372	1	1	1	54.068308	103.04703	281.88263	0.971	0
5.1	4.6765372	1	1	1	54.040806	103.08313	281.87518	0.971	0
5.2	4.6765372	1	1	1	54.041952	103.0923	281.8769	0.971	0
5.3	4.6765372	1	1	1	54.043098	103.07282	281.86487	0.971	0
5.4	4.6765372	1	1	1	54.042525	103.08256	281.8706	0.971	0
5.5	4.6765372	1	1	1	54.497454	107.26801	16.261115	0.886	0
5.6	4.6765372	1	1	1	54.749555	106.35357	286.67771	0.886	0
5.7	4.6765372	1	1	1	234.73565	73.593564	73.346046	0.886	0
5.8	4.6765372	1	1	1	54.687103	106.58218	16.574523	0.886	0
5.9	4.6765372	1	1	1	312.23163	83.769867	8.7358875	0.971	0
6	4.6765372	1	1	1	312.71464	83.656995	7.7607133	0.971	0
6.1	4.6765372	1	1	1	312.54905	83.693091	8.090737	0.971	0
6.2	4.6765372	1	1	1	312.5714	83.688507	8.0437545	0.971	0
6.3	4.6765372	1	1	1	312.71464	83.656995	7.7607133	0.971	0
6.4	4.6765372	1	1	1	74.934858	156.23413	101.55734	0.229	0
6.5	4.6765372	1	1	1	223.50511	95.848391	97.491634	0.971	0
6.6	4.6765372	1	1	1	223.48906	95.835213	97.521427	0.971	0
6.7	4.6765372	1	1	1	223.56699	96.472915	97.345529	0.971	0
6.8	4.6765372	1	1	1	312.73182	82.699009	6.5185408	0.971	0
6.9	4.6765372	1	1	1	312.73182	82.694426	6.5173949	0.971	0
7	4.6765372	1	1	1	312.72781	82.688123	6.5122383	0.971	0
7.1	4.6765372	1	1	1	312.73182	82.699009	6.5185408	0.971	0
7.2	4.6765372	1	1	1	312.73182	82.694426	6.5173949	0.971	0
7.3	4.6765372	1	1	1	312.72781	82.688123	6.5122383	0.971	0
7.4	4.6765372	1	1	1	312.70948	82.651454	6.4944766	0.971	0
7.5	4.6765372	1	1	1	132.45925	98.198664	354.02489	0.971	0
7.6	4.6765372	1	1	1	43.315036	84.078692	81.765661	0.971	0
7.7	4.6765372	1	1	1	223.40885	95.619208	100.01723	0.971	0
7.8	4.6765372	1	1	1	223.34468	95.605457	99.966238	0.971	0
7.9	4.6765372	1	1	1	223.28624	95.642126	99.937018	0.971	0
8	4.6765372	1	1	1	223.23295	95.678222	99.919829	0.971	0
8.1	4.6765372	1	1	1	223.21003	95.704578	99.902067	0.971	0
8.2	4.6765372	1	1	1	223.22264	95.684525	99.911807	0.971	0
8.3	4.6765372	1	1	1	223.22665	95.685671	99.912953	0.971	0
8.4	4.6765372	1	1	1	223.5561	95.047969	100.17594	0.971	0
8.5	4.6765372	1	1	1	312.64817	79.866306	5.1296911	0.971	0
8.6	4.6765372	1	1	1	223.56011	95.05026	100.17308	0.971	0
8.7	4.6765372	1	1	1	340.84686	168.26281	208.20198	0.971	0
8.8	4.6765372	1	1	1	223.14586	95.516648	190.37439	0.971	0
8.9	4.6765372	1	1	1	223.14586	95.516648	100.37418	0.971	0
9	4.6765372	1	1	1	340.84686	168.26281	208.20198	0.971	0
9.1	4.6765372	1	1	1	222.48925	95.202667	100.51685	0.971	0
9.2	4.6765372	1	1	1	311.63003	79.246366	5.3050162	0.971	0
9.3	4.6765372	1	1	1	311.60539	79.237198	5.2969948	0.971	0
9.4	4.6765372	1	1	1	222.61588	95.20897	100.80046	0.971	0
9.5	4.6765372	1	1	1	222.36263	95.141934	100.88469	0.971	0
9.6	4.6765372	1	1	1	311.37391	79.159849	5.2356883	0.971	0
9.7	4.6765372	1	1	1	311.37621	79.160995	5.2345424	0.971	0
9.8	4.6765372	1	1	1	222.3632	95.141934	100.88469	0.971	0
9.9	4.6765372	1	1	1	311.37391	79.159849	5.2356883	0.971	0
0.05	4.7631397	1	1	1	138.4352	79.296786	285.34043	0.971	0
0.15	4.7631397	1	1	1	52.29615	107.11446	282.54898	0.971	0
0.25	4.7631397	1	1	1	138.31258	77.514887	285.61316	0.971	0
0.35	4.7631397	1	1	1	51.76158	105.22714	282.94547	0.971	0
0.45	4.7631397	1	1	1	138.25586	77.497698	285.53237	0.971	0
0.55	4.7631397	1	1	1	231.66574	74.883865	77.027873	0.971	0
0.65	4.7631397	1	1	1	231.61819	74.917669	347.02106	0.971	0
0.75	4.7631397	1	1	1	318.203	102.50788	74.542955	0.971	0
0.85	4.7631397	1	1	1	318.20357	102.50903	74.546966	0.971	0
0.95	4.7631397	1	1	1	231.59183	74.918242	347.01876	0.971	0
1.05	4.7631397	1	1	1	318.14742	102.51017	74.536653	0.971	0
1.15	4.7631397	1	1	1	318.14513	102.52278	74.534361	0.971	0
1.25	4.7631397	1	1	1	137.85135	78.428182	285.5444	0.971	0
1.35	4.7631397	1	1	1	317.93829	101.55276	74.497691	0.971	0
1.45	4.7631397	1	1	1	318.43447	101.26743	75.141696	0.971	0
1.55	4.7631397	1	1	1	51.384001	104.56136	281.59271	0.971	0
1.65	4.7631397	1	1	1	231.37583	75.433904	348.44314	0.971	0
1.75	4.7631397	1	1	1	51.37598	104.56824	281.55604	0.971	0
1.85	4.7631397	1	1	1	231.37411	75.432759	348.44887	0.971	0
1.95	4.7631397	1	1	1	231.37583	75.433904	348.44314	0.971	0
2.05	4.7631397	1	1	1	51.37598	104.56824	281.55604	0.971	0
2.15	4.7631397	1	1	1	51.37598	104.56537	281.55547	0.971	0
2.25	4.7631397	1	1	1	231.37697	75.43505	348.44256	0.971	0
2.35	4.7631397	1	1	1	4.6902325	22.641573	46.810079	0.971	0
2.45	4.7631397	1	1	1	4.8609739	22.617509	46.615846	0.971	0
2.55	4.7631397	1	1	1	4.8558173	22.614644	46.617565	0.971	0
2.65	4.7631397	1	1	1	233.88882	74.883865	72.807466	0.971	0
2.75	4.7631397	1	1	1	53.894702	105.08734	287.23807	0.971	0
2.85	4.7631397	1	1	1	53.909026	105.05296	287.29823	0.971	0
2.95	4.7631397	1	1	1	54.150241	102.2638	287.80071	0.971	0
3.05	4.7631397	1	1	1	54.119301	102.22656	287.71362	0.971	0
3.15	4.7631397	1	1	1	234.16785	77.808814	342.18988	0.971	0
3.25	4.7631397	1	1	1	54.150241	102.2638	287.80071	0.971	0
3.35	4.7631397	1	1	1	54.105551	102.27927	287.68039	0.971	0
3.45	4.7631397	1	1	1	234.16785	77.808814	342.18988	0.971	0
3.55	4.7631397	1	1	1	233.29065	76.846245	343.19312	0.971	0
3.65	4.7631397	1	1	1	319.33917	106.33581	76.265839	0.971	0
3.75	4.7631397	1	1	1	319.33803	106.33466	76.265266	0.971	0
3.85	4.7631397	1	1	1	233.29065	76.846245	343.19312	0.971	0
3.95	4.7631397	1	1	1	319.33917	106.33581	76.265839	0.971	0
4.05	4.7631397	1	1	1	319.33803	106.33466	76.265266	0.971	0
4.15	4.7631397	1	1	1	52.730452	103.77813	285.49226	0.971	0
4.25	4.7631397	1	1	1	52.705242	103.71968	285.47508	0.971	0
4.35	4.7631397	1	1	1	55.195316	108.27642	285.78218	0.971	0
4.45	4.7631397	1	1	1	52.730452	103.77813	285.49226	0.971	0
4.55	4.7631397	1	1	1	52.695501	103.75406	285.44815	0.971	0
4.65	4.7631397	1	1	1	52.683469	103.76667	285.39314	0.971	0
4.75	4.7631397	1	1	1	52.700085	103.79875	285.13359	0.971	0
4.85	4.7631397	1	1	1	141.41286	78.41042	283.26346	0.971	0
4.95	4.7631397	1	1	1	321.36687	101.57453	76.693839	0.971	0
5.05	4.7631397	1	1	1	54.041379	103.07797	281.86716	0.971	0
5.15	4.7631397	1	1	1	54.041952	103.08829	281.87575	0.971	0
5.25	4.7631397	1	1	1	54.043098	103.08313	281.8706	0.971	0
5.35	4.7631397	1	1	1	54.039087	103.06479	281.85914	0.971	0
5.45	4.7631397	1	1	1	53.230644	100.9099	11.647086	0.971	0
5.55	4.7631397	1	1	1	233.23106	79.090521	78.351978	0.971	0
5.65	4.7631397	1	1	1	53.255281	100.6492	11.685474	0.971	0
5.75	4.7631397	1	1	1	53.230644	100.9099	11.647086	0.971	0
5.85	4.7631397	1	1	1	233.23106	79.090521	78.351978	0.971	0
5.95	4.7631397	1	1	1	54.03966	98.690834	285.56331	0.971	0
6.05	4.7631397	1	1	1	54.039087	98.691407	285.56274	0.971	0
6.15	4.7631397	1	1	1	54.039087	98.69198	285.56159	0.971	0
6.25	4.7631397	1	1	1	54.03966	98.690834	285.56331	0.971	0
6.35	4.7631397	1	1	1	224.35022	95.881049	97.803896	0.971	0
6.45	4.7631397	1	1	1	224.77822	95.899957	97.954011	0.971	0
6.55	4.7631397	1	1	1	43.500102	84.154322	82.501339	0.971	0
6.65	4.7631397	1	1	1	140.34086	75.015072	286.28123	0.257	0
6.75	4.7631397	1	1	1	140.34086	75.015072	286.28123	0.257	0
6.85	4.7631397	1	1	1	52.450848	99.185297	282.31063	0.971	0
6.95	4.7631397	1	1	1	312.72896	82.696144	6.5099465	0.971	0
7.05	4.7631397	1	1	1	312.72839	82.695572	6.5093735	0.971	0
7.15	4.7631397	1	1	1	312.72724	82.690988	6.5082276	0.971	0
7.25	4.7631397	1	1	1	312.72896	82.696144	6.5099465	0.971	0
7.35	4.7631397	1	1	1	312.72839	82.695572	6.5093735	0.971	0
7.45	4.7631397	1	1	1	312.72724	82.690988	6.5082276	0.971	0
7.55	4.7631397	1	1	1	312.72151	82.674372	6.502498	0.971	0
7.65	4.7631397	1	1	1	312.70318	82.639422	6.4853093	0.971	0
7.75	4.7631397	1	1	1	223.24498	95.667336	99.922694	0.971	0
7.85	4.7631397	1	1	1	223.22608	95.683952	99.91238	0.971	0
7.95	4.7631397	1	1	1	223.22321	95.685098	99.91238	0.971	0
8.05	4.7631397	1	1	1	223.22207	95.686817	99.911234	0.971	0
8.15	4.7631397	1	1	1	223.22608	95.683952	99.91238	0.971	0
8.25	4.7631397	1	1	1	223.22321	95.685098	99.91238	0.971	0
8.35	4.7631397	1	1	1	223.22207	95.689108	99.90837	0.971	0
8.45	4.7631397	1	1	1	312.65104	79.869171	5.1291182	0.971	0
8.55	4.7631397	1	1	1	223.55667	95.051979	100.17078	0.971	0
8.65	4.7631397	1	1	1	312.65104	79.869171	5.1291182	0.971	0
8.75	4.7631397	1	1	1	223.55667	95.051979	100.17078	0.971	0
8.85	4.7631397	1	1	1	223.09659	95.5092	100.32033	0.971	0
8.95	4.7631397	1	1	1	222.48753	95.20324	100.51513	0.971	0
9.05	4.7631397	1	1	1	222.48696	95.201521	100.5157	0.971	0
9.15	4.7631397	1	1	1	311.47361	79.33632	5.2448557	0.971	0
9.25	4.7631397	1	1	1	222.48696	95.201521	100.5157	0.971	0
9.35	4.7631397	1	1	1	311.42949	79.182767	5.2110511	0.971	0
9.45	4.7631397	1	1	1	311.42376	79.18907	5.2179266	0.971	0
9.55	4.7631397	1	1	1	311.37334	79.160995	5.2351154	0.971	0
9.65	4.7631397	1	1	1	311.37391	79.159849	5.2362613	0.971	0
9.75	4.7631397	1	1	1	222.36034	95.142507	100.88469	0.971	0
9.85	4.7631397	1	1	1	311.37334	79.159849	5.2362613	0.971	0
9.95	4.7631397	1	1	1	222.36607	95.110421	100.89099	0.971	0
0	4.8497423	1	1	1	318.42645	100.70994	74.663849	0.971	0
0.1	4.8497423	1	1	1	318.43103	100.7002	74.65812	0.971	0
0.2	4.8497423	1	1	1	318.43218	100.69905	74.656974	0.971	0
0.3	4.8497423	1	1	1	51.659594	105.1114	12.967754	0.971	0
0.4	4.8497423	1	1	1	318.20414	102.51705	74.527485	0.971	0
0.5	4.8497423	1	1	1	138.21518	77.491396	285.46247	0.971	0
0.6	4.8497423	1	1	1	231.63423	74.918815	347.03423	0.971	0
0.7	4.8497423	1	1	1	318.20414	102.51705	74.527485	0.971	0
0.8	4.8497423	1	1	1	10.144218	19.771628	309.79026	0.971	0
0.9	4.8497423	1	1	1	231.61991	74.925691	347.02908	0.971	0
1	4.8497423	1	1	1	231.58839	74.914805	347.01705	0.971	0
1.1	4.8497423	1	1	1	318.16289	102.51361	74.538371	0.971	0
1.2	4.8497423	1	1	1	231.55631	74.908502	347.02507	0.971	0
1.3	4.8497423	1	1	1	318.34051	101.3952	75.031115	0.971	0
1.4	4.8497423	1	1	1	318.43734	101.26513	75.146853	0.971	0
1.5	4.8497423	1	1	1	51.388012	104.55678	281.60589	0.971	0
1.6	4.8497423	1	1	1	231.37869	75.437915	348.43569	0.971	0
1.7	4.8497423	1	1	1	51.376553	104.56422	281.55948	0.971	0
1.8	4.8497423	1	1	1	231.37755	75.434477	348.43683	0.971	0
1.9	4.8497423	1	1	1	231.37869	75.437915	348.43569	0.971	0
2	4.8497423	1	1	1	51.376553	104.56422	281.55948	0.971	0
2.1	4.8497423	1	1	1	231.37812	75.433904	348.43626	0.971	0
2.2	4.8497423	1	1	1	231.37812	75.435623	348.43683	0.971	0
2.3	4.8497423	1	1	1	230.79829	78.973638	79.779216	0.971	0
2.4	4.8497423	1	1	1	187.5967	164.99007	317.7687	0.971	0
2.5	4.8497423	1	1	1	230.78797	78.983378	349.77813	0.971	0
2.6	4.8497423	1	1	1	230.79829	78.973638	79.779216	0.971	0
2.7	4.8497423	1	1	1	53.886681	105.10452	287.20655	0.971	0
2.8	4.8497423	1	1	1	53.894702	105.08562	287.23635	0.971	0
2.9	4.8497423	1	1	1	53.896994	105.08332	287.24494	0.971	0
3	4.8497423	1	1	1	234.01373	77.588799	342.54282	0.971	0
3.1	4.8497423	1	1	1	234.03321	77.597966	342.49068	0.971	0
3.2	4.8497423	1	1	1	54.075757	102.39157	287.62653	0.971	0
3.3	4.8497423	1	1	1	234.01373	77.588799	342.54282	0.971	0
3.4	4.8497423	1	1	1	53.416855	103.38622	16.268564	0.971	0
3.5	4.8497423	1	1	1	53.267886	103.60739	16.078915	0.971	0
3.6	4.8497423	1	1	1	139.08092	74.750366	284.56866	0.971	0
3.7	4.8497423	1	1	1	319.31683	106.33925	76.258391	0.971	0
3.8	4.8497423	1	1	1	319.34204	106.33008	76.265839	0.971	0
3.9	4.8497423	1	1	1	233.28149	76.832494	343.20974	0.971	0
4	4.8497423	1	1	1	319.02405	105.15437	75.479168	0.971	0
4.1	4.8497423	1	1	1	52.704096	103.71854	285.47393	0.971	0
4.2	4.8497423	1	1	1	52.710398	103.71968	285.47909	0.971	0
4.3	4.8497423	1	1	1	52.694928	103.73229	285.46304	0.971	0
4.4	4.8497423	1	1	1	52.704096	103.71854	285.47393	0.971	0
4.5	4.8497423	1	1	1	318.90487	104.75158	75.747312	0.971	0
4.6	4.8497423	1	1	1	318.91117	104.77221	75.749604	0.971	0
4.7	4.8497423	1	1	1	52.651957	103.75979	285.32152	0.971	0
4.8	4.8497423	1	1	1	232.54466	80.550991	79.209123	0.971	0
4.9	4.8497423	1	1	1	52.53049	99.42995	10.783639	0.971	0
5	4.8497423	1	1	1	321.35197	101.5688	76.679515	0.971	0
5.1	4.8497423	1	1	1	232.73832	80.373947	78.944417	0.971	0
5.2	4.8497423	1	1	1	54.043098	103.08427	281.87232	0.971	0
5.3	4.8497423	1	1	1	53.264448	100.48419	11.669431	0.971	0
5.4	4.8497423	1	1	1	53.224914	100.94141	11.645367	0.971	0
5.5	4.8497423	1	1	1	233.22877	79.046976	78.352551	0.971	0
5.6	4.8497423	1	1	1	233.2345	79.130628	78.343384	0.971	0
5.7	4.8497423	1	1	1	53.222623	100.87266	11.644794	0.971	0
5.8	4.8497423	1	1	1	53.232936	101.02335	11.643075	0.971	0
5.9	4.8497423	1	1	1	53.228925	100.95287	11.647659	0.971	0
6	4.8497423	1	1	1	54.034504	98.700002	285.55128	0.971	0
6.1	4.8497423	1	1	1	54.037941	98.689115	285.56618	0.971	0
6.2	4.8497423	1	1	1	54.038514	98.689688	285.56732	0.971	0
6.3	4.8497423	1	1	1	54.011012	98.671927	285.59769	0.971	0
6.4	4.8497423	1	1	1	54.023045	98.678229	285.58795	0.971	0
6.5	4.8497423	1	1	1	54.006429	98.665624	285.61259	0.971	0
6.6	4.8497423	1	1	1	320.45472	102.14692	80.60313	0.971	0
6.7	4.8497423	1	1	1	140.45487	77.854078	279.39714	0.971	0
6.8	4.8497423	1	1	1	52.440535	99.189308	282.31178	0.971	0
6.9	4.8497423	1	1	1	320.45472	102.14692	80.60313	0.971	0
7	4.8497423	1	1	1	140.45487	77.854078	279.39714	0.971	0
7.1	4.8497423	1	1	1	52.449702	99.184724	282.30605	0.971	0
7.2	4.8497423	1	1	1	234.20051	79.754006	344.78996	0.971	0
7.3	4.8497423	1	1	1	54.198943	100.24298	285.21209	0.971	0
7.4	4.8497423	1	1	1	54.19837	100.24126	285.21381	0.971	0
7.5	4.8497423	1	1	1	234.20051	79.754006	344.78996	0.971	0
7.6	4.8497423	1	1	1	54.198943	100.24298	285.21209	0.971	0
7.7	4.8497423	1	1	1	54.19837	100.24126	285.21381	0.971	0
7.8	4.8497423	1	1	1	54.19837	100.24069	285.21381	0.971	0
7.9	4.8497423	1	1	1	51.409211	102.09535	283.92637	0.971	0
8	4.8497423	1	1	1	51.365093	102.12915	283.95616	0.971	0
8.1	4.8497423	1	1	1	318.35254	103.65036	77.498271	0.971	0
8.2	4.8497423	1	1	1	51.332435	102.15608	283.98252	0.971	0
8.3	4.8497423	1	1	1	51.330716	102.15723	283.98424	0.971	0
8.4	4.8497423	1	1	1	51.328424	102.15952	283.98653	0.971	0
8.5	4.8497423	1	1	1	51.325559	102.16468	283.99111	0.971	0
8.6	4.8497423	1	1	1	51.328424	102.15952	283.98653	0.971	0
8.7	4.8497423	1	1	1	51.325559	102.16468	283.99111	0.971	0
8.8	4.8497423	1	1	1	317.12813	102.0518	76.166717	0.971	0
8.9	4.8497423	1	1	1	340.6532	168.28114	208.08108	0.971	0
9	4.8497423	1	1	1	317.12813	102.0518	76.166717	0.971	0
9.1	4.8497423	1	1	1	317.11667	102.02602	76.179323	0.971	0
9.2	4.8497423	1	1	1	49.105921	103.47159	281.85226	0.971	0
9.3	4.8497423	1	1	1	49.112223	103.47389	281.8769	0.971	0
9.4	4.8497423	1	1	1	311.38537	79.16787	5.2316776	0.971	0
9.5	4.8497423	1	1	1	49.112223	103.47389	281.8769	0.971	0
9.6	4.8497423	1	1	1	49.160925	103.47847	281.91071	0.971	0
9.7	4.8497423	1	1	1	50.377887	102.57835	282.24932	0.971	0
9.8	4.8497423	1	1	1	230.31471	77.372221	347.83924	0.971	0
9.9	4.8497423	1	1	1	311.37219	79.159276	5.2368342	0.971	0
0.05	4.9363448	1	1	1	318.42645	100.70994	74.663849	0.971	0
0.15	4.9363448	1	1	1	0.25783101	11.959921	318.29811	0.4	0
0.25	4.9363448	1	1	1	2.1130683	11.788607	316.31911	0.4	0
0.35	4.9363448	1	1	1	356.71436	12.342084	322.08937	0.4	0
0.45	4.9363448	1	1	1	289.42906	128.87311	59.757779	0.971	0
0.55	4.9363448	1	1	1	356.71264	12.342084	322.09052	0.286	0
0.65	4.9363448	1	1	1	356.71436	12.342084	322.08937	0.286	0
0.75	4.9363448	1	1	1	211.02036	97.594766	242.74675	0.143	0
0.85	4.9363448	1	1	1	231.6222	74.924545	347.03252	0.971	0
0.95	4.9363448	1	1	1	231.62907	74.93142	347.0308	0.971	0
1.05	4.9363448	1	1	1	231.62048	74.926264	347.0285	0.971	0
1.15	4.9363448	1	1	1	231.21196	77.982421	349.33695	0.971	0
1.25	4.9363448	1	1	1	51.211541	102.01743	10.663318	0.971	0
1.35	4.9363448	1	1	1	51.080906	102.04035	10.661599	0.971	0
1.45	4.9363448	1	1	1	231.21196	77.982421	349.33695	0.971	0
1.55	4.9363448	1	1	1	51.211541	102.01743	10.663318	0.971	0
1.65	4.9363448	1	1	1	230.69745	77.974972	79.367833	0.971	0
1.75	4.9363448	1	1	1	230.68484	78.010496	349.37992	0.971	0
1.85	4.9363448	1	1	1	50.658063	101.92805	10.599146	0.971	0
1.95	4.9363448	1	1	1	208.13895	58.405599	139.00701	0.971	0
2.05	4.9363448	1	1	1	208.13895	58.405599	139.00701	0.971	0
2.15	4.9363448	1	1	1	50.658063	101.92805	10.599146	0.971	0
2.25	4.9363448	1	1	1	50.541753	101.79455	10.541278	0.971	0
2.35	4.9363448	1	1	1	50.557223	100.11807	10.41007	0.971	0
2.45	4.9363448	1	1	1	230.54848	79.878338	79.594724	0.971	0
2.55	4.9363448	1	1	1	230.82178	78.939833	349.77985	0.971	0
2.65	4.9363448	1	1	1	230.82464	79.043539	79.743693	0.971	0
2.75	4.9363448	1	1	1	53.042714	97.565545	12.015498	0.971	0
2.85	4.9363448	1	1	1	53.04386	97.564399	12.012633	0.971	0
2.95	4.9363448	1	1	1	233.04485	82.435449	77.98815	0.971	0
3.05	4.9363448	1	1	1	53.042714	97.565545	12.015498	0.971	0
3.15	4.9363448	1	1	1	53.04386	97.564399	12.012633	0.971	0
3.25	4.9363448	1	1	1	233.04485	82.435449	77.98815	0.971	0
3.35	4.9363448	1	1	1	53.159597	103.77755	15.941405	0.971	0
3.45	4.9363448	1	1	1	53.356122	103.48936	16.190068	0.971	0
3.55	4.9363448	1	1	1	139.04024	74.818548	284.55949	0.971	0
3.65	4.9363448	1	1	1	319.03608	105.175	75.43104	0.971	0
3.75	4.9363448	1	1	1	52.901193	104.00559	285.63321	0.971	0
3.85	4.9363448	1	1	1	319.02577	105.15666	75.451666	0.971	0
3.95	4.9363448	1	1	1	319.03722	105.17614	75.407548	0.971	0
4.05	4.9363448	1	1	1	52.928122	104.05315	285.65384	0.971	0
4.15	4.9363448	1	1	1	52.705242	103.71854	285.4745	0.971	0
4.25	4.9363448	1	1	1	52.706961	103.71052	285.47909	0.971	0
4.35	4.9363448	1	1	1	52.706388	103.70651	285.47909	0.971	0
4.45	4.9363448	1	1	1	318.95644	105.03119	75.795441	0.971	0
4.55	4.9363448	1	1	1	52.518457	99.417918	10.777909	0.971	0
4.65	4.9363448	1	1	1	52.50929	99.405313	10.77218	0.971	0
4.75	4.9363448	1	1	1	52.497831	99.393281	10.768169	0.971	0
4.85	4.9363448	1	1	1	52.518457	99.417918	10.777909	0.971	0
4.95	4.9363448	1	1	1	52.471475	99.262073	10.760147	0.971	0
5.05	4.9363448	1	1	1	52.445692	99.179567	10.750407	0.971	0
5.15	4.9363448	1	1	1	52.435951	99.107375	10.746396	0.971	0
5.25	4.9363448	1	1	1	53.27247	100.48247	11.69235	0.971	0
5.35	4.9363448	1	1	1	233.27633	79.519666	348.29761	0.971	0
5.45	4.9363448	1	1	1	53.278772	100.47846	11.703809	0.971	0
5.55	4.9363448	1	1	1	53.281064	100.47789	11.711257	0.971	0
5.65	4.9363448	1	1	1	53.281064	100.47789	11.711257	0.971	0
5.75	4.9363448	1	1	1	53.226633	100.95574	11.64594	0.971	0
5.85	4.9363448	1	1	1	53.266167	100.5094	11.747354	0.971	0
5.95	4.9363448	1	1	1	53.244395	100.54378	11.779439	0.971	0
6.05	4.9363448	1	1	1	320.98585	101.61636	259.15855	0.971	0
6.15	4.9363448	1	1	1	53.199704	100.61311	11.829287	0.971	0
6.25	4.9363448	1	1	1	54.019607	98.675937	285.59253	0.971	0
6.35	4.9363448	1	1	1	53.98924	98.659322	285.62519	0.971	0
6.45	4.9363448	1	1	1	53.920485	98.624944	285.69796	0.971	0
6.55	4.9363448	1	1	1	139.85441	77.002663	279.239	0.971	0
6.65	4.9363448	1	1	1	320.42722	102.18015	80.599119	0.971	0
6.75	4.9363448	1	1	1	140.4417	77.846057	279.40172	0.971	0
6.85	4.9363448	1	1	1	52.451994	99.184151	282.30375	0.971	0
6.95	4.9363448	1	1	1	52.457724	99.181859	282.3049	0.971	0
7.05	4.9363448	1	1	1	140.45086	77.849494	279.39886	0.971	0
7.15	4.9363448	1	1	1	52.451421	99.184724	282.30834	0.971	0
7.25	4.9363448	1	1	1	234.2091	79.701294	344.85585	0.971	0
7.35	4.9363448	1	1	1	54.199516	100.25787	285.18344	0.971	0
7.45	4.9363448	1	1	1	54.180035	100.23037	285.19605	0.971	0
7.55	4.9363448	1	1	1	54.177743	100.23839	285.18917	0.971	0
7.65	4.9363448	1	1	1	54.196651	100.24584	285.20521	0.971	0
7.75	4.9363448	1	1	1	54.195505	100.23209	285.21724	0.971	0
7.85	4.9363448	1	1	1	232.29772	80.20607	77.233565	0.971	0
7.95	4.9363448	1	1	1	51.559899	101.98477	283.86048	0.971	0
8.05	4.9363448	1	1	1	52.350008	100.02926	283.20387	0.971	0
8.15	4.9363448	1	1	1	318.41442	103.61541	77.539524	0.971	0
8.25	4.9363448	1	1	1	51.432702	102.03061	283.84444	0.971	0
8.35	4.9363448	1	1	1	51.327278	102.15952	283.98596	0.971	0
8.45	4.9363448	1	1	1	51.328424	102.15837	283.98596	0.971	0
8.55	4.9363448	1	1	1	51.324413	102.16353	283.99111	0.971	0
8.65	4.9363448	1	1	1	51.320403	102.18416	284.002	0.971	0
8.75	4.9363448	1	1	1	50.074219	103.52373	282.40517	0.971	0
8.85	4.9363448	1	1	1	317.13844	102.07129	76.162707	0.971	0
8.95	4.9363448	1	1	1	50.059323	103.52201	282.38683	0.971	0
9.05	4.9363448	1	1	1	317.10693	102.0054	76.189063	0.971	0
9.15	4.9363448	1	1	1	49.087013	103.4567	281.76575	0.971	0
9.25	4.9363448	1	1	1	49.103056	103.4693	281.83507	0.971	0
9.35	4.9363448	1	1	1	49.087013	103.4567	281.76575	0.971	0
9.45	4.9363448	1	1	1	49.074981	103.42748	281.79554	0.971	0
9.55	4.9363448	1	1	1	49.197594	103.48019	281.93763	0.971	0
9.65	4.9363448	1	1	1	50.372158	102.57492	282.17255	0.971	0
9.75	4.9363448	1	1	1	230.3806	77.425506	347.7659	0.971	0
9.85	4.9363448	1	1	1	50.164747	102.72274	282.20406	0.971	0
9.95	4.9363448	1	1	1	50.481592	102.62763	281.79439	0.971	0
0	5.0229473	1	1	1	289.00564	126.38303	59.141277	0.971	0
0.1	5.0229473	1	1	1	289.00048	126.37959	59.142422	0.971	0
0.2	5.0229473	1	1	1	289.43937	128.8817	59.767519	0.971	0
0.3	5.0229473	1	1	1	109.42806	51.125024	300.24593	0.971	0
0.4	5.0229473	1	1	1	289.42447	128.86738	59.75205	0.971	0
0.5	5.0229473	1	1	1	332.31609	47.737125	58.025155	0.971	0
0.6	5.0229473	1	1	1	109.43952	51.086636	300.26942	0.971	0
0.7	5.0229473	1	1	1	217.5876	62.19285	315.78168	0.971	0
0.8	5.0229473	1	1	1	218.10211	61.354613	315.36858	0.971	0
0.9	5.0229473	1	1	1	218.10211	61.352894	135.3693	0.971	0
1	5.0229473	1	1	1	153.99902	128.65366	307.86226	0.971	0
1.1	5.0229473	1	1	1	218.10211	61.354613	315.36858	0.971	0
1.2	5.0229473	1	1	1	332.19692	47.301104	49.614134	0.971	0
1.3	5.0229473	1	1	1	332.1104	47.091401	49.459436	0.971	0
1.4	5.0229473	1	1	1	332.15108	46.999155	49.395264	0.971	0
1.5	5.0229473	1	1	1	209.7948	57.887645	138.75262	0.971	0
1.6	5.0229473	1	1	1	209.79537	57.886499	138.75376	0.971	0
1.7	5.0229473	1	1	1	209.7948	57.885926	138.75491	0.971	0
1.8	5.0229473	1	1	1	209.7948	57.887645	138.75262	0.971	0
1.9	5.0229473	1	1	1	208.18078	58.383253	138.97435	0.971	0
2	5.0229473	1	1	1	208.14067	58.404453	139.00586	0.971	0
2.1	5.0229473	1	1	1	149.28645	129.8626	313.14206	0.971	0
2.2	5.0229473	1	1	1	208.20541	58.375805	138.94398	0.971	0
2.3	5.0229473	1	1	1	184.28042	165.51777	44.638569	0.971	0
2.4	5.0229473	1	1	1	184.27927	165.51719	44.63685	0.971	0
2.5	5.0229473	1	1	1	184.2787	165.51777	44.63685	0.971	0
2.6	5.0229473	1	1	1	184.28042	165.51777	44.638569	0.971	0
2.7	5.0229473	1	1	1	52.650238	97.38048	11.628751	0.971	0
2.8	5.0229473	1	1	1	53.035265	97.568983	12.026384	0.971	0
2.9	5.0229473	1	1	1	53.039276	97.563253	12.01206	0.971	0
3	5.0229473	1	1	1	52.639352	97.357562	11.615573	0.971	0
3.1	5.0229473	1	1	1	53.04386	97.565545	12.01779	0.971	0
3.2	5.0229473	1	1	1	53.04787	97.561534	12.002893	0.971	0
3.3	5.0229473	1	1	1	233.05689	82.429146	78.032268	0.971	0
3.4	5.0229473	1	1	1	140.5093	80.077727	278.77777	0.971	0
3.5	5.0229473	1	1	1	140.5093	80.077727	278.77777	0.971	0
3.6	5.0229473	1	1	1	52.034881	98.644998	10.039939	0.971	0
3.7	5.0229473	1	1	1	140.5093	80.077727	278.77777	0.971	0
3.8	5.0229473	1	1	1	52.856503	103.95288	15.594192	0.971	0
3.9	5.0229473	1	1	1	52.894891	104.01533	15.623986	0.971	0
4	5.0229473	1	1	1	52.906923	104.03252	15.633153	0.971	0
4.1	5.0229473	1	1	1	232.70681	76.288185	74.521183	0.971	0
4.2	5.0229473	1	1	1	52.703523	103.70994	285.47565	0.971	0
4.3	5.0229473	1	1	1	318.95128	105.02775	255.793	0.971	0
4.4	5.0229473	1	1	1	232.70738	76.288185	74.52061	0.971	0
4.5	5.0229473	1	1	1	52.703523	103.70994	285.47565	0.971	0
4.6	5.0229473	1	1	1	52.560856	99.472922	10.780201	0.971	0
4.7	5.0229473	1	1	1	52.540803	99.44542	10.777336	0.971	0
4.8	5.0229473	1	1	1	52.525906	99.428804	10.774471	0.971	0
4.9	5.0229473	1	1	1	52.533927	99.437971	10.780201	0.971	0
5	5.0229473	1	1	1	52.361467	98.915434	10.717176	0.971	0
5.1	5.0229473	1	1	1	52.341986	98.85069	10.707435	0.971	0
5.2	5.0229473	1	1	1	53.274189	100.47846	11.694642	0.971	0
5.3	5.0229473	1	1	1	233.27862	79.521385	348.29188	0.971	0
5.4	5.0229473	1	1	1	233.28034	79.521958	78.290672	0.971	0
5.5	5.0229473	1	1	1	53.274189	100.47846	11.694642	0.971	0
5.6	5.0229473	1	1	1	53.283356	100.47732	11.71756	0.971	0
5.7	5.0229473	1	1	1	53.281637	100.47732	281.70845	0.971	0
5.8	5.0229473	1	1	1	53.28221	100.48075	11.715268	0.971	0
5.9	5.0229473	1	1	1	53.262157	100.51685	11.764542	0.971	0
6	5.0229473	1	1	1	233.26831	79.498467	78.264316	0.971	0
6.1	5.0229473	1	1	1	53.252989	100.52831	11.762251	0.971	0
6.2	5.0229473	1	1	1	139.88822	76.960837	279.30203	0.971	0
6.3	5.0229473	1	1	1	139.8527	76.928751	279.32838	0.971	0
6.4	5.0229473	1	1	1	139.85499	77.009538	279.23155	0.971	0
6.5	5.0229473	1	1	1	139.85556	77.012976	279.23499	0.971	0
6.6	5.0229473	1	1	1	139.85212	76.978026	279.26765	0.971	0
6.7	5.0229473	1	1	1	139.85499	77.012403	279.22984	0.971	0
6.8	5.0229473	1	1	1	140.45201	77.850067	279.39829	0.971	0
6.9	5.0229473	1	1	1	52.450848	99.184724	282.30776	0.971	0
7	5.0229473	1	1	1	52.450848	99.185297	282.31063	0.971	0
7.1	5.0229473	1	1	1	52.449702	99.186443	282.31349	0.971	0
7.2	5.0229473	1	1	1	52.445692	99.188735	282.31808	0.971	0
7.3	5.0229473	1	1	1	232.12296	81.22307	78.087845	0.971	0
7.4	5.0229473	1	1	1	232.09604	81.190411	78.14113	0.971	0
7.5	5.0229473	1	1	1	232.20432	80.645529	77.547546	0.971	0
7.6	5.0229473	1	1	1	140.08589	77.487958	280.05489	0.971	0
7.7	5.0229473	1	1	1	140.15579	78.036852	279.74836	0.971	0
7.8	5.0229473	1	1	1	232.35673	79.988346	76.857705	0.971	0
7.9	5.0229473	1	1	1	140.08589	77.487958	280.05489	0.971	0
8	5.0229473	1	1	1	140.08589	77.487958	280.05489	0.971	0
8.1	5.0229473	1	1	1	232.35673	79.988346	76.857705	0.971	0
8.2	5.0229473	1	1	1	318.44192	103.58676	77.568745	0.971	0
8.3	5.0229473	1	1	1	51.359364	102.11712	283.9384	0.971	0
8.4	5.0229473	1	1	1	51.325559	102.16009	283.98653	0.971	0
8.5	5.0229473	1	1	1	137.7528	78.680856	278.4678	0.971	0
8.6	5.0229473	1	1	1	137.77802	78.658511	278.45806	0.971	0
8.7	5.0229473	1	1	1	137.78718	78.649344	278.45004	0.971	0
8.8	5.0229473	1	1	1	137.74822	78.653927	278.48442	0.971	0
8.9	5.0229473	1	1	1	136.65731	80.638653	278.9743	0.971	0
9	5.0229473	1	1	1	136.6533	80.642091	278.97888	0.971	0
9.1	5.0229473	1	1	1	48.103818	98.789383	9.3896323	0.971	0
9.2	5.0229473	1	1	1	136.6533	80.642091	278.97888	0.971	0
9.3	5.0229473	1	1	1	48.090067	98.826625	9.3970808	0.971	0
9.4	5.0229473	1	1	1	48.083191	98.824333	9.4056752	0.971	0
9.5	5.0229473	1	1	1	48.090067	98.826625	9.3970808	0.971	0
9.6	5.0229473	1	1	1	48.083191	98.824333	9.4056752	0.971	0
9.7	5.0229473	1	1	1	230.33763	77.372794	347.89081	0.971	0
9.8	5.0229473	1	1	1	230.37487	77.416338	347.77851	0.971	0
9.9	5.0229473	1	1	1	50.460966	102.61674	281.80471	0.971	0
0.05	5.1095499	1	1	1	289.00564	126.38303	59.141277	0.971	0
0.15	5.1095499	1	1	1	289.00163	126.42887	59.137266	0.971	0
0.25	5.1095499	1	1	1	289.43593	128.87883	59.762363	0.971	0
0.35	5.1095499	1	1	1	109.42405	51.129035	300.24535	0.971	0
0.45	5.1095499	1	1	1	332.33844	47.748584	58.000518	0.971	0
0.55	5.1095499	1	1	1	109.43265	51.126743	300.25108	0.971	0
0.65	5.1095499	1	1	1	109.43952	51.086636	300.26942	0.971	0
0.75	5.1095499	1	1	1	217.5876	62.19285	315.78168	0.971	0
0.85	5.1095499	1	1	1	218.81201	61.110533	134.94531	0.971	0
0.95	5.1095499	1	1	1	154.57714	128.21707	307.97799	0.971	0
1.05	5.1095499	1	1	1	153.99845	128.6634	307.88059	0.971	0
1.15	5.1095499	1	1	1	218.06946	61.354613	315.39665	0.971	0
1.25	5.1095499	1	1	1	332.19749	47.30225	49.614707	0.971	0
1.35	5.1095499	1	1	1	280.71953	123.99838	234.92416	0.971	0
1.45	5.1095499	1	1	1	332.15108	46.999155	49.395264	0.971	0
1.55	5.1095499	1	1	1	209.78391	57.878478	138.77496	0.971	0
1.65	5.1095499	1	1	1	209.78219	57.873321	138.78012	0.971	0
1.75	5.1095499	1	1	1	151.26659	129.28563	313.78721	0.971	0
1.85	5.1095499	1	1	1	210.00565	57.623511	138.58187	0.971	0
1.95	5.1095499	1	1	1	209.99419	57.596009	138.58531	0.971	0
2.05	5.1095499	1	1	1	208.31084	58.352887	138.81851	0.971	0
2.15	5.1095499	1	1	1	208.33032	58.356324	138.791	0.971	0
2.25	5.1095499	1	1	1	208.31256	58.358616	138.81392	0.971	0
2.35	5.1095499	1	1	1	86.808836	51.103252	314.01009	0.971	0
2.45	5.1095499	1	1	1	86.813419	51.109554	314.00723	0.971	0
2.55	5.1095499	1	1	1	86.808836	51.103252	314.01009	0.971	0
2.65	5.1095499	1	1	1	86.808836	51.103252	314.01009	0.971	0
2.75	5.1095499	1	1	1	52.638206	97.355843	11.616146	0.971	0
2.85	5.1095499	1	1	1	52.638206	97.355843	11.615	0.971	0
2.95	5.1095499	1	1	1	52.638779	97.355843	11.611563	0.971	0
3.05	5.1095499	1	1	1	52.638206	97.355843	11.616146	0.971	0
3.15	5.1095499	1	1	1	52.638206	97.355843	11.615	0.971	0
3.25	5.1095499	1	1	1	52.638779	97.355843	11.611563	0.971	0
3.35	5.1095499	1	1	1	52.642216	97.357562	11.604114	0.971	0
3.45	5.1095499	1	1	1	2.035719	13.308664	319.25208	0.971	0
3.55	5.1095499	1	1	1	140.50186	80.087468	278.78064	0.971	0
3.65	5.1095499	1	1	1	52.016546	98.655884	10.025615	0.971	0
3.75	5.1095499	1	1	1	140.50988	80.076008	278.77032	0.971	0
3.85	5.1095499	1	1	1	231.52881	81.790298	80.27196	0.971	0
3.95	5.1095499	1	1	1	139.97474	79.701294	277.87766	0.971	0
4.05	5.1095499	1	1	1	51.384001	97.718525	10.406632	0.971	0
4.15	5.1095499	1	1	1	51.382855	97.716806	10.422102	0.971	0
4.25	5.1095499	1	1	1	51.4052	97.73686	10.483409	0.971	0
4.35	5.1095499	1	1	1	51.390876	97.7254	10.437572	0.971	0
4.45	5.1095499	1	1	1	232.50685	80.623756	79.214853	0.971	0
4.55	5.1095499	1	1	1	52.544241	99.450576	10.777909	0.971	0
4.65	5.1095499	1	1	1	232.54466	80.550991	79.209123	0.971	0
4.75	5.1095499	1	1	1	52.53049	99.42995	10.783639	0.971	0
4.85	5.1095499	1	1	1	52.543095	99.447712	10.784785	0.971	0
4.95	5.1095499	1	1	1	232.54466	80.550991	79.209123	0.971	0
5.05	5.1095499	1	1	1	52.526479	99.37953	10.78593	0.971	0
5.15	5.1095499	1	1	1	53.264448	100.48419	11.669431	0.971	0
5.25	5.1095499	1	1	1	233.28149	79.525396	78.292391	0.971	0
5.35	5.1095499	1	1	1	53.283929	100.47502	11.71183	0.971	0
5.45	5.1095499	1	1	1	53.285075	100.47502	11.712403	0.971	0
5.55	5.1095499	1	1	1	233.28149	79.525396	78.292391	0.971	0
5.65	5.1095499	1	1	1	53.285075	100.4756	281.71303	0.971	0
5.75	5.1095499	1	1	1	53.285075	100.4756	11.713549	0.971	0
5.85	5.1095499	1	1	1	53.285075	100.4756	11.713549	0.971	0
5.95	5.1095499	1	1	1	172.28153	170.1868	33.187434	0.971	0
6.05	5.1095499	1	1	1	172.28039	170.1868	33.186861	0.971	0
6.15	5.1095499	1	1	1	172.28153	170.1868	33.187434	0.971	0
6.25	5.1095499	1	1	1	139.8527	76.975161	279.27911	0.971	0
6.35	5.1095499	1	1	1	139.85098	76.951097	279.30776	0.971	0
6.45	5.1095499	1	1	1	139.85384	76.998652	279.24932	0.971	0
6.55	5.1095499	1	1	1	139.8527	76.975161	279.27911	0.971	0
6.65	5.1095499	1	1	1	139.85212	76.975161	279.27796	0.971	0
6.75	5.1095499	1	1	1	139.85384	76.998652	279.24932	0.971	0
6.85	5.1095499	1	1	1	232.22381	81.127959	77.830014	0.971	0
6.95	5.1095499	1	1	1	232.23813	81.103322	77.839181	0.971	0
7.05	5.1095499	1	1	1	232.21865	81.125094	77.85064	0.971	0
7.15	5.1095499	1	1	1	232.21464	81.135407	77.841473	0.971	0
7.25	5.1095499	1	1	1	232.19802	81.154888	77.852359	0.971	0
7.35	5.1095499	1	1	1	232.08057	81.255156	78.122795	0.971	0
7.45	5.1095499	1	1	1	232.12239	81.227654	77.991015	0.971	0
7.55	5.1095499	1	1	1	229.50111	85.764333	82.300804	0.971	0
7.65	5.1095499	1	1	1	49.428496	94.190251	7.602004	0.971	0
7.75	5.1095499	1	1	1	232.11552	81.026545	78.111336	0.971	0
7.85	5.1095499	1	1	1	138.842	82.45894	274.21817	0.971	0
7.95	5.1095499	1	1	1	49.39641	94.182802	7.5567404	0.971	0
8.05	5.1095499	1	1	1	138.85288	82.4492	274.21989	0.971	0
8.15	5.1095499	1	1	1	138.82023	82.481285	274.21588	0.971	0
8.25	5.1095499	1	1	1	49.379795	94.181083	7.5424164	0.971	0
8.35	5.1095499	1	1	1	138.82023	82.481285	274.21588	0.971	0
8.45	5.1095499	1	1	1	137.79807	78.647052	278.44202	0.971	0
8.55	5.1095499	1	1	1	137.79463	78.645906	278.44546	0.971	0
8.65	5.1095499	1	1	1	137.79807	78.647052	278.44202	0.971	0
8.75	5.1095499	1	1	1	137.79463	78.645906	278.44546	0.971	0
8.85	5.1095499	1	1	1	137.78604	78.647625	278.45233	0.971	0
8.95	5.1095499	1	1	1	136.6596	80.549272	279.00925	0.971	0
9.05	5.1095499	1	1	1	48.102099	98.793394	9.3770273	0.971	0
9.15	5.1095499	1	1	1	48.100953	98.775059	9.3856216	0.971	0
9.25	5.1095499	1	1	1	48.086629	98.827198	9.394216	0.971	0
9.35	5.1095499	1	1	1	48.092358	98.826625	9.3821839	0.971	0
9.45	5.1095499	1	1	1	48.082618	98.821469	9.4056752	0.971	0
9.55	5.1095499	1	1	1	48.074597	98.811728	9.4148425	0.971	0
9.65	5.1095499	1	1	1	48.074024	98.813447	9.4136966	0.971	0
9.75	5.1095499	1	1	1	48.068294	98.784226	9.4268746	0.971	0
9.85	5.1095499	1	1	1	228.01887	81.2076	80.593389	0.971	0
9.95	5.1095499	1	1	1	47.964016	98.82949	9.3873405	0.971	0
0	5.1961524	1	1	1	143.71443	113.64331	309.53415	0.971	0
0.1	5.1961524	1	1	1	143.715	113.64274	309.53415	0.971	0
0.2	5.1961524	1	1	1	143.71443	113.64274	309.53415	0.971	0
0.3	5.1961524	1	1	1	143.71443	113.64331	309.53415	0.971	0
0.4	5.1961524	1	1	1	143.32425	114.1395	310.4864	0.971	0
0.5	5.1961524	1	1	1	109.43608	51.106689	300.26025	0.971	0
0.6	5.1961524	1	1	1	145.25511	119.85246	315.58916	0.971	0
0.7	5.1961524	1	1	1	145.25511	119.85246	315.58974	0.971	0
0.8	5.1961524	1	1	1	145.25511	119.85246	315.58916	0.971	0
0.9	5.1961524	1	1	1	218.80227	61.085322	134.96938	0.971	0
1	5.1961524	1	1	1	218.80227	61.085322	134.96938	0.971	0
1.1	5.1961524	1	1	1	218.80227	61.085322	134.96938	0.971	0
1.2	5.1961524	1	1	1	218.80227	61.085322	134.96938	0.971	0
1.3	5.1961524	1	1	1	332.19692	47.301104	49.614134	0.971	0
1.4	5.1961524	1	1	1	207.49552	53.540614	131.47204	0.971	0
1.5	5.1961524	1	1	1	207.49552	53.540614	131.47204	0.971	0
1.6	5.1961524	1	1	1	210.01825	57.616063	138.57958	0.971	0
1.7	5.1961524	1	1	1	210.01825	57.61549	138.57958	0.971	0
1.8	5.1961524	1	1	1	210.01825	57.61549	138.57958	0.971	0
1.9	5.1961524	1	1	1	210.01825	57.616063	138.57958	0.971	0
2	5.1961524	1	1	1	144.25015	122.22164	313.98087	0.971	0
2.1	5.1961524	1	1	1	210.03773	58.03776	137.60842	0.971	0
2.2	5.1961524	1	1	1	210.03773	58.03776	137.60785	0.971	0
2.3	5.1961524	1	1	1	210.03773	58.03776	137.60842	0.971	0
2.4	5.1961524	1	1	1	86.824878	51.114138	314.01468	0.971	0
2.5	5.1961524	1	1	1	86.815711	51.107262	314.02843	0.971	0
2.6	5.1961524	1	1	1	86.809408	51.099814	314.029	0.971	0
2.7	5.1961524	1	1	1	86.812273	51.088355	314.01582	0.971	0
2.8	5.1961524	1	1	1	143.18846	123.91072	310.4463	0.971	0
2.9	5.1961524	1	1	1	86.639813	50.984649	314.00723	0.971	0
3	5.1961524	1	1	1	93.92268	54.713459	309.68025	0.886	0
3.1	5.1961524	1	1	1	93.902626	55.013689	308.94457	0.886	0
3.2	5.1961524	1	1	1	329.69768	51.762726	47.66264	0.886	0
3.3	5.1961524	1	1	1	149.70585	127.8435	312.07751	0.886	0
3.4	5.1961524	1	1	1	149.84221	127.71287	312.20814	0.886	0
3.5	5.1961524	1	1	1	140.50759	80.042204	278.77892	0.971	0
3.6	5.1961524	1	1	1	140.49154	79.998659	278.78178	0.971	0
3.7	5.1961524	1	1	1	140.4818	79.998086	278.78579	0.971	0
3.8	5.1961524	1	1	1	140.448	80.010691	278.73938	0.971	0
3.9	5.1961524	1	1	1	231.38041	82.004584	80.20034	0.971	0
4	5.1961524	1	1	1	231.39302	82.273875	79.556336	0.971	0
4.1	5.1961524	1	1	1	51.378844	97.713941	10.399184	0.971	0
4.2	5.1961524	1	1	1	51.394314	97.727119	10.45648	0.971	0
4.3	5.1961524	1	1	1	51.404627	97.73686	10.478825	0.971	0
4.4	5.1961524	1	1	1	320.49597	100.47789	262.15455	0.971	0
4.5	5.1961524	1	1	1	51.93977	97.695607	280.57972	0.971	0
4.6	5.1961524	1	1	1	51.968991	97.790145	280.5803	0.971	0
4.7	5.1961524	1	1	1	320.5017	100.47502	262.16429	0.971	0
4.8	5.1961524	1	1	1	232.03931	82.029795	79.409086	0.971	0
4.9	5.1961524	1	1	1	51.97071	97.801031	280.56483	0.971	0
5	5.1961524	1	1	1	178.23113	166.85677	36.964945	0.971	0
5.1	5.1961524	1	1	1	51.46135	96.469477	8.7719838	0.971	0
5.2	5.1961524	1	1	1	51.466507	96.555994	8.7845889	0.971	0
5.3	5.1961524	1	1	1	51.08549	95.76302	8.6625489	0.971	0
5.4	5.1961524	1	1	1	51.084344	95.763593	278.66146	0.971	0
5.5	5.1961524	1	1	1	231.08419	84.235682	81.338807	0.971	0
5.6	5.1961524	1	1	1	51.08549	95.76302	8.6625489	0.971	0
5.7	5.1961524	1	1	1	51.084344	95.763593	278.66146	0.971	0
5.8	5.1961524	1	1	1	231.08419	84.235682	81.338807	0.971	0
5.9	5.1961524	1	1	1	51.084344	95.764166	8.6619759	0.971	0
6	5.1961524	1	1	1	172.2844	170.18394	33.185143	0.971	0
6.1	5.1961524	1	1	1	172.26778	170.18394	33.163943	0.971	0
6.2	5.1961524	1	1	1	230.38805	85.15356	81.60466	0.971	0
6.3	5.1961524	1	1	1	50.390492	94.758052	8.3640379	0.971	0
6.4	5.1961524	1	1	1	230.3932	85.315708	81.661383	0.971	0
6.5	5.1961524	1	1	1	230.38805	85.15356	81.60466	0.971	0
6.6	5.1961524	1	1	1	139.7467	81.75191	4.5447012	0.971	0
6.7	5.1961524	1	1	1	230.4018	85.529421	81.735294	0.971	0
6.8	5.1961524	1	1	1	50.404243	94.419434	8.2471545	0.971	0
6.9	5.1961524	1	1	1	320.3344	102.01284	80.8919	0.971	0
7	5.1961524	1	1	1	320.3344	102.01284	80.8919	0.971	0
7.1	5.1961524	1	1	1	50.404243	94.419434	8.2471545	0.971	0
7.2	5.1961524	1	1	1	50.402524	94.412558	8.2213714	0.971	0
7.3	5.1961524	1	1	1	50.403097	94.408548	8.1967342	0.971	0
7.4	5.1961524	1	1	1	50.402524	94.403964	8.1692322	0.971	0
7.5	5.1961524	1	1	1	50.330905	94.516264	8.1262604	0.971	0
7.6	5.1961524	1	1	1	229.67586	85.617656	82.149543	0.971	0
7.7	5.1961524	1	1	1	49.717267	94.417142	7.7979556	0.971	0
7.8	5.1961524	1	1	1	138.8546	82.324295	274.25312	0.971	0
7.9	5.1961524	1	1	1	138.86434	82.429146	274.21474	0.971	0
8	5.1961524	1	1	1	49.433653	94.182229	7.5779398	0.971	0
8.1	5.1961524	1	1	1	138.82997	82.461805	274.21474	0.971	0
8.2	5.1961524	1	1	1	138.82882	82.475556	274.21875	0.971	0
8.3	5.1961524	1	1	1	138.62427	82.601033	94.119777	0.971	0
8.4	5.1961524	1	1	1	229.15791	85.910438	82.57525	0.971	0
8.5	5.1961524	1	1	1	138.61854	82.607909	274.11791	0.971	0
8.6	5.1961524	1	1	1	49.156341	94.085972	7.4192305	0.971	0
8.7	5.1961524	1	1	1	228.59756	85.858872	83.059973	0.971	0
8.8	5.1961524	1	1	1	138.09371	83.078307	274.17119	0.971	0
8.9	5.1961524	1	1	1	228.59756	85.858872	83.059973	0.971	0
9	5.1961524	1	1	1	48.10038	98.775632	9.3873405	0.971	0
9.1	5.1961524	1	1	1	48.10038	98.781935	9.3724436	0.971	0
9.2	5.1961524	1	1	1	48.101526	98.777924	9.36786	0.971	0
9.3	5.1961524	1	1	1	48.100953	98.776778	9.3861946	0.971	0
9.4	5.1961524	1	1	1	48.07517	98.803707	9.4119777	0.971	0
9.5	5.1961524	1	1	1	48.088921	98.819177	9.3850487	0.971	0
9.6	5.1961524	1	1	1	48.082045	98.805426	9.3999456	0.971	0
9.7	5.1961524	1	1	1	48.072305	98.801988	9.4177073	0.971	0
9.8	5.1961524	1	1	1	47.92792	98.818604	9.353536	0.971	0
9.9	5.1961524	1	1	1	227.93693	81.177806	80.639799	0.971	0
0.05	5.282755	1	1	1	143.87429	113.4995	309.59316	0.971	0
0.15	5.282755	1	1	1	143.71443	113.64446	309.53357	0.971	0
0.25	5.282755	1	1	1	143.7173	113.64274	309.53758	0.971	0
0.35	5.282755	1	1	1	143.75396	113.61008	309.55019	0.971	0
0.45	5.282755	1	1	1	143.32425	114.1395	310.4864	0.971	0
0.55	5.282755	1	1	1	261.20745	127.44587	218.74325	0.971	0
0.65	5.282755	1	1	1	145.25282	119.84615	315.58687	0.971	0
0.75	5.282755	1	1	1	145.25855	119.85017	315.59432	0.971	0
0.85	5.282755	1	1	1	145.23907	119.84615	315.59547	0.971	0
0.95	5.282755	1	1	1	324.53246	60.367979	44.725658	0.971	0
1.05	5.282755	1	1	1	81.015659	52.511009	231.26295	0.971	0
1.15	5.282755	1	1	1	144.76122	119.70005	315.38347	0.971	0
1.25	5.282755	1	1	1	324.53246	60.367979	44.725658	0.971	0
1.35	5.282755	1	1	1	145.01848	122.11965	314.65868	0.971	0
1.45	5.282755	1	1	1	207.4789	53.548063	131.47147	0.971	0
1.55	5.282755	1	1	1	207.0297	54.021326	131.21077	0.971	0
1.65	5.282755	1	1	1	144.24155	122.21018	313.95108	0.971	0
1.75	5.282755	1	1	1	144.25187	122.19643	313.95623	0.971	0
1.85	5.282755	1	1	1	207.0297	54.021326	131.21077	0.971	0
1.95	5.282755	1	1	1	144.23067	122.21763	313.94707	0.971	0
2.05	5.282755	1	1	1	144.26447	122.17752	313.95967	0.971	0
2.15	5.282755	1	1	1	207.06064	54.029347	131.1741	0.971	0
2.25	5.282755	1	1	1	144.24614	122.16893	313.92587	0.971	0
2.35	5.282755	1	1	1	86.828316	51.117003	314.02671	0.971	0
2.45	5.282755	1	1	1	86.812273	51.103252	314.03416	0.971	0
2.55	5.282755	1	1	1	86.798522	51.091793	314.03874	0.971	0
2.65	5.282755	1	1	1	143.7872	124.01213	310.72361	0.971	0
2.75	5.282755	1	1	1	86.796803	51.080906	314.05994	0.971	0
2.85	5.282755	1	1	1	266.17098	126.08968	224.57023	0.971	0
2.95	5.282755	1	1	1	206.94777	54.898524	134.0217	0.971	0
3.05	5.282755	1	1	1	206.92829	54.895086	134.03374	0.971	0
3.15	5.282755	1	1	1	325.99465	55.338556	45.637234	0.971	0
3.25	5.282755	1	1	1	329.75039	51.916852	47.686131	0.886	0
3.35	5.282755	1	1	1	329.69997	51.768456	47.664932	0.886	0
3.45	5.282755	1	1	1	149.84221	127.71287	312.20814	0.886	0
3.55	5.282755	1	1	1	153.27366	122.59693	309.59946	0.971	0
3.65	5.282755	1	1	1	332.48512	58.325385	50.40367	0.971	0
3.75	5.282755	1	1	1	152.48355	121.67618	309.59545	0.971	0
3.85	5.282755	1	1	1	332.47824	58.331687	50.404816	0.971	0
3.95	5.282755	1	1	1	332.48512	58.325385	50.40367	0.971	0
4.05	5.282755	1	1	1	152.85712	122.26747	310.11283	0.971	0
4.15	5.282755	1	1	1	26.47065	57.954681	37.24684	0.171	0
4.25	5.282755	1	1	1	153.05422	123.54173	310.66746	0.971	0
4.35	5.282755	1	1	1	153.02156	123.04555	310.49328	0.971	0
4.45	5.282755	1	1	1	51.994774	97.846295	280.58488	0.971	0
4.55	5.282755	1	1	1	51.952948	97.725973	280.57858	0.971	0
4.65	5.282755	1	1	1	51.93977	97.693315	280.57629	0.971	0
4.75	5.282755	1	1	1	232.0777	81.923224	79.401637	0.971	0
4.85	5.282755	1	1	1	51.994774	97.84744	280.58488	0.971	0
4.95	5.282755	1	1	1	52.006806	97.883537	280.58431	0.971	0
5.05	5.282755	1	1	1	51.432129	96.470623	8.7908915	0.971	0
5.15	5.282755	1	1	1	51.459631	96.463747	8.7645354	0.971	0
5.25	5.282755	1	1	1	178.02314	169.0363	37.052035	0.971	0
5.35	5.282755	1	1	1	51.091793	95.756717	8.6659867	0.971	0
5.45	5.282755	1	1	1	51.081479	95.759582	278.6586	0.971	0
5.55	5.282755	1	1	1	231.08591	84.237401	81.337662	0.971	0
5.65	5.282755	1	1	1	51.088928	95.754426	8.6648407	0.971	0
5.75	5.282755	1	1	1	51.084344	95.758436	278.66089	0.971	0
5.85	5.282755	1	1	1	231.08534	84.241985	81.337662	0.971	0
5.95	5.282755	1	1	1	51.083771	95.756144	8.6619759	0.971	0
6.05	5.282755	1	1	1	172.2758	170.1805	33.165662	0.971	0
6.15	5.282755	1	1	1	139.66935	81.608671	274.93781	0.971	0
6.25	5.282755	1	1	1	230.39607	85.059595	81.54278	0.971	0
6.35	5.282755	1	1	1	50.387054	94.812483	8.3829455	0.971	0
6.45	5.282755	1	1	1	230.38919	85.135226	81.593774	0.971	0
6.55	5.282755	1	1	1	230.39607	85.059595	81.54278	0.971	0
6.65	5.282755	1	1	1	139.72894	81.727846	4.6186128	0.971	0
6.75	5.282755	1	1	1	230.40237	85.501919	81.723262	0.971	0
6.85	5.282755	1	1	1	50.411119	94.41084	8.2500193	0.971	0
6.95	5.282755	1	1	1	139.7467	81.741024	4.561317	0.971	0
7.05	5.282755	1	1	1	230.41326	85.603905	81.764515	0.971	0
7.15	5.282755	1	1	1	50.404243	94.402818	8.2041827	0.971	0
7.25	5.282755	1	1	1	50.405389	94.393078	8.1251145	0.971	0
7.35	5.282755	1	1	1	139.59372	83.173991	4.2799947	0.971	0
7.45	5.282755	1	1	1	139.60002	83.180294	4.2788488	0.971	0
7.55	5.282755	1	1	1	230.10615	85.751155	83.157948	0.971	0
7.65	5.282755	1	1	1	171.70514	171.92057	121.86239	0.971	0
7.75	5.282755	1	1	1	171.76816	171.93948	31.916614	0.971	0
7.85	5.282755	1	1	1	230.10615	85.751155	83.157948	0.971	0
7.95	5.282755	1	1	1	138.84372	82.451492	274.20098	0.971	0
8.05	5.282755	1	1	1	49.406151	94.177073	7.5647618	0.971	0
8.15	5.282755	1	1	1	138.83398	82.463524	274.21703	0.971	0
8.25	5.282755	1	1	1	229.15275	85.917313	82.585564	0.971	0
8.35	5.282755	1	1	1	49.164362	94.092848	7.4289708	0.971	0
8.45	5.282755	1	1	1	229.14817	85.921324	82.587855	0.971	0
8.55	5.282755	1	1	1	49.154622	94.084827	7.4157927	0.971	0
8.65	5.282755	1	1	1	228.59641	85.859444	83.05367	0.971	0
8.75	5.282755	1	1	1	228.59526	85.85658	83.044503	0.971	0
8.85	5.282755	1	1	1	138.09142	83.076016	274.16947	0.971	0
8.95	5.282755	1	1	1	228.59412	85.85085	83.030752	0.971	0
9.05	5.282755	1	1	1	45.802246	94.060189	6.8600237	0.971	0
9.15	5.282755	1	1	1	225.77001	85.924189	83.144197	0.971	0
9.25	5.282755	1	1	1	48.090067	98.802561	9.407967	0.971	0
9.35	5.282755	1	1	1	48.113558	98.793394	9.4606791	0.971	0
9.45	5.282755	1	1	1	48.087775	98.781935	9.4469281	0.971	0
9.55	5.282755	1	1	1	48.082618	98.767038	9.4429174	0.971	0
9.65	5.282755	1	1	1	48.077462	98.79454	9.4159884	0.971	0
9.75	5.282755	1	1	1	48.071159	98.791675	9.4234369	0.971	0
9.85	5.282755	1	1	1	47.371005	98.412377	8.7719838	0.971	0
9.95	5.282755	1	1	1	47.923336	98.822615	9.3495253	0.971	0
0	5.3693575	1	1	1	143.79464	113.57112	309.56394	0.971	0
0.1	5.3693575	1	1	1	143.90752	113.44736	309.60233	0.971	0
0.2	5.3693575	1	1	1	143.71787	113.64389	309.53758	0.971	0
0.3	5.3693575	1	1	1	143.79293	113.56998	309.56451	0.971	0
0.4	5.3693575	1	1	1	143.33972	114.11772	310.47895	0.971	0
0.5	5.3693575	1	1	1	261.15817	127.49342	218.69627	0.971	0
0.6	5.3693575	1	1	1	261.00577	127.63036	218.54386	0.971	0
0.7	5.3693575	1	1	1	145.25511	119.84386	315.59088	0.971	0
0.8	5.3693575	1	1	1	145.24938	119.84444	315.6012	0.971	0
0.9	5.3693575	1	1	1	324.3875	60.404076	44.792695	0.971	0
1	5.3693575	1	1	1	324.49522	60.376001	44.752587	0.971	0
1.1	5.3693575	1	1	1	80.706835	52.351727	231.30994	0.971	0
1.2	5.3693575	1	1	1	144.32864	119.57572	315.18065	0.971	0
1.3	5.3693575	1	1	1	80.504581	52.219373	231.3277	0.971	0
1.4	5.3693575	1	1	1	144.8804	121.70311	314.69535	0.971	0
1.5	5.3693575	1	1	1	207.01424	54.005856	131.22853	0.971	0
1.6	5.3693575	1	1	1	144.25588	122.22278	313.98889	0.971	0
1.7	5.3693575	1	1	1	144.24728	122.20044	313.94764	0.971	0
1.8	5.3693575	1	1	1	144.2702	122.21534	314.00494	0.971	0
1.9	5.3693575	1	1	1	207.01366	54.033931	131.21822	0.971	0
2	5.3693575	1	1	1	144.24442	122.17064	313.91842	0.971	0
2.1	5.3693575	1	1	1	144.2639	122.15059	313.93618	0.971	0
2.2	5.3693575	1	1	1	261.16562	127.06714	40.811784	0.971	0
2.3	5.3693575	1	1	1	143.72474	121.44356	134.97281	0.971	0
2.4	5.3693575	1	1	1	143.78319	121.52148	314.80077	0.971	0
2.5	5.3693575	1	1	1	86.805398	51.096376	314.04447	0.971	0
2.6	5.3693575	1	1	1	86.797949	51.083771	314.04905	0.971	0
2.7	5.3693575	1	1	1	85.574684	53.303983	227.20641	0.971	0
2.8	5.3693575	1	1	1	85.807305	53.483891	226.76065	0.971	0
2.9	5.3693575	1	1	1	206.95637	54.897951	134.01483	0.971	0
3	5.3693575	1	1	1	206.94147	54.895659	134.02457	0.971	0
3.1	5.3693575	1	1	1	326.00267	55.34715	45.645256	0.971	0
3.2	5.3693575	1	1	1	325.99465	55.338556	45.636661	0.971	0
3.3	5.3693575	1	1	1	329.84779	52.235416	47.750303	0.886	0
3.4	5.3693575	1	1	1	149.86571	127.69911	312.23392	0.886	0
3.5	5.3693575	1	1	1	325.94538	55.353453	45.738648	0.514	0
3.6	5.3693575	1	1	1	153.27366	122.59693	309.59946	0.971	0
3.7	5.3693575	1	1	1	332.50918	58.309342	50.408254	0.971	0
3.8	5.3693575	1	1	1	332.45991	58.338563	50.400805	0.971	0
3.9	5.3693575	1	1	1	332.49543	58.323093	50.407108	0.971	0
4	5.3693575	1	1	1	332.51205	58.297883	50.3882	0.971	0
4.1	5.3693575	1	1	1	152.99406	122.50353	310.32769	0.971	0
4.2	5.3693575	1	1	1	153.06797	123.58413	310.68923	0.971	0
4.3	5.3693575	1	1	1	153.03817	123.3813	310.60959	0.971	0
4.4	5.3693575	1	1	1	152.18676	122.86965	309.26657	0.971	0
4.5	5.3693575	1	1	1	332.17629	57.136497	50.732548	0.971	0
4.6	5.3693575	1	1	1	332.18775	57.12733	50.735986	0.971	0
4.7	5.3693575	1	1	1	232.09317	81.863064	79.389605	0.971	0
4.8	5.3693575	1	1	1	219.64337	58.352314	127.65672	0.514	0
4.9	5.3693575	1	1	1	219.72874	58.327677	127.70542	0.514	0
5	5.3693575	1	1	1	219.66228	58.347157	127.66703	0.514	0
5.1	5.3693575	1	1	1	51.402909	96.405879	8.7645354	0.971	0
5.2	5.3693575	1	1	1	51.480831	96.463747	8.7593788	0.971	0
5.3	5.3693575	1	1	1	51.473382	96.597247	8.7977669	0.971	0
5.4	5.3693575	1	1	1	51.089501	95.753853	8.6636948	0.971	0
5.5	5.3693575	1	1	1	51.084344	95.75729	278.66032	0.971	0
5.6	5.3693575	1	1	1	231.0882	84.245422	81.336516	0.971	0
5.7	5.3693575	1	1	1	50.935375	95.01531	9.5449039	0.971	0
5.8	5.3693575	1	1	1	348.36808	10.754991	332.14306	0.971	0
5.9	5.3693575	1	1	1	50.903289	94.929366	9.6193884	0.971	0
6	5.3693575	1	1	1	50.910165	94.943117	9.6136588	0.971	0
6.1	5.3693575	1	1	1	139.66591	81.585179	274.9762	0.971	0
6.2	5.3693575	1	1	1	230.39378	85.102567	81.567418	0.971	0
6.3	5.3693575	1	1	1	50.392211	94.90301	8.4316469	0.971	0
6.4	5.3693575	1	1	1	50.3882	94.865768	8.4064368	0.971	0
6.5	5.3693575	1	1	1	320.34128	5.7307239	357.41623	0.343	0
6.6	5.3693575	1	1	1	137.11109	84.814942	0.79984908	0.343	0
6.7	5.3693575	1	1	1	49.558557	94.230931	8.6694244	0.971	0
6.8	5.3693575	1	1	1	345.08159	9.6325665	334.14211	0.971	0
6.9	5.3693575	1	1	1	50.41341	94.452093	8.2723646	0.971	0
7	5.3693575	1	1	1	139.77019	81.765088	4.4851136	0.971	0
7.1	5.3693575	1	1	1	230.41039	85.613073	81.801757	0.971	0
7.2	5.3693575	1	1	1	50.406535	94.391932	8.1428762	0.971	0
7.3	5.3693575	1	1	1	230.41326	85.617656	81.839573	0.971	0
7.4	5.3693575	1	1	1	139.58913	83.1505	4.2840054	0.971	0
7.5	5.3693575	1	1	1	139.59945	83.174564	4.2788488	0.971	0
7.6	5.3693575	1	1	1	171.74295	171.93547	121.89505	0.971	0
7.7	5.3693575	1	1	1	171.73837	171.93146	31.889112	0.971	0
7.8	5.3693575	1	1	1	139.59945	83.174564	4.2788488	0.971	0
7.9	5.3693575	1	1	1	171.74295	171.93547	121.89505	0.971	0
8	5.3693575	1	1	1	138.83799	82.456075	274.20156	0.971	0
8.1	5.3693575	1	1	1	49.140871	94.070503	7.4020418	0.971	0
8.2	5.3693575	1	1	1	229.13957	85.927626	82.597023	0.971	0
8.3	5.3693575	1	1	1	49.15806	94.088264	7.4215223	0.971	0
8.4	5.3693575	1	1	1	49.127693	94.060762	7.3911556	0.971	0
8.5	5.3693575	1	1	1	138.61052	82.61593	274.10645	0.971	0
8.6	5.3693575	1	1	1	49.15806	94.088264	7.4215223	0.971	0
8.7	5.3693575	1	1	1	138.59563	82.627963	274.09957	0.971	0
8.8	5.3693575	1	1	1	228.59641	85.859444	83.053097	0.971	0
8.9	5.3693575	1	1	1	138.08627	83.055962	274.17348	0.971	0
9	5.3693575	1	1	1	45.778755	94.070503	6.8531482	0.971	0
9.1	5.3693575	1	1	1	45.788495	94.065919	6.856013	0.971	0
9.2	5.3693575	1	1	1	225.7448	85.902989	83.132165	0.971	0
9.3	5.3693575	1	1	1	45.778755	94.073367	6.85544	0.971	0
9.4	5.3693575	1	1	1	48.084337	98.802561	9.4068211	0.971	0
9.5	5.3693575	1	1	1	48.065429	98.73266	9.4268746	0.971	0
9.6	5.3693575	1	1	1	48.068867	98.789383	9.4251557	0.971	0
9.7	5.3693575	1	1	1	48.072305	98.772767	9.4234369	0.971	0
9.8	5.3693575	1	1	1	48.063711	98.778497	9.4371878	0.971	0
9.9	5.3693575	1	1	1	48.017874	98.81001	9.4182802	0.971	0
0.05	5.45596	1	1	1	143.876	113.48575	309.59259	0.971	0
0.15	5.45596	1	1	1	144.4799	112.68418	310.28014	0.971	0
0.25	5.45596	1	1	1	324.5021	67.31452	49.677733	0.971	0
0.35	5.45596	1	1	1	324.49236	67.134038	49.756801	0.971	0
0.45	5.45596	1	1	1	144.4948	112.75007	310.28358	0.971	0
0.55	5.45596	1	1	1	260.77945	127.69797	218.29577	0.971	0
0.65	5.45596	1	1	1	260.81956	127.70313	218.34218	0.971	0
0.75	5.45596	1	1	1	145.24996	119.83985	315.59719	0.971	0
0.85	5.45596	1	1	1	80.380822	52.163797	231.32999	0.971	0
0.95	5.45596	1	1	1	144.24614	119.57343	315.15773	0.971	0
1.05	5.45596	1	1	1	324.14973	60.452204	44.883795	0.971	0
1.15	5.45596	1	1	1	80.520051	52.236562	231.32827	0.971	0
1.25	5.45596	1	1	1	144.24614	119.57343	315.15773	0.971	0
1.35	5.45596	1	1	1	324.14973	60.452204	44.883795	0.971	0
1.45	5.45596	1	1	1	258.88582	126.09426	218.74612	0.971	0
1.55	5.45596	1	1	1	323.51145	59.687305	43.251438	0.971	0
1.65	5.45596	1	1	1	323.50916	59.808199	43.56943	0.971	0
1.75	5.45596	1	1	1	144.26275	122.21877	313.99634	0.971	0
1.85	5.45596	1	1	1	144.25015	122.22164	313.98087	0.971	0
1.95	5.45596	1	1	1	207.0721	54.040233	131.15806	0.971	0
2.05	5.45596	1	1	1	261.21089	127.09293	310.86914	0.971	0
2.15	5.45596	1	1	1	261.18109	127.066	40.831264	0.971	0
2.25	5.45596	1	1	1	143.67776	121.42809	135.0748	0.971	0
2.35	5.45596	1	1	1	261.11577	127.06084	310.74309	0.971	0
2.45	5.45596	1	1	1	143.68865	121.26996	314.74806	0.971	0
2.55	5.45596	1	1	1	86.799095	51.082052	314.08114	0.971	0
2.65	5.45596	1	1	1	85.559788	53.298826	227.18865	0.971	0
2.75	5.45596	1	1	1	85.747718	53.424877	226.92395	0.971	0
2.85	5.45596	1	1	1	85.970598	53.638017	226.35844	0.971	0
2.95	5.45596	1	1	1	326.14706	55.635921	45.6189	0.971	0
3.05	5.45596	1	1	1	86.115557	53.856887	225.49499	0.971	0
3.15	5.45596	1	1	1	206.93746	54.888211	134.02571	0.971	0
3.25	5.45596	1	1	1	325.99465	55.338556	45.637234	0.971	0
3.35	5.45596	1	1	1	260.88373	129.52112	219.15349	0.971	0
3.45	5.45596	1	1	1	260.8843	129.52112	219.15349	0.971	0
3.55	5.45596	1	1	1	260.88373	129.52112	219.15349	0.971	0
3.65	5.45596	1	1	1	260.88373	129.52112	219.15349	0.971	0
3.75	5.45596	1	1	1	332.4834	58.325385	50.404243	0.971	0
3.85	5.45596	1	1	1	81.587471	49.317915	320.76125	0.971	0
3.95	5.45596	1	1	1	323.51031	61.131732	47.89698	0.971	0
4.05	5.45596	1	1	1	323.27711	61.190174	48.035636	0.971	0
4.15	5.45596	1	1	1	323.17398	61.229135	48.09064	0.971	0
4.25	5.45596	1	1	1	323.14132	61.246896	48.145644	0.971	0
4.35	5.45596	1	1	1	323.21466	61.214238	48.102099	0.971	0
4.45	5.45596	1	1	1	323.19919	61.22054	48.087775	0.971	0
4.55	5.45596	1	1	1	332.18202	57.131914	50.73484	0.971	0
4.65	5.45596	1	1	1	32.721047	125.0383	57.062586	0.971	0
4.75	5.45596	1	1	1	261.16448	133.41437	217.78355	0.971	0
4.85	5.45596	1	1	1	219.68634	58.340282	127.68078	0.514	0
4.95	5.45596	1	1	1	32.721047	125.0383	57.062586	0.971	0
5.05	5.45596	1	1	1	261.16448	133.41437	217.78355	0.971	0
5.15	5.45596	1	1	1	320.41691	61.299036	48.239036	0.971	0
5.25	5.45596	1	1	1	51.46135	96.469477	8.7719838	0.971	0
5.35	5.45596	1	1	1	51.474528	96.546253	8.7857348	0.971	0
5.45	5.45596	1	1	1	50.936521	95.01531	9.5523524	0.971	0
5.55	5.45596	1	1	1	50.9285	94.99984	9.5534983	0.971	0
5.65	5.45596	1	1	1	50.939959	95.039374	9.5254233	0.971	0
5.75	5.45596	1	1	1	348.7766	10.739521	331.75173	0.971	0
5.85	5.45596	1	1	1	50.902716	94.929939	9.6067834	0.971	0
5.95	5.45596	1	1	1	50.902143	94.920199	9.597616	0.971	0
6.05	5.45596	1	1	1	347.70975	10.769315	332.77389	0.971	0
6.15	5.45596	1	1	1	50.902716	94.929939	9.6067834	0.971	0
6.25	5.45596	1	1	1	50.902143	94.920199	9.597616	0.971	0
6.35	5.45596	1	1	1	242.5359	109.08142	245.8327	0.114	0
6.45	5.45596	1	1	1	320.34128	5.7307239	357.41623	0.343	0
6.55	5.45596	1	1	1	333.42248	6.760902	344.67021	0.343	0
6.65	5.45596	1	1	1	137.11109	84.814942	0.79984908	0.343	0
6.75	5.45596	1	1	1	345.20249	9.6319935	334.02236	0.971	0
6.85	5.45596	1	1	1	164.90871	170.37187	115.69393	0.971	0
6.95	5.45596	1	1	1	164.77636	170.369	115.56215	0.971	0
7.05	5.45596	1	1	1	344.98935	9.6297017	334.22863	0.971	0
7.15	5.45596	1	1	1	165.15451	170.38218	115.94317	0.971	0
7.25	5.45596	1	1	1	165.25134	170.52026	115.91108	0.971	0
7.35	5.45596	1	1	1	171.59742	171.89479	121.75812	0.971	0
7.45	5.45596	1	1	1	50.101721	94.253849	6.8703369	0.971	0
7.55	5.45596	1	1	1	171.75327	171.93661	121.9025	0.971	0
7.65	5.45596	1	1	1	171.71832	171.92573	31.872496	0.971	0
7.75	5.45596	1	1	1	50.101721	94.253849	6.8703369	0.971	0
7.85	5.45596	1	1	1	171.75327	171.93661	121.9025	0.971	0
7.95	5.45596	1	1	1	171.71832	171.92573	31.872496	0.971	0
8.05	5.45596	1	1	1	138.67355	82.571813	94.139258	0.971	0
8.15	5.45596	1	1	1	138.62141	82.604471	94.116912	0.971	0
8.25	5.45596	1	1	1	138.60136	82.625098	274.09556	0.971	0
8.35	5.45596	1	1	1	138.61912	82.607336	274.11733	0.971	0
8.45	5.45596	1	1	1	138.59849	82.631973	274.08811	0.971	0
8.55	5.45596	1	1	1	49.154622	94.084254	7.4180846	0.971	0
8.65	5.45596	1	1	1	229.14989	85.91674	82.588428	0.971	0
8.75	5.45596	1	1	1	138.54979	82.663486	274.12707	0.971	0
8.85	5.45596	1	1	1	228.59412	85.857153	83.0382	0.971	0
8.95	5.45596	1	1	1	45.773598	94.071649	6.8548671	0.971	0
9.05	5.45596	1	1	1	225.76084	85.918459	83.139614	0.971	0
9.15	5.45596	1	1	1	45.770733	94.078524	6.8594507	0.971	0
9.25	5.45596	1	1	1	225.76371	85.919032	83.139614	0.971	0
9.35	5.45596	1	1	1	45.8011	94.051595	6.8336676	0.971	0
9.45	5.45596	1	1	1	225.77173	85.926481	83.147635	0.971	0
9.55	5.45596	1	1	1	225.75683	84.926096	82.190223	0.971	0
9.65	5.45596	1	1	1	45.74094	95.072606	277.80374	0.971	0
9.75	5.45596	1	1	1	225.75683	84.927242	82.18965	0.971	0
9.85	5.45596	1	1	1	47.903855	98.832928	9.3386391	0.971	0
9.95	5.45596	1	1	1	47.72853	98.928612	9.1518549	0.971	0
0	5.5425626	1	1	1	87.053489	49.744196	320.33612	0.343	0
0.1	5.5425626	1	1	1	324.48491	67.321395	49.714402	0.971	0
0.2	5.5425626	1	1	1	324.48834	67.342021	49.686327	0.971	0
0.3	5.5425626	1	1	1	324.51012	67.301914	49.669711	0.971	0
0.4	5.5425626	1	1	1	145.99824	117.15096	314.87469	0.971	0
0.5	5.5425626	1	1	1	145.9312	117.15039	314.84031	0.971	0
0.6	5.5425626	1	1	1	260.95649	127.58968	218.4774	0.971	0
0.7	5.5425626	1	1	1	261.08484	127.48597	218.61548	0.971	0
0.8	5.5425626	1	1	1	144.13613	121.43669	317.3682	0.971	0
0.9	5.5425626	1	1	1	80.68449	52.332819	231.29905	0.971	0
1	5.5425626	1	1	1	144.38536	119.60952	315.21789	0.971	0
1.1	5.5425626	1	1	1	324.27005	60.327299	44.639142	0.971	0
1.2	5.5425626	1	1	1	144.21004	119.68458	315.368	0.971	0
1.3	5.5425626	1	1	1	78.916342	53.662654	321.23796	0.971	0
1.4	5.5425626	1	1	1	143.47837	120.2902	316.67263	0.971	0
1.5	5.5425626	1	1	1	323.59224	59.643761	43.078978	0.971	0
1.6	5.5425626	1	1	1	323.53723	59.644906	43.074967	0.971	0
1.7	5.5425626	1	1	1	143.47837	120.2902	316.67263	0.971	0
1.8	5.5425626	1	1	1	143.88002	121.55586	134.07843	0.971	0
1.9	5.5425626	1	1	1	143.66057	121.4596	135.01521	0.971	0
2	5.5425626	1	1	1	261.23266	127.09579	310.89779	0.971	0
2.1	5.5425626	1	1	1	143.66974	121.43439	315.05402	0.971	0
2.2	5.5425626	1	1	1	143.68063	121.44012	135.06964	0.971	0
2.3	5.5425626	1	1	1	261.15817	127.05225	310.8021	0.971	0
2.4	5.5425626	1	1	1	143.68578	121.38741	135.09485	0.971	0
2.5	5.5425626	1	1	1	326.60943	56.927368	45.448158	0.971	0
2.6	5.5425626	1	1	1	85.468114	53.230644	227.36741	0.971	0
2.7	5.5425626	1	1	1	85.76949	53.446649	226.82024	0.971	0
2.8	5.5425626	1	1	1	85.926481	53.585878	226.53834	0.971	0
2.9	5.5425626	1	1	1	266.13489	126.12864	44.446055	0.971	0
3	5.5425626	1	1	1	86.159101	53.940539	225.37925	0.971	0
3.1	5.5425626	1	1	1	322.06301	60.551899	46.359161	0.971	0
3.2	5.5425626	1	1	1	322.08135	60.582838	46.379788	0.971	0
3.3	5.5425626	1	1	1	260.88487	129.51997	219.19532	0.971	0
3.4	5.5425626	1	1	1	260.88659	129.51997	219.15578	0.971	0
3.5	5.5425626	1	1	1	323.6736	60.899684	46.709811	0.971	0
3.6	5.5425626	1	1	1	323.62719	60.932343	46.658818	0.971	0
3.7	5.5425626	1	1	1	260.87571	129.50909	219.13287	0.971	0
3.8	5.5425626	1	1	1	319.60674	65.536059	49.029144	0.114	0
3.9	5.5425626	1	1	1	81.490068	49.367763	320.56931	0.971	0
4	5.5425626	1	1	1	323.55328	61.108241	47.867759	0.971	0
4.1	5.5425626	1	1	1	323.16539	61.232573	48.124444	0.971	0
4.2	5.5425626	1	1	1	323.15564	61.238302	48.107255	0.971	0
4.3	5.5425626	1	1	1	323.19174	61.227416	48.120433	0.971	0
4.4	5.5425626	1	1	1	323.22096	61.207935	48.080899	0.971	0
4.5	5.5425626	1	1	1	322.85198	61.317943	48.175437	0.971	0
4.6	5.5425626	1	1	1	17.523341	12.21546	217.65635	0.114	0
4.7	5.5425626	1	1	1	32.719901	125.04288	57.060867	0.971	0
4.8	5.5425626	1	1	1	261.09801	133.43328	217.73026	0.971	0
4.9	5.5425626	1	1	1	260.87972	133.5324	217.55494	0.971	0
5	5.5425626	1	1	1	32.738235	125.10362	57.250516	0.971	0
5.1	5.5425626	1	1	1	320.36305	61.315078	48.218982	0.971	0
5.2	5.5425626	1	1	1	320.504	61.27669	48.276278	0.971	0
5.3	5.5425626	1	1	1	320.78646	61.163245	48.373681	0.971	0
5.4	5.5425626	1	1	1	77.051364	49.257182	321.23681	0.971	0
5.5	5.5425626	1	1	1	76.854267	49.258328	321.34109	0.971	0
5.6	5.5425626	1	1	1	311.10921	63.334182	222.38268	0.971	0
5.7	5.5425626	1	1	1	349.05276	10.708581	331.47327	0.971	0
5.8	5.5425626	1	1	1	243.33575	127.01901	214.2146	0.971	0
5.9	5.5425626	1	1	1	63.333609	52.981407	235.78474	0.971	0
6	5.5425626	1	1	1	243.3346	127.01901	214.21517	0.971	0
6.1	5.5425626	1	1	1	243.33575	127.01901	214.2146	0.971	0
6.2	5.5425626	1	1	1	63.333609	52.981407	235.78474	0.971	0
6.3	5.5425626	1	1	1	243.33403	127.01844	214.21631	0.971	0
6.4	5.5425626	1	1	1	243.39648	128.13342	213.27323	0.971	0
6.5	5.5425626	1	1	1	48.728915	93.080432	277.49263	0.343	0
6.6	5.5425626	1	1	1	137.10765	84.822964	0.81245415	0.343	0
6.7	5.5425626	1	1	1	344.86502	9.6285557	334.34895	0.971	0
6.8	5.5425626	1	1	1	344.90799	9.6268369	334.30426	0.971	0
6.9	5.5425626	1	1	1	164.77693	170.369	115.56272	0.971	0
7	5.5425626	1	1	1	164.77693	170.369	115.56272	0.971	0
7.1	5.5425626	1	1	1	165.03935	170.37759	115.828	0.971	0
7.2	5.5425626	1	1	1	164.90757	170.37301	115.69508	0.971	0
7.3	5.5425626	1	1	1	165.19634	170.54375	25.831229	0.971	0
7.4	5.5425626	1	1	1	171.68508	171.91484	121.83948	0.971	0
7.5	5.5425626	1	1	1	171.58138	171.88218	31.750456	0.971	0
7.6	5.5425626	1	1	1	171.81629	171.9538	31.956148	0.971	0
7.7	5.5425626	1	1	1	139.59887	83.169408	4.2782759	0.971	0
7.8	5.5425626	1	1	1	171.70743	171.92172	31.862183	0.971	0
7.9	5.5425626	1	1	1	171.76816	171.93948	31.916614	0.971	0
8	5.5425626	1	1	1	50.105732	94.248693	6.842262	0.971	0
8.1	5.5425626	1	1	1	138.61453	82.613066	94.107172	0.971	0
8.2	5.5425626	1	1	1	138.61625	82.610201	274.10759	0.971	0
8.3	5.5425626	1	1	1	49.101337	94.034979	7.3728209	0.971	0
8.4	5.5425626	1	1	1	47.569821	89.181454	5.0815627	0.971	0
8.5	5.5425626	1	1	1	49.113942	94.047011	7.3814153	0.971	0
8.6	5.5425626	1	1	1	49.070397	94.026958	7.3510485	0.971	0
8.7	5.5425626	1	1	1	138.60078	82.623379	274.10358	0.971	0
8.8	5.5425626	1	1	1	315.32961	97.230938	86.524076	0.971	0
8.9	5.5425626	1	1	1	341.14194	8.0305765	334.38676	0.971	0
9	5.5425626	1	1	1	315.31185	97.216614	86.510325	0.971	0
9.1	5.5425626	1	1	1	225.76485	85.925335	83.145916	0.971	0
9.2	5.5425626	1	1	1	225.77173	85.928772	83.148781	0.971	0
9.3	5.5425626	1	1	1	225.75397	85.917886	83.138468	0.971	0
9.4	5.5425626	1	1	1	225.76657	85.923616	83.146489	0.971	0
9.5	5.5425626	1	1	1	45.746669	95.085211	277.80489	0.971	0
9.6	5.5425626	1	1	1	135.05188	82.226319	275.13376	0.971	0
9.7	5.5425626	1	1	1	168.66216	170.69444	33.267076	0.971	0
9.8	5.5425626	1	1	1	168.6994	170.69329	33.298015	0.971	0
9.9	5.5425626	1	1	1	168.64382	170.69329	33.243011	0.971	0
0.05	5.6291651	1	1	1	87.054061	49.743623	320.33325	0.343	0
0.15	5.6291651	1	1	1	324.48777	67.343167	49.6869	0.971	0
0.25	5.6291651	1	1	1	324.48777	67.343167	49.6869	0.971	0
0.35	5.6291651	1	1	1	146.0034	117.15497	314.88156	0.971	0
0.45	5.6291651	1	1	1	145.99366	117.14638	314.86724	0.971	0
0.55	5.6291651	1	1	1	145.97761	117.17445	314.90276	0.971	0
0.65	5.6291651	1	1	1	144.12066	121.76499	317.39685	0.971	0
0.75	5.6291651	1	1	1	144.09946	121.94605	317.47992	0.971	0
0.85	5.6291651	1	1	1	259.63411	125.53391	309.33648	0.971	0
0.95	5.6291651	1	1	1	324.05404	59.137839	42.036768	0.971	0
1.05	5.6291651	1	1	1	78.802896	54.922015	231.2578	0.971	0
1.15	5.6291651	1	1	1	324.04201	60.343342	44.684978	0.971	0
1.25	5.6291651	1	1	1	324.03284	59.247274	41.873475	0.971	0
1.35	5.6291651	1	1	1	258.8652	126.09369	218.70888	0.971	0
1.45	5.6291651	1	1	1	323.78303	59.648917	42.99418	0.971	0
1.55	5.6291651	1	1	1	323.76756	59.486197	42.582796	0.971	0
1.65	5.6291651	1	1	1	203.15078	52.544241	125.65652	0.971	0
1.75	5.6291651	1	1	1	143.8422	121.57706	134.20104	0.971	0
1.85	5.6291651	1	1	1	143.87028	121.58909	134.21594	0.971	0
1.95	5.6291651	1	1	1	261.17192	127.05225	310.81471	0.971	0
2.05	5.6291651	1	1	1	71.355018	51.394887	230.77766	0.971	0
2.15	5.6291651	1	1	1	143.68349	121.43382	135.07652	0.971	0
2.25	5.6291651	1	1	1	261.17192	127.05225	310.81471	0.971	0
2.35	5.6291651	1	1	1	143.68235	121.43669	135.07423	0.971	0
2.45	5.6291651	1	1	1	143.68349	121.43382	135.07652	0.971	0
2.55	5.6291651	1	1	1	85.750582	53.442065	226.83227	0.971	0
2.65	5.6291651	1	1	1	85.855434	53.525144	226.61799	0.971	0
2.75	5.6291651	1	1	1	86.050239	53.742295	226.00263	0.971	0
2.85	5.6291651	1	1	1	141.76924	122.67198	319.9637	0.971	0
2.95	5.6291651	1	1	1	141.76924	122.67198	319.9637	0.971	0
3.05	5.6291651	1	1	1	322.06301	60.551899	46.359161	0.971	0
3.15	5.6291651	1	1	1	321.88884	60.610913	46.265769	0.971	0
3.25	5.6291651	1	1	1	321.92379	60.597735	46.292125	0.971	0
3.35	5.6291651	1	1	1	260.85393	129.47586	219.02114	0.971	0
3.45	5.6291651	1	1	1	274.36657	80.65355	258.07566	0.257	0
3.55	5.6291651	1	1	1	323.56817	60.896819	46.704655	0.971	0
3.65	5.6291651	1	1	1	250.50632	129.78525	214.96231	0.971	0
3.75	5.6291651	1	1	1	250.50574	129.78525	214.96173	0.971	0
3.85	5.6291651	1	1	1	250.51319	129.79843	214.96632	0.971	0
3.95	5.6291651	1	1	1	250.50632	129.78525	214.96231	0.971	0
4.05	5.6291651	1	1	1	250.50517	129.78583	214.96173	0.971	0
4.15	5.6291651	1	1	1	250.51319	129.79843	214.96632	0.971	0
4.25	5.6291651	1	1	1	250.54184	129.83625	214.97778	0.971	0
4.35	5.6291651	1	1	1	250.65414	129.9262	215.02419	0.971	0
4.45	5.6291651	1	1	1	75.412705	47.404809	323.22956	0.971	0
4.55	5.6291651	1	1	1	75.576571	47.278758	323.20778	0.971	0
4.65	5.6291651	1	1	1	255.42287	132.6827	306.70431	0.971	0
4.75	5.6291651	1	1	1	32.727922	125.10304	57.256818	0.971	0
4.85	5.6291651	1	1	1	261.02811	133.46593	217.67354	0.971	0
4.95	5.6291651	1	1	1	199.60131	49.690338	125.03314	0.971	0
5.05	5.6291651	1	1	1	32.727922	125.10304	57.256818	0.971	0
5.15	5.6291651	1	1	1	320.03245	61.464047	228.08361	0.971	0
5.25	5.6291651	1	1	1	320.64552	61.219967	48.324979	0.971	0
5.35	5.6291651	1	1	1	314.16651	64.893773	43.474892	0.971	0
5.45	5.6291651	1	1	1	76.854267	49.258328	321.34109	0.971	0
5.55	5.6291651	1	1	1	314.2473	64.702405	43.783143	0.971	0
5.65	5.6291651	1	1	1	311.73144	63.49461	222.82443	0.971	0
5.75	5.6291651	1	1	1	313.30937	63.059735	44.175619	0.971	0
5.85	5.6291651	1	1	1	243.35179	127.02302	214.20829	0.971	0
5.95	5.6291651	1	1	1	63.319858	52.985991	235.78703	0.971	0
6.05	5.6291651	1	1	1	243.34033	127.02188	214.21402	0.971	0
6.15	5.6291651	1	1	1	243.33632	127.01959	214.21689	0.971	0
6.25	5.6291651	1	1	1	63.321577	52.983126	235.77041	0.971	0
6.35	5.6291651	1	1	1	311.37334	64.541977	223.2679	0.971	0
6.45	5.6291651	1	1	1	194.67502	54.549593	133.7908	0.257	0
6.55	5.6291651	1	1	1	194.67502	54.549593	133.7908	0.257	0
6.65	5.6291651	1	1	1	73.368965	53.934236	226.18426	0.257	0
6.75	5.6291651	1	1	1	320.56015	57.011019	41.078209	0.971	0
6.85	5.6291651	1	1	1	320.56015	57.011019	41.078209	0.971	0
6.95	5.6291651	1	1	1	164.77693	170.369	115.56272	0.971	0
7.05	5.6291651	1	1	1	164.77693	170.369	115.56272	0.971	0
7.15	5.6291651	1	1	1	66.93694	53.202569	148.5141	0.971	0
7.25	5.6291651	1	1	1	66.93694	53.202569	148.5141	0.971	0
7.35	5.6291651	1	1	1	164.84569	170.39822	115.60684	0.971	0
7.45	5.6291651	1	1	1	171.72519	171.93088	31.875934	0.971	0
7.55	5.6291651	1	1	1	171.73837	171.93146	31.889112	0.971	0
7.65	5.6291651	1	1	1	139.59945	83.174564	4.2788488	0.971	0
7.75	5.6291651	1	1	1	171.74295	171.93547	121.89505	0.971	0
7.85	5.6291651	1	1	1	171.73837	171.93146	31.889112	0.971	0
7.95	5.6291651	1	1	1	180.81402	171.21354	41.272442	0.971	0
8.05	5.6291651	1	1	1	180.88106	171.18661	41.367553	0.971	0
8.15	5.6291651	1	1	1	180.53556	171.21984	41.026643	0.971	0
8.25	5.6291651	1	1	1	49.127693	94.060762	7.3911556	0.971	0
8.35	5.6291651	1	1	1	47.574978	89.245625	5.0976055	0.971	0
8.45	5.6291651	1	1	1	126.96573	174.86328	349.3656	0.971	0
8.55	5.6291651	1	1	1	47.5618	89.143066	5.0746872	0.971	0
8.65	5.6291651	1	1	1	135.38821	82.807298	273.43895	0.971	0
8.75	5.6291651	1	1	1	315.30841	97.242397	86.510325	0.971	0
8.85	5.6291651	1	1	1	341.08636	8.0414627	334.44291	0.971	0
8.95	5.6291651	1	1	1	341.11673	8.036879	334.41197	0.971	0
9.05	5.6291651	1	1	1	45.738648	93.473481	7.1992147	0.971	0
9.15	5.6291651	1	1	1	341.34591	7.9910424	334.17534	0.971	0
9.25	5.6291651	1	1	1	225.76485	85.924189	83.146489	0.971	0
9.35	5.6291651	1	1	1	225.766	85.921897	83.145916	0.971	0
9.45	5.6291651	1	1	1	45.73521	95.068022	277.8026	0.971	0
9.55	5.6291651	1	1	1	45.742659	95.088649	277.80145	0.971	0
9.65	5.6291651	1	1	1	168.66502	170.69501	33.271086	0.971	0
9.75	5.6291651	1	1	1	168.67992	170.69444	33.284837	0.971	0
9.85	5.6291651	1	1	1	168.72977	170.69272	33.32609	0.971	0
9.95	5.6291651	1	1	1	168.72289	170.69215	33.319215	0.971	0
0	5.7157677	1	1	1	87.054061	49.744196	320.33497	0.343	0
0.1	5.7157677	1	1	1	87.053489	49.744196	320.33669	0.343	0
0.2	5.7157677	1	1	1	322.36382	58.445706	47.980632	0.371	0
0.3	5.7157677	1	1	1	145.99366	117.14638	314.86724	0.971	0
0.4	5.7157677	1	1	1	146.0034	117.15497	314.88156	0.971	0
0.5	5.7157677	1	1	1	145.99824	117.15096	314.87469	0.971	0
0.6	5.7157677	1	1	1	79.709316	54.65559	230.40409	0.971	0
0.7	5.7157677	1	1	1	79.919591	54.928891	229.90734	0.971	0
0.8	5.7157677	1	1	1	259.91829	125.74304	309.48487	0.971	0
0.9	5.7157677	1	1	1	324.05003	59.1768	41.972596	0.971	0
1	5.7157677	1	1	1	78.72039	54.985614	231.32827	0.971	0
1.1	5.7157677	1	1	1	197.54611	50.322883	128.25947	0.971	0
1.2	5.7157677	1	1	1	315.56338	59.855755	44.973749	0.971	0
1.3	5.7157677	1	1	1	78.72039	54.985614	231.32827	0.971	0
1.4	5.7157677	1	1	1	137.29558	117.62136	313.74997	0.971	0
1.5	5.7157677	1	1	1	203.12099	52.612995	125.68631	0.971	0
1.6	5.7157677	1	1	1	203.12271	52.577472	125.67314	0.971	0
1.7	5.7157677	1	1	1	203.1525	52.593515	125.65595	0.971	0
1.8	5.7157677	1	1	1	143.821	121.62977	134.54252	0.971	0
1.9	5.7157677	1	1	1	241.39399	61.45488	28.615231	0.114	0
2	5.7157677	1	1	1	71.396844	51.293474	230.99309	0.971	0
2.1	5.7157677	1	1	1	71.349861	51.430411	230.69286	0.971	0
2.2	5.7157677	1	1	1	71.369342	51.343321	230.89454	0.971	0
2.3	5.7157677	1	1	1	195.59805	50.557796	315.43676	0.971	0
2.4	5.7157677	1	1	1	195.59404	50.558369	315.43733	0.971	0
2.5	5.7157677	1	1	1	195.59519	50.558369	315.43733	0.971	0
2.6	5.7157677	1	1	1	195.59805	50.557796	315.43676	0.971	0
2.7	5.7157677	1	1	1	195.60034	50.557223	315.43733	0.971	0
2.8	5.7157677	1	1	1	141.74116	122.69547	319.96312	0.971	0
2.9	5.7157677	1	1	1	197.16967	50.102867	314.37507	0.971	0
3	5.7157677	1	1	1	141.5498	122.52187	319.82905	0.971	0
3.1	5.7157677	1	1	1	139.87791	119.32591	318.64303	0.971	0
3.2	5.7157677	1	1	1	321.97592	60.581692	46.312179	0.971	0
3.3	5.7157677	1	1	1	260.92269	129.50164	219.0939	0.971	0
3.4	5.7157677	1	1	1	70.526521	50.254701	325.02406	0.971	0
3.5	5.7157677	1	1	1	70.547147	50.289079	325.01833	0.971	0
3.6	5.7157677	1	1	1	250.51376	129.76348	214.97778	0.971	0
3.7	5.7157677	1	1	1	250.50746	129.78296	214.96173	0.971	0
3.8	5.7157677	1	1	1	250.51204	129.78353	214.96746	0.971	0
3.9	5.7157677	1	1	1	250.5023	129.79156	214.96345	0.971	0
4	5.7157677	1	1	1	250.48111	129.79614	214.94684	0.971	0
4.1	5.7157677	1	1	1	250.51434	129.83166	214.96746	0.971	0
4.2	5.7157677	1	1	1	250.72862	130.03736	215.04768	0.971	0
4.3	5.7157677	1	1	1	250.91541	130.15768	215.12101	0.971	0
4.4	5.7157677	1	1	1	255.32546	132.57613	216.71957	0.971	0
4.5	5.7157677	1	1	1	75.405257	47.36241	323.26852	0.971	0
4.6	5.7157677	1	1	1	255.33062	132.60363	216.70066	0.971	0
4.7	5.7157677	1	1	1	255.34666	132.61681	306.69858	0.971	0
4.8	5.7157677	1	1	1	199.60589	49.687473	125.03028	0.971	0
4.9	5.7157677	1	1	1	199.57037	49.694921	125.03429	0.971	0
5	5.7157677	1	1	1	199.64485	49.679452	125.02627	0.971	0
5.1	5.7157677	1	1	1	199.60589	49.687473	125.03028	0.971	0
5.2	5.7157677	1	1	1	66.494617	51.333581	236.78398	0.971	0
5.3	5.7157677	1	1	1	248.0277	105.22828	190.48899	0.114	0
5.4	5.7157677	1	1	1	314.24844	64.734491	43.677146	0.971	0
5.5	5.7157677	1	1	1	66.494617	51.333581	236.78398	0.971	0
5.6	5.7157677	1	1	1	314.26334	64.606148	43.852471	0.971	0
5.7	5.7157677	1	1	1	313.28072	63.044838	44.125199	0.971	0
5.8	5.7157677	1	1	1	67.012571	51.643551	234.68294	0.971	0
5.9	5.7157677	1	1	1	63.326733	52.980261	235.78015	0.971	0
6	5.7157677	1	1	1	63.327306	52.982553	235.78932	0.971	0
6.1	5.7157677	1	1	1	243.33861	127.02188	214.21689	0.971	0
6.2	5.7157677	1	1	1	243.32658	127.01844	214.23007	0.971	0
6.3	5.7157677	1	1	1	311.36303	64.51161	223.24326	0.971	0
6.4	5.7157677	1	1	1	311.30745	64.325972	223.10404	0.971	0
6.5	5.7157677	1	1	1	194.67502	54.549593	133.7908	0.257	0
6.6	5.7157677	1	1	1	73.368965	53.934236	226.18426	0.257	0
6.7	5.7157677	1	1	1	73.368965	53.934236	226.18426	0.257	0
6.8	5.7157677	1	1	1	320.56015	57.011019	41.078209	0.971	0
6.9	5.7157677	1	1	1	320.56015	57.011019	41.078209	0.971	0
7	5.7157677	1	1	1	66.918033	53.108031	148.584	0.971	0
7.1	5.7157677	1	1	1	66.93694	53.202569	148.5141	0.971	0
7.2	5.7157677	1	1	1	66.93694	53.202569	148.5141	0.971	0
7.3	5.7157677	1	1	1	136.76331	114.46551	318.51411	0.971	0
7.4	5.7157677	1	1	1	66.91746	53.107458	148.58457	0.971	0
7.5	5.7157677	1	1	1	17.653403	137.01082	58.92298	0.971	0
7.6	5.7157677	1	1	1	17.653403	137.01082	58.92298	0.971	0
7.7	5.7157677	1	1	1	17.653403	137.01082	58.92298	0.971	0
7.8	5.7157677	1	1	1	17.653403	137.01082	58.92298	0.971	0
7.9	5.7157677	1	1	1	1.0009573	8.824123	318.50609	0.971	0
8	5.7157677	1	1	1	1.8019523	8.9003264	317.68676	0.971	0
8.1	5.7157677	1	1	1	1.5154734	8.8934509	317.9423	0.971	0
8.2	5.7157677	1	1	1	1.0009573	8.824123	318.50609	0.971	0
8.3	5.7157677	1	1	1	126.96573	174.86328	349.3656	0.971	0
8.4	5.7157677	1	1	1	126.96516	174.86328	349.3656	0.971	0
8.5	5.7157677	1	1	1	127.19319	174.86156	349.59478	0.971	0
8.6	5.7157677	1	1	1	127.11699	174.86214	349.51801	0.971	0
8.7	5.7157677	1	1	1	135.36873	82.789537	273.44984	0.971	0
8.8	5.7157677	1	1	1	341.09438	8.0408897	334.43432	0.971	0
8.9	5.7157677	1	1	1	341.08292	8.0426086	334.44635	0.971	0
9	5.7157677	1	1	1	341.09209	8.0414627	334.43661	0.971	0
9.1	5.7157677	1	1	1	341.12016	8.036879	334.40796	0.971	0
9.2	5.7157677	1	1	1	346.49508	8.7398982	328.6887	0.971	0
9.3	5.7157677	1	1	1	345.44084	8.7490655	329.69653	0.971	0
9.4	5.7157677	1	1	1	345.75883	8.6894779	329.38484	0.971	0
9.5	5.7157677	1	1	1	348.5881	9.2956673	326.80023	0.971	0
9.6	5.7157677	1	1	1	168.61575	170.69444	33.213217	0.971	0
9.7	5.7157677	1	1	1	168.69596	170.69501	33.300307	0.971	0
9.8	5.7157677	1	1	1	168.67877	170.69444	33.281972	0.971	0
9.9	5.7157677	1	1	1	168.6507	170.69329	33.244157	0.971	0
0.05	5.8023702	1	1	1	322.36382	58.445706	47.980632	0.371	0
0.15	5.8023702	1	1	1	322.36382	58.445706	47.980632	0.371	0
0.25	5.8023702	1	1	1	322.36382	58.445706	47.980632	0.371	0
0.35	5.8023702	1	1	1	261.92708	89.906818	137.17927	0.029	0
0.45	5.8023702	1	1	1	198.44393	49.690338	126.21802	0.971	0
0.55	5.8023702	1	1	1	198.44393	49.690338	126.21745	0.971	0
0.65	5.8023702	1	1	1	198.44393	49.690338	126.21802	0.971	0
0.75	5.8023702	1	1	1	259.55962	125.71095	309.09125	0.971	0
0.85	5.8023702	1	1	1	198.4044	49.697213	126.27589	0.971	0
0.95	5.8023702	1	1	1	198.26345	49.716694	126.49934	0.971	0
1.05	5.8023702	1	1	1	70.637675	53.281064	321.11477	0.971	0
1.15	5.8023702	1	1	1	71.534354	52.729879	320.82027	0.971	0
1.25	5.8023702	1	1	1	315.63443	59.886695	45.071725	0.971	0
1.35	5.8023702	1	1	1	137.45716	117.69298	313.813	0.971	0
1.45	5.8023702	1	1	1	137.1873	117.5738	313.70814	0.971	0
1.55	5.8023702	1	1	1	203.33241	52.207341	125.85476	0.971	0
1.65	5.8023702	1	1	1	203.125	52.608985	125.68345	0.971	0
1.75	5.8023702	1	1	1	203.15307	52.610131	125.66053	0.971	0
1.85	5.8023702	1	1	1	203.15193	52.459443	125.68689	0.971	0
1.95	5.8023702	1	1	1	134.47778	119.42159	314.16193	0.971	0
2.05	5.8023702	1	1	1	71.340694	51.397752	230.79026	0.971	0
2.15	5.8023702	1	1	1	70.672052	56.297687	322.78952	0.971	0
2.25	5.8023702	1	1	1	253.51893	122.8284	220.88096	0.971	0
2.35	5.8023702	1	1	1	195.57399	50.560661	315.43561	0.971	0
2.45	5.8023702	1	1	1	195.60034	50.557223	315.43733	0.971	0
2.55	5.8023702	1	1	1	195.62727	50.550347	315.43389	0.971	0
2.65	5.8023702	1	1	1	195.63472	50.55092	315.43561	0.971	0
2.75	5.8023702	1	1	1	138.89586	122.85762	319.72191	0.971	0
2.85	5.8023702	1	1	1	196.09251	50.233502	315.1159	0.971	0
2.95	5.8023702	1	1	1	196.34805	50.222616	314.94688	0.971	0
3.05	5.8023702	1	1	1	139.27745	122.29727	319.48413	0.971	0
3.15	5.8023702	1	1	1	201.79688	48.859549	129.1401	0.971	0
3.25	5.8023702	1	1	1	316.90066	64.191327	45.043077	0.971	0
3.35	5.8023702	1	1	1	70.363228	50.412265	325.64056	0.971	0
3.45	5.8023702	1	1	1	70.555169	50.297673	325.01031	0.971	0
3.55	5.8023702	1	1	1	70.533969	50.26616	325.01088	0.971	0
3.65	5.8023702	1	1	1	250.51376	129.76692	214.97205	0.971	0
3.75	5.8023702	1	1	1	250.51319	129.78239	214.96746	0.971	0
3.85	5.8023702	1	1	1	250.50689	129.78984	214.96804	0.971	0
3.95	5.8023702	1	1	1	250.47939	129.80015	214.94855	0.971	0
4.05	5.8023702	1	1	1	250.48798	129.79671	214.95658	0.971	0
4.15	5.8023702	1	1	1	250.46105	129.81276	214.9348	0.971	0
4.25	5.8023702	1	1	1	316.3426	64.035482	45.465347	0.971	0
4.35	5.8023702	1	1	1	250.34646	129.85458	214.80245	0.971	0
4.45	5.8023702	1	1	1	134.08759	115.93916	316.01315	0.971	0
4.55	5.8023702	1	1	1	314.0141	64.042358	43.984251	0.971	0
4.65	5.8023702	1	1	1	313.99061	64.03892	43.985397	0.971	0
4.75	5.8023702	1	1	1	199.61964	49.686327	125.03314	0.971	0
4.85	5.8023702	1	1	1	199.58698	49.69263	125.03257	0.971	0
4.95	5.8023702	1	1	1	313.99061	64.03892	43.985397	0.971	0
5.05	5.8023702	1	1	1	199.6311	49.680597	125.02569	0.971	0
5.15	5.8023702	1	1	1	199.60876	49.685181	125.02741	0.971	0
5.25	5.8023702	1	1	1	314.13213	64.982581	43.367176	0.971	0
5.35	5.8023702	1	1	1	314.13213	64.980862	43.366603	0.971	0
5.45	5.8023702	1	1	1	200.02587	49.146028	124.42351	0.971	0
5.55	5.8023702	1	1	1	313.26983	63.033952	44.103999	0.971	0
5.65	5.8023702	1	1	1	313.27441	63.043692	44.11374	0.971	0
5.75	5.8023702	1	1	1	66.929492	51.714025	234.6944	0.971	0
5.85	5.8023702	1	1	1	313.26983	63.033952	44.103999	0.971	0
5.95	5.8023702	1	1	1	313.27441	63.043692	44.11374	0.971	0
6.05	5.8023702	1	1	1	63.329025	52.981407	235.78646	0.971	0
6.15	5.8023702	1	1	1	243.33002	127.02073	214.22835	0.971	0
6.25	5.8023702	1	1	1	243.41997	128.0681	213.36719	0.971	0
6.35	5.8023702	1	1	1	63.439033	51.891642	236.64876	0.971	0
6.45	5.8023702	1	1	1	243.38159	127.90251	213.46001	0.971	0
6.55	5.8023702	1	1	1	281.10169	26.849375	120.40192	0.2	0
6.65	5.8023702	1	1	1	253.33558	126.0977	223.76752	0.257	0
6.75	5.8023702	1	1	1	198.095	47.692434	129.71134	0.971	0
6.85	5.8023702	1	1	1	320.55556	57.013311	41.071907	0.971	0
6.95	5.8023702	1	1	1	201.54192	47.203128	124.9111	0.971	0
7.05	5.8023702	1	1	1	66.939805	53.151003	148.53931	0.971	0
7.15	5.8023702	1	1	1	66.943243	53.200277	148.50951	0.971	0
7.25	5.8023702	1	1	1	66.79542	52.746495	328.83767	0.971	0
7.35	5.8023702	1	1	1	66.787971	52.80379	148.80344	0.971	0
7.45	5.8023702	1	1	1	66.820057	52.890307	148.74729	0.971	0
7.55	5.8023702	1	1	1	18.6853	137.01197	59.758925	0.971	0
7.65	5.8023702	1	1	1	17.639652	137.00968	58.916104	0.971	0
7.75	5.8023702	1	1	1	17.651111	137.01197	58.916104	0.971	0
7.85	5.8023702	1	1	1	237.11858	125.29097	205.97489	0.971	0
7.95	5.8023702	1	1	1	17.421355	137.07614	58.692651	0.971	0
8.05	5.8023702	1	1	1	177.97043	171.4771	38.325147	0.971	0
8.15	5.8023702	1	1	1	60.013891	59.307434	237.72764	0.971	0
8.25	5.8023702	1	1	1	60.009881	59.255868	237.59643	0.971	0
8.35	5.8023702	1	1	1	188.65151	44.136085	132.18194	0.971	0
8.45	5.8023702	1	1	1	188.6538	44.137804	132.18136	0.971	0
8.55	5.8023702	1	1	1	188.65151	44.136085	132.18194	0.971	0
8.65	5.8023702	1	1	1	188.6538	44.137804	132.18136	0.971	0
8.75	5.8023702	1	1	1	341.08292	8.0426086	334.44635	0.971	0
8.85	5.8023702	1	1	1	341.08292	8.0426086	334.44635	0.971	0
8.95	5.8023702	1	1	1	77.919395	51.881901	230.20642	0.971	0
9.05	5.8023702	1	1	1	77.5464	51.688815	230.10615	0.971	0
9.15	5.8023702	1	1	1	77.670732	51.753559	230.13938	0.971	0
9.25	5.8023702	1	1	1	346.65322	8.9650706	328.57754	0.971	0
9.35	5.8023702	1	1	1	345.6471	8.8034965	329.50688	0.971	0
9.45	5.8023702	1	1	1	348.64596	9.3008239	326.74236	0.971	0
9.55	5.8023702	1	1	1	168.70628	170.69501	33.312339	0.971	0
9.65	5.8023702	1	1	1	348.64596	9.3008239	326.74236	0.971	0
9.75	5.8023702	1	1	1	135.05303	82.225746	275.13319	0.971	0
9.85	5.8023702	1	1	1	168.818	170.68814	33.408023	0.971	0
9.95	5.8023702	1	1	1	168.6994	170.69272	33.296296	0.971	0
0	5.8889727	1	1	1	321.73356	58.468051	47.032387	0.371	0
0.1	5.8889727	1	1	1	321.73643	58.478364	47.058743	0.371	0
0.2	5.8889727	1	1	1	321.737	58.435966	47.028376	0.371	0
0.3	5.8889727	1	1	1	66.956421	52.037173	325.14897	0.971	0
0.4	5.8889727	1	1	1	66.897979	52.045194	325.15641	0.971	0
0.5	5.8889727	1	1	1	198.44279	49.691484	126.21343	0.971	0
0.6	5.8889727	1	1	1	198.44221	49.687473	126.22146	0.971	0
0.7	5.8889727	1	1	1	198.46628	49.670857	126.29078	0.971	0
0.8	5.8889727	1	1	1	197.77472	49.740185	127.21611	0.971	0
0.9	5.8889727	1	1	1	197.91337	49.755082	127.03105	0.971	0
1	5.8889727	1	1	1	197.78045	49.763676	127.28945	0.971	0
1.1	5.8889727	1	1	1	65.373911	53.310858	326.93316	0.971	0
1.2	5.8889727	1	1	1	197.94603	47.781242	126.19166	0.971	0
1.3	5.8889727	1	1	1	65.426624	53.289086	236.91232	0.971	0
1.4	5.8889727	1	1	1	137.08703	117.58125	313.63079	0.971	0
1.5	5.8889727	1	1	1	137.16266	117.57209	313.68924	0.971	0
1.6	5.8889727	1	1	1	137.18042	117.56979	313.70299	0.971	0
1.7	5.8889727	1	1	1	203.12328	52.521322	125.73673	0.971	0
1.8	5.8889727	1	1	1	203.13245	52.50929	125.67428	0.971	0
1.9	5.8889727	1	1	1	136.87733	117.57266	313.47266	0.971	0
2	5.8889727	1	1	1	70.658874	56.316595	322.82276	0.971	0
2.1	5.8889727	1	1	1	70.683511	56.278206	322.76202	0.971	0
2.2	5.8889727	1	1	1	70.680647	56.275915	322.75973	0.971	0
2.3	5.8889727	1	1	1	253.50231	122.82611	220.88612	0.971	0
2.4	5.8889727	1	1	1	71.749786	57.323281	141.47417	0.971	0
2.5	5.8889727	1	1	1	195.62441	50.55092	315.43447	0.971	0
2.6	5.8889727	1	1	1	253.40663	122.73558	220.23982	0.971	0
2.7	5.8889727	1	1	1	195.73499	50.247826	315.25112	0.971	0
2.8	5.8889727	1	1	1	201.69719	44.391051	126.26156	0.971	0
2.9	5.8889727	1	1	1	201.61353	44.406521	126.44319	0.971	0
3	5.8889727	1	1	1	201.59176	44.407667	126.49189	0.971	0
3.1	5.8889727	1	1	1	201.96705	44.394489	125.56771	0.971	0
3.2	5.8889727	1	1	1	201.92179	44.399645	125.56828	0.971	0
3.3	5.8889727	1	1	1	316.84681	64.253206	45.05912	0.971	0
3.4	5.8889727	1	1	1	316.81358	64.208515	45.041358	0.971	0
3.5	5.8889727	1	1	1	316.85998	64.270968	45.065422	0.971	0
3.6	5.8889727	1	1	1	316.86972	64.284146	45.071725	0.971	0
3.7	5.8889727	1	1	1	250.5172	129.77036	214.97434	0.971	0
3.8	5.8889727	1	1	1	316.83306	64.24232	45.084903	0.971	0
3.9	5.8889727	1	1	1	250.48683	129.79786	214.95486	0.971	0
4	5.8889727	1	1	1	250.39917	129.70561	214.63801	0.971	0
4.1	5.8889727	1	1	1	316.44917	64.058973	45.361069	0.971	0
4.2	5.8889727	1	1	1	316.36552	64.008553	45.416073	0.971	0
4.3	5.8889727	1	1	1	250.35505	129.77379	214.73255	0.971	0
4.4	5.8889727	1	1	1	134.17755	115.91796	316.0057	0.971	0
4.5	5.8889727	1	1	1	314.08916	64.054963	43.983678	0.971	0
4.6	5.8889727	1	1	1	314.0926	64.058973	43.989981	0.971	0
4.7	5.8889727	1	1	1	314.02614	64.041785	43.979667	0.971	0
4.8	5.8889727	1	1	1	199.60131	49.690338	125.03314	0.971	0
4.9	5.8889727	1	1	1	200.02071	48.796524	124.1972	0.971	0
5	5.8889727	1	1	1	314.13385	64.982008	43.368321	0.971	0
5.1	5.8889727	1	1	1	65.905616	51.5175	237.30365	0.971	0
5.2	5.8889727	1	1	1	314.13328	64.980289	43.368894	0.971	0
5.3	5.8889727	1	1	1	314.13385	64.982008	43.368321	0.971	0
5.4	5.8889727	1	1	1	314.13271	64.983154	43.367176	0.971	0
5.5	5.8889727	1	1	1	314.13328	64.980289	43.368894	0.971	0
5.6	5.8889727	1	1	1	313.30937	63.059735	44.175619	0.971	0
5.7	5.8889727	1	1	1	66.903136	51.739808	234.69841	0.971	0
5.8	5.8889727	1	1	1	66.912303	51.728922	234.70529	0.971	0
5.9	5.8889727	1	1	1	313.30937	63.059735	44.175619	0.971	0
6	5.8889727	1	1	1	66.976474	51.669907	234.69612	0.971	0
6.1	5.8889727	1	1	1	67.001685	51.657302	234.68867	0.971	0
6.2	5.8889727	1	1	1	313.28301	63.029368	44.098843	0.971	0
6.3	5.8889727	1	1	1	63.463097	51.870442	236.64819	0.971	0
6.4	5.8889727	1	1	1	69.084386	55.325951	324.92093	0.971	0
6.5	5.8889727	1	1	1	69.079802	55.325951	324.92551	0.971	0
6.6	5.8889727	1	1	1	69.08324	55.325951	324.92207	0.971	0
6.7	5.8889727	1	1	1	69.084386	55.325951	324.92093	0.971	0
6.8	5.8889727	1	1	1	69.079802	55.325951	324.92551	0.971	0
6.9	5.8889727	1	1	1	69.07923	55.325951	324.92608	0.971	0
7	5.8889727	1	1	1	69.070635	55.326524	324.93353	0.971	0
7.1	5.8889727	1	1	1	66.951837	53.16991	148.51811	0.971	0
7.2	5.8889727	1	1	1	66.9272	53.014639	148.60176	0.971	0
7.3	5.8889727	1	1	1	66.710622	52.541949	148.92147	0.971	0
7.4	5.8889727	1	1	1	66.593739	52.456578	149.04294	0.971	0
7.5	5.8889727	1	1	1	66.751302	52.778007	148.83152	0.971	0
7.6	5.8889727	1	1	1	18.340952	137.01254	59.480468	0.971	0
7.7	5.8889727	1	1	1	17.639079	137.01082	58.910375	0.971	0
7.8	5.8889727	1	1	1	237.21885	125.05491	206.15709	0.971	0
7.9	5.8889727	1	1	1	16.823187	137.24516	57.986767	0.971	0
8	5.8889727	1	1	1	16.995074	137.19474	58.202772	0.971	0
8.1	5.8889727	1	1	1	60.018475	59.320039	237.7729	0.971	0
8.2	5.8889727	1	1	1	60.02134	59.313737	237.76774	0.971	0
8.3	5.8889727	1	1	1	188.64177	44.128636	132.18537	0.971	0
8.4	5.8889727	1	1	1	188.63719	44.126345	132.18709	0.971	0
8.5	5.8889727	1	1	1	188.65724	44.140096	132.18022	0.971	0
8.6	5.8889727	1	1	1	188.65724	44.140096	132.18022	0.971	0
8.7	5.8889727	1	1	1	77.919395	51.881901	230.20642	0.971	0
8.8	5.8889727	1	1	1	77.919395	51.881901	230.20642	0.971	0
8.9	5.8889727	1	1	1	77.919395	51.881901	230.20642	0.971	0
9	5.8889727	1	1	1	77.911947	51.876172	230.2047	0.971	0
9.1	5.8889727	1	1	1	77.477645	51.661886	230.09183	0.971	0
9.2	5.8889727	1	1	1	76.115151	51.354207	230.17835	0.971	0
9.3	5.8889727	1	1	1	255.87092	128.73502	219.80666	0.971	0
9.4	5.8889727	1	1	1	255.99525	128.69148	219.81812	0.971	0
9.5	5.8889727	1	1	1	76.562631	53.359559	229.79733	0.971	0
9.6	5.8889727	1	1	1	76.541432	53.408834	229.79045	0.971	0
9.7	5.8889727	1	1	1	200.50429	52.608985	132.17735	0.971	0
9.8	5.8889727	1	1	1	200.62919	52.548824	131.96192	0.971	0
9.9	5.8889727	1	1	1	200.50429	52.608985	132.17735	0.971	0
0.05	5.9755753	1	1	1	321.737	58.480083	47.063326	0.371	0
0.15	5.9755753	1	1	1	321.737	58.480083	47.063326	0.371	0
0.25	5.9755753	1	1	1	246.94309	127.86814	214.91418	0.971	0
0.35	5.9755753	1	1	1	246.962	127.71974	215.0259	0.971	0
0.45	5.9755753	1	1	1	198.40726	49.686327	126.21343	0.971	0
0.55	5.9755753	1	1	1	246.95684	127.75412	215.00757	0.971	0
0.65	5.9755753	1	1	1	198.45539	49.673722	126.27016	0.971	0
0.75	5.9755753	1	1	1	198.22621	49.643355	126.47642	0.971	0
0.85	5.9755753	1	1	1	245.195	126.71019	212.91398	0.971	0
0.95	5.9755753	1	1	1	245.11077	126.69701	212.83721	0.971	0
1.05	5.9755753	1	1	1	197.90077	47.776086	126.23005	0.971	0
1.15	5.9755753	1	1	1	65.398549	53.312577	236.91346	0.971	0
1.25	5.9755753	1	1	1	197.93629	47.813328	126.25068	0.971	0
1.35	5.9755753	1	1	1	65.397403	53.274762	236.95013	0.971	0
1.45	5.9755753	1	1	1	65.540069	53.322317	236.79028	0.971	0
1.55	5.9755753	1	1	1	197.93343	47.857446	126.31943	0.971	0
1.65	5.9755753	1	1	1	65.495951	53.30742	236.83898	0.971	0
1.75	5.9755753	1	1	1	203.13073	52.557992	125.69147	0.971	0
1.85	5.9755753	1	1	1	70.635383	56.316022	322.85026	0.971	0
1.95	5.9755753	1	1	1	70.674344	56.316595	322.78551	0.971	0
2.05	5.9755753	1	1	1	250.6507	123.68497	217.15845	0.971	0
2.15	5.9755753	1	1	1	250.61804	123.69529	217.14527	0.971	0
2.25	5.9755753	1	1	1	70.642831	56.308	322.82963	0.971	0
2.35	5.9755753	1	1	1	71.604827	57.192647	141.63631	0.971	0
2.45	5.9755753	1	1	1	71.550969	57.140508	141.70048	0.971	0
2.55	5.9755753	1	1	1	71.365904	56.967475	321.93066	0.971	0
2.65	5.9755753	1	1	1	201.61411	44.417407	126.39735	0.971	0
2.75	5.9755753	1	1	1	201.42102	44.470119	126.68326	0.971	0
2.85	5.9755753	1	1	1	201.59635	44.405948	126.4896	0.971	0
2.95	5.9755753	1	1	1	202.04325	44.344069	125.57	0.971	0
3.05	5.9755753	1	1	1	202.03179	44.356674	125.58375	0.971	0
3.15	5.9755753	1	1	1	66.972464	55.371214	240.40106	0.971	0
3.25	5.9755753	1	1	1	201.92522	44.463244	125.55797	0.971	0
3.35	5.9755753	1	1	1	201.9682	44.387613	125.56714	0.971	0
3.45	5.9755753	1	1	1	316.86571	64.278989	45.06886	0.971	0
3.55	5.9755753	1	1	1	316.86629	64.279562	45.06886	0.971	0
3.65	5.9755753	1	1	1	316.86743	64.280708	45.069433	0.971	0
3.75	5.9755753	1	1	1	316.86571	64.278989	45.06886	0.971	0
3.85	5.9755753	1	1	1	244.27655	127.51921	208.93422	0.971	0
3.95	5.9755753	1	1	1	244.27655	127.51921	208.93422	0.971	0
4.05	5.9755753	1	1	1	316.75399	64.210234	45.147355	0.971	0
4.15	5.9755753	1	1	1	316.49788	64.086475	45.328983	0.971	0
4.25	5.9755753	1	1	1	244.32983	127.5851	209.25507	0.971	0
4.35	5.9755753	1	1	1	314.95776	66.614938	41.852275	0.971	0
4.45	5.9755753	1	1	1	67.030905	51.350769	235.96751	0.971	0
4.55	5.9755753	1	1	1	134.18328	115.90993	316.01201	0.971	0
4.65	5.9755753	1	1	1	314.08171	64.055536	43.983105	0.971	0
4.75	5.9755753	1	1	1	314.01124	64.041212	43.982532	0.971	0
4.85	5.9755753	1	1	1	134.13343	115.0144	316.63367	0.971	0
4.95	5.9755753	1	1	1	314.13156	64.982581	43.364884	0.971	0
5.05	5.9755753	1	1	1	65.905043	51.523803	237.3025	0.971	0
5.15	5.9755753	1	1	1	134.13343	115.0144	316.63367	0.971	0
5.25	5.9755753	1	1	1	314.12927	64.977998	43.361446	0.971	0
5.35	5.9755753	1	1	1	314.13385	64.982581	43.362019	0.971	0
5.45	5.9755753	1	1	1	314.13099	64.983154	43.367748	0.971	0
5.55	5.9755753	1	1	1	313.24233	63.023639	44.047276	0.971	0
5.65	5.9755753	1	1	1	66.904855	51.744391	234.69153	0.971	0
5.75	5.9755753	1	1	1	66.885947	51.756424	234.70529	0.971	0
5.85	5.9755753	1	1	1	313.24462	63.034525	44.03639	0.971	0
5.95	5.9755753	1	1	1	313.25723	63.030514	44.05186	0.971	0
6.05	5.9755753	1	1	1	66.943816	51.70543	234.69956	0.971	0
6.15	5.9755753	1	1	1	313.26124	63.027076	44.063319	0.971	0
6.25	5.9755753	1	1	1	63.415542	51.928884	236.64475	0.971	0
6.35	5.9755753	1	1	1	69.054592	55.337983	324.90087	0.971	0
6.45	5.9755753	1	1	1	69.075792	55.33168	324.91348	0.971	0
6.55	5.9755753	1	1	1	69.076938	55.326524	324.9278	0.971	0
6.65	5.9755753	1	1	1	198.09386	47.693007	129.71363	0.971	0
6.75	5.9755753	1	1	1	69.075219	55.327669	324.9278	0.971	0
6.85	5.9755753	1	1	1	69.076938	55.326524	324.9278	0.971	0
6.95	5.9755753	1	1	1	198.09386	47.693007	129.71363	0.971	0
7.05	5.9755753	1	1	1	67.050386	52.61586	328.58614	0.971	0
7.15	5.9755753	1	1	1	66.870477	52.420482	328.82449	0.971	0
7.25	5.9755753	1	1	1	66.923762	52.811239	148.66479	0.971	0
7.35	5.9755753	1	1	1	66.794847	52.618152	148.84469	0.971	0
7.45	5.9755753	1	1	1	136.60231	114.1945	318.24482	0.971	0
7.55	5.9755753	1	1	1	63.618369	54.662465	149.46062	0.971	0
7.65	5.9755753	1	1	1	243.23204	125.19987	210.27207	0.971	0
7.75	5.9755753	1	1	1	63.206985	54.755858	149.74882	0.971	0
7.85	5.9755753	1	1	1	197.8154	44.978333	125.28925	0.971	0
7.95	5.9755753	1	1	1	16.894234	137.22855	58.089326	0.971	0
8.05	5.9755753	1	1	1	134.23198	113.96073	320.68734	0.971	0
8.15	5.9755753	1	1	1	60.018475	59.320039	237.7729	0.971	0
8.25	5.9755753	1	1	1	188.92252	44.202548	131.99916	0.971	0
8.35	5.9755753	1	1	1	188.97294	44.236925	131.96937	0.971	0
8.45	5.9755753	1	1	1	188.66583	44.146398	132.17678	0.971	0
8.55	5.9755753	1	1	1	188.66068	44.142387	132.17907	0.971	0
8.65	5.9755753	1	1	1	188.66125	44.14296	132.17793	0.971	0
8.75	5.9755753	1	1	1	241.10809	124.17084	211.39851	0.971	0
8.85	5.9755753	1	1	1	241.50171	124.19777	211.67639	0.971	0
8.95	5.9755753	1	1	1	77.918822	51.881328	230.20642	0.971	0
9.05	5.9755753	1	1	1	137.81125	119.90746	313.50245	0.971	0
9.15	5.9755753	1	1	1	256.10354	128.64736	219.81469	0.971	0
9.25	5.9755753	1	1	1	255.7082	128.80034	219.81297	0.971	0
9.35	5.9755753	1	1	1	256.11385	128.64048	219.80666	0.971	0
9.45	5.9755753	1	1	1	76.561485	53.368154	229.79504	0.971	0
9.55	5.9755753	1	1	1	76.542005	53.400812	229.79332	0.971	0
9.65	5.9755753	1	1	1	76.561485	53.368154	229.79504	0.971	0
9.75	5.9755753	1	1	1	201.32877	52.034881	131.72242	0.971	0
9.85	5.9755753	1	1	1	200.50658	52.605547	132.17391	0.971	0
9.95	5.9755753	1	1	1	201.20731	52.007952	131.82957	0.971	0
0	6.0621778	1	1	1	192.58945	47.932503	126.64831	0.971	0
0.1	6.0621778	1	1	1	192.32646	47.971464	126.6993	0.971	0
0.2	6.0621778	1	1	1	193.04037	48.163978	126.1401	0.971	0
0.3	6.0621778	1	1	1	5.1927165	16.918298	215.05169	0.114	0
0.4	6.0621778	1	1	1	60.572525	52.77858	236.64704	0.971	0
0.5	6.0621778	1	1	1	308.86837	64.03319	42.279129	0.971	0
0.6	6.0621778	1	1	1	60.653885	52.766548	236.65449	0.971	0
0.7	6.0621778	1	1	1	60.685971	52.756808	236.7135	0.971	0
0.8	6.0621778	1	1	1	245.21791	126.53773	213.09446	0.971	0
0.9	6.0621778	1	1	1	245.11134	126.78181	212.78449	0.971	0
1	6.0621778	1	1	1	245.12452	126.74686	212.82231	0.971	0
1.1	6.0621778	1	1	1	65.092016	53.200277	237.24521	0.971	0
1.2	6.0621778	1	1	1	65.10634	53.184807	237.24864	0.971	0
1.3	6.0621778	1	1	1	197.92999	47.775513	126.19911	0.971	0
1.4	6.0621778	1	1	1	65.433499	53.299972	236.89685	0.971	0
1.5	6.0621778	1	1	1	65.558977	53.326328	236.77595	0.971	0
1.6	6.0621778	1	1	1	198.00275	47.888385	126.33949	0.971	0
1.7	6.0621778	1	1	1	65.917648	53.338933	236.68314	0.971	0
1.8	6.0621778	1	1	1	70.627934	56.31373	322.85484	0.971	0
1.9	6.0621778	1	1	1	317.85292	59.827107	39.9025	0.971	0
2	6.0621778	1	1	1	70.647988	56.318314	142.84411	0.971	0
2.1	6.0621778	1	1	1	317.85292	59.826534	39.901927	0.971	0
2.2	6.0621778	1	1	1	61.972834	55.482941	153.80135	0.971	0
2.3	6.0621778	1	1	1	61.973407	55.482941	153.80078	0.971	0
2.4	6.0621778	1	1	1	61.972834	55.483514	153.79963	0.971	0
2.5	6.0621778	1	1	1	61.972834	55.482941	153.80135	0.971	0
2.6	6.0621778	1	1	1	61.972261	55.482941	153.8025	0.971	0
2.7	6.0621778	1	1	1	67.053824	55.35689	150.36934	0.971	0
2.8	6.0621778	1	1	1	202.0381	44.349225	125.57802	0.971	0
2.9	6.0621778	1	1	1	319.11687	66.011613	38.473543	0.971	0
3	6.0621778	1	1	1	67.053824	55.35689	150.36934	0.971	0
3.1	6.0621778	1	1	1	202.0381	44.349225	125.57802	0.971	0
3.2	6.0621778	1	1	1	319.04983	66.028229	38.439166	0.971	0
3.3	6.0621778	1	1	1	66.908865	55.384965	150.39913	0.971	0
3.4	6.0621778	1	1	1	66.959859	55.289281	150.31892	0.971	0
3.5	6.0621778	1	1	1	66.902563	55.3821	150.41345	0.971	0
3.6	6.0621778	1	1	1	66.934076	55.318502	150.36074	0.971	0
3.7	6.0621778	1	1	1	316.11686	67.647981	41.211135	0.971	0
3.8	6.0621778	1	1	1	244.31035	127.51806	208.87348	0.971	0
3.9	6.0621778	1	1	1	244.27024	127.51978	208.93594	0.971	0
4	6.0621778	1	1	1	244.37567	127.55358	209.04709	0.971	0
4.1	6.0621778	1	1	1	244.45645	127.64698	209.57077	0.971	0
4.2	6.0621778	1	1	1	244.43067	127.70599	209.85611	0.971	0
4.3	6.0621778	1	1	1	315.11189	66.791409	41.741694	0.971	0
4.4	6.0621778	1	1	1	64.54255	52.205622	149.66173	0.971	0
4.5	6.0621778	1	1	1	64.60271	52.199893	239.58803	0.971	0
4.6	6.0621778	1	1	1	134.26979	114.98174	316.76602	0.971	0
4.7	6.0621778	1	1	1	134.2549	114.99836	316.7305	0.971	0
4.8	6.0621778	1	1	1	314.30173	65.046753	43.189559	0.971	0
4.9	6.0621778	1	1	1	314.13156	64.982008	43.363165	0.971	0
5	6.0621778	1	1	1	134.13114	115.01841	316.63768	0.971	0
5.1	6.0621778	1	1	1	314.13213	64.982581	43.367176	0.971	0
5.2	6.0621778	1	1	1	314.13099	64.981435	43.363738	0.971	0
5.3	6.0621778	1	1	1	134.13114	115.01841	316.63768	0.971	0
5.4	6.0621778	1	1	1	314.13213	64.982581	43.367176	0.971	0
5.5	6.0621778	1	1	1	314.13099	64.981435	43.363738	0.971	0
5.6	6.0621778	1	1	1	246.89955	128.25947	35.2942	0.971	0
5.7	6.0621778	1	1	1	313.22056	63.002439	43.989408	0.971	0
5.8	6.0621778	1	1	1	313.23316	63.027649	44.011753	0.971	0
5.9	6.0621778	1	1	1	313.24577	63.033952	44.03238	0.971	0
6	6.0621778	1	1	1	313.24004	63.015617	44.010034	0.971	0
6.1	6.0621778	1	1	1	313.23889	63.02192	44.018629	0.971	0
6.2	6.0621778	1	1	1	68.586486	55.057806	145.18407	0.971	0
6.3	6.0621778	1	1	1	68.710245	55.144896	235.14474	0.971	0
6.4	6.0621778	1	1	1	69.069489	55.329961	324.91978	0.971	0
6.5	6.0621778	1	1	1	69.070635	55.325378	324.93411	0.971	0
6.6	6.0621778	1	1	1	69.069489	55.324805	324.9364	0.971	0
6.7	6.0621778	1	1	1	69.077511	55.325951	324.92666	0.971	0
6.8	6.0621778	1	1	1	69.070635	55.325378	324.93411	0.971	0
6.9	6.0621778	1	1	1	69.069489	55.324805	324.9364	0.971	0
7	6.0621778	1	1	1	62.33437	53.898713	150.30746	0.971	0
7.1	6.0621778	1	1	1	63.599461	54.503183	149.45489	0.971	0
7.2	6.0621778	1	1	1	243.74484	125.40499	210.62673	0.971	0
7.3	6.0621778	1	1	1	314.79676	65.474752	39.563882	0.971	0
7.4	6.0621778	1	1	1	63.763327	54.608034	149.36322	0.971	0
7.5	6.0621778	1	1	1	243.74484	125.40499	210.62673	0.971	0
7.6	6.0621778	1	1	1	314.81739	65.46272	39.557006	0.971	0
7.7	6.0621778	1	1	1	63.763327	54.608034	149.36322	0.971	0
7.8	6.0621778	1	1	1	242.68945	125.32363	209.9071	0.971	0
7.9	6.0621778	1	1	1	314.23412	66.031667	39.310634	0.971	0
8	6.0621778	1	1	1	134.21823	113.96073	320.67531	0.971	0
8.1	6.0621778	1	1	1	62.626579	54.603451	330.10791	0.971	0
8.2	6.0621778	1	1	1	134.20219	113.97849	320.65182	0.971	0
8.3	6.0621778	1	1	1	188.91794	44.220883	132.00489	0.971	0
8.4	6.0621778	1	1	1	188.96606	44.234634	131.97281	0.971	0
8.5	6.0621778	1	1	1	188.97409	44.237498	131.9688	0.971	0
8.6	6.0621778	1	1	1	188.91965	44.222602	132.00317	0.971	0
8.7	6.0621778	1	1	1	240.78208	124.09979	211.15156	0.971	0
8.8	6.0621778	1	1	1	240.98891	124.15021	211.31887	0.971	0
8.9	6.0621778	1	1	1	241.08804	124.17714	211.38648	0.971	0
9	6.0621778	1	1	1	255.60736	128.87769	219.84734	0.971	0
9.1	6.0621778	1	1	1	255.54892	128.92639	219.8674	0.971	0
9.2	6.0621778	1	1	1	138.06965	119.93267	313.66345	0.971	0
9.3	6.0621778	1	1	1	255.61252	128.87196	219.84677	0.971	0
9.4	6.0621778	1	1	1	315.70547	61.522489	39.884738	0.971	0
9.5	6.0621778	1	1	1	315.70032	61.527646	39.884165	0.971	0
9.6	6.0621778	1	1	1	135.71479	118.48882	320.11381	0.971	0
9.7	6.0621778	1	1	1	315.71464	61.51103	39.885884	0.971	0
9.8	6.0621778	1	1	1	320.0611	58.293299	43.651936	0.971	0
9.9	6.0621778	1	1	1	320.0949	58.35747	43.719545	0.971	0
0.05	6.1487804	1	1	1	192.16546	47.981778	126.80244	0.971	0
0.15	6.1487804	1	1	1	308.12009	63.573105	41.794406	0.971	0
0.25	6.1487804	1	1	1	308.1092	63.579408	41.835659	0.971	0
0.35	6.1487804	1	1	1	60.55018	52.694355	236.64704	0.971	0
0.45	6.1487804	1	1	1	60.459652	52.769986	236.61152	0.971	0
0.55	6.1487804	1	1	1	60.645864	52.767694	236.63673	0.971	0
0.65	6.1487804	1	1	1	60.674512	52.761964	236.69001	0.971	0
0.75	6.1487804	1	1	1	61.448578	57.429852	241.41462	0.971	0
0.85	6.1487804	1	1	1	245.4173	126.74514	213.19072	0.971	0
0.95	6.1487804	1	1	1	245.09702	126.80874	212.75069	0.971	0
1.05	6.1487804	1	1	1	65.098319	53.189391	237.24922	0.971	0
1.15	6.1487804	1	1	1	65.098892	53.188245	237.24979	0.971	0
1.25	6.1487804	1	1	1	245.09702	126.80874	212.75069	0.971	0
1.35	6.1487804	1	1	1	65.098319	53.189391	237.24922	0.971	0
1.45	6.1487804	1	1	1	65.098892	53.188245	237.24979	0.971	0
1.55	6.1487804	1	1	1	65.477617	53.090269	237.169	0.971	0
1.65	6.1487804	1	1	1	65.289114	53.138398	237.20968	0.971	0
1.75	6.1487804	1	1	1	136.29405	116.94298	325.51566	0.971	0
1.85	6.1487804	1	1	1	136.29463	116.94355	325.5168	0.971	0
1.95	6.1487804	1	1	1	136.29405	116.94298	325.51566	0.971	0
2.05	6.1487804	1	1	1	242.12967	124.40289	206.56446	0.971	0
2.15	6.1487804	1	1	1	241.98414	124.53983	206.17542	0.971	0
2.25	6.1487804	1	1	1	61.982574	55.480649	153.79333	0.971	0
2.35	6.1487804	1	1	1	61.977418	55.489244	153.78359	0.971	0
2.45	6.1487804	1	1	1	61.968823	55.46919	153.83344	0.971	0
2.55	6.1487804	1	1	1	61.979137	55.476066	153.80766	0.971	0
2.65	6.1487804	1	1	1	240.67837	123.84425	207.19586	0.971	0
2.75	6.1487804	1	1	1	60.682533	56.16075	332.79967	0.971	0
2.85	6.1487804	1	1	1	198.51899	42.517479	123.80988	0.971	0
2.95	6.1487804	1	1	1	240.77692	124.15938	207.03085	0.971	0
3.05	6.1487804	1	1	1	240.77692	124.15824	207.03142	0.971	0
3.15	6.1487804	1	1	1	198.51899	42.517479	123.80988	0.971	0
3.25	6.1487804	1	1	1	66.906001	55.388976	150.40486	0.971	0
3.35	6.1487804	1	1	1	66.906001	55.388976	150.40543	0.971	0
3.45	6.1487804	1	1	1	66.906001	55.389549	150.40486	0.971	0
3.55	6.1487804	1	1	1	66.906001	55.388976	150.40486	0.971	0
3.65	6.1487804	1	1	1	315.96044	67.582091	41.220876	0.971	0
3.75	6.1487804	1	1	1	315.957	67.574069	41.227751	0.971	0
3.85	6.1487804	1	1	1	244.28858	127.51863	208.89927	0.971	0
3.95	6.1487804	1	1	1	315.96044	67.582091	41.220876	0.971	0
4.05	6.1487804	1	1	1	244.41749	127.59254	209.26195	0.971	0
4.15	6.1487804	1	1	1	244.43927	127.68135	209.74667	0.971	0
4.25	6.1487804	1	1	1	315.56739	67.198209	41.456934	0.971	0
4.35	6.1487804	1	1	1	64.479524	52.233697	149.88576	0.971	0
4.45	6.1487804	1	1	1	64.568333	52.218228	239.71236	0.971	0
4.55	6.1487804	1	1	1	315.00246	66.647024	41.829357	0.971	0
4.65	6.1487804	1	1	1	311.47475	67.421663	39.199481	0.971	0
4.75	6.1487804	1	1	1	314.18313	65.002062	43.317328	0.971	0
4.85	6.1487804	1	1	1	311.64664	67.528806	38.970297	0.971	0
4.95	6.1487804	1	1	1	311.12869	67.183885	39.6779	0.971	0
5.05	6.1487804	1	1	1	58.960795	53.947987	331.33748	0.971	0
5.15	6.1487804	1	1	1	239.06206	126.07936	208.78296	0.971	0
5.25	6.1487804	1	1	1	311.12869	67.183885	39.6779	0.971	0
5.35	6.1487804	1	1	1	58.960795	53.947987	331.33748	0.971	0
5.45	6.1487804	1	1	1	239.29181	126.1401	209.05855	0.971	0
5.55	6.1487804	1	1	1	311.14588	66.923762	39.863539	0.971	0
5.65	6.1487804	1	1	1	59.200864	53.883816	331.04928	0.971	0
5.75	6.1487804	1	1	1	313.24061	63.027649	44.016337	0.971	0
5.85	6.1487804	1	1	1	313.23832	63.02593	44.010034	0.971	0
5.95	6.1487804	1	1	1	313.24004	63.028222	44.015191	0.971	0
6.05	6.1487804	1	1	1	313.24061	63.027649	44.016337	0.971	0
6.15	6.1487804	1	1	1	68.658679	55.107654	145.15657	0.971	0
6.25	6.1487804	1	1	1	68.787021	55.175836	235.08859	0.971	0
6.35	6.1487804	1	1	1	317.135	61.921268	40.276068	0.971	0
6.45	6.1487804	1	1	1	68.658679	55.107654	145.15657	0.971	0
6.55	6.1487804	1	1	1	69.0735	55.325951	144.93082	0.971	0
6.65	6.1487804	1	1	1	69.075792	55.326524	324.92838	0.971	0
6.75	6.1487804	1	1	1	62.66554	53.902723	149.99061	0.971	0
6.85	6.1487804	1	1	1	62.485058	53.731982	150.06681	0.971	0
6.95	6.1487804	1	1	1	62.420314	53.679843	150.09317	0.971	0
7.05	6.1487804	1	1	1	134.79634	114.52395	320.4341	0.971	0
7.15	6.1487804	1	1	1	134.79978	114.52681	320.43811	0.971	0
7.25	6.1487804	1	1	1	314.79046	65.477044	39.567319	0.971	0
7.35	6.1487804	1	1	1	63.747284	54.598867	149.37124	0.971	0
7.45	6.1487804	1	1	1	134.79978	114.52681	320.43811	0.971	0
7.55	6.1487804	1	1	1	243.73968	125.40671	210.62502	0.971	0
7.65	6.1487804	1	1	1	63.747284	54.598867	149.37124	0.971	0
7.75	6.1487804	1	1	1	197.82113	44.986927	125.28123	0.971	0
7.85	6.1487804	1	1	1	314.3235	65.963485	39.255057	0.971	0
7.95	6.1487804	1	1	1	134.2337	113.96761	320.6839	0.971	0
8.05	6.1487804	1	1	1	197.85035	45.023024	125.04575	0.971	0
8.15	6.1487804	1	1	1	197.83717	45.042504	125.04918	0.971	0
8.25	6.1487804	1	1	1	134.20276	113.97563	320.65239	0.971	0
8.35	6.1487804	1	1	1	62.627725	54.600013	330.10161	0.971	0
8.45	6.1487804	1	1	1	134.20161	113.97735	320.65125	0.971	0
8.55	6.1487804	1	1	1	188.73917	44.167025	132.12464	0.971	0
8.65	6.1487804	1	1	1	134.15921	114.02548	320.65067	0.971	0
8.75	6.1487804	1	1	1	240.85484	124.1187	211.22547	0.971	0
8.85	6.1487804	1	1	1	240.9236	124.13188	211.27418	0.971	0
8.95	6.1487804	1	1	1	240.98032	124.1611	211.31428	0.971	0
9.05	6.1487804	1	1	1	133.44416	117.01918	320.74292	0.971	0
9.15	6.1487804	1	1	1	63.785672	55.698373	146.65313	0.971	0
9.25	6.1487804	1	1	1	133.42927	116.99168	320.7263	0.971	0
9.35	6.1487804	1	1	1	63.828644	55.693217	146.61875	0.971	0
9.45	6.1487804	1	1	1	315.66823	61.545407	39.870987	0.971	0
9.55	6.1487804	1	1	1	315.7112	61.507019	39.880727	0.971	0
9.65	6.1487804	1	1	1	135.71766	118.48423	320.11095	0.971	0
9.75	6.1487804	1	1	1	135.62828	118.44298	319.96083	0.971	0
9.85	6.1487804	1	1	1	315.63271	61.552856	40.030269	0.971	0
9.95	6.1487804	1	1	1	315.6499	61.545407	40.001048	0.971	0
0	6.2353829	1	1	1	308.13498	63.601753	41.805293	0.971	0
0.1	6.2353829	1	1	1	308.09087	63.586856	41.811022	0.971	0
0.2	6.2353829	1	1	1	308.12352	63.566803	41.790396	0.971	0
0.3	6.2353829	1	1	1	59.812783	53.286221	236.30728	0.971	0
0.4	6.2353829	1	1	1	60.620654	52.740765	236.65391	0.971	0
0.5	6.2353829	1	1	1	60.663052	52.764256	236.66881	0.971	0
0.6	6.2353829	1	1	1	61.233145	57.824047	241.56875	0.971	0
0.7	6.2353829	1	1	1	61.116835	58.155789	241.60484	0.971	0
0.8	6.2353829	1	1	1	61.350029	57.492304	241.5315	0.971	0
0.9	6.2353829	1	1	1	245.1526	126.74457	212.84809	0.971	0
1	6.2353829	1	1	1	9.9860814	138.65006	225.29273	0.971	0
1.1	6.2353829	1	1	1	136.58512	117.78981	327.99313	0.971	0
1.2	6.2353829	1	1	1	242.83785	117.95883	211.87521	0.971	0
1.3	6.2353829	1	1	1	242.84129	117.95539	211.88438	0.971	0
1.4	6.2353829	1	1	1	242.84014	117.95539	301.88516	0.971	0
1.5	6.2353829	1	1	1	242.83785	117.95883	211.87521	0.971	0
1.6	6.2353829	1	1	1	242.84129	117.95539	211.88438	0.971	0
1.7	6.2353829	1	1	1	242.84014	117.95539	301.88516	0.971	0
1.8	6.2353829	1	1	1	136.28947	116.96303	325.52196	0.971	0
1.9	6.2353829	1	1	1	136.30093	116.89771	325.49618	0.971	0
2	6.2353829	1	1	1	242.12967	124.40289	206.56446	0.971	0
2.1	6.2353829	1	1	1	242.13025	124.40403	206.56332	0.971	0
2.2	6.2353829	1	1	1	241.99102	124.53123	206.19892	0.971	0
2.3	6.2353829	1	1	1	61.973407	55.48466	153.7939	0.971	0
2.4	6.2353829	1	1	1	241.71485	124.4006	206.18058	0.971	0
2.5	6.2353829	1	1	1	197.95577	42.35877	124.31064	0.971	0
2.6	6.2353829	1	1	1	240.67837	123.82134	207.20618	0.971	0
2.7	6.2353829	1	1	1	60.67222	56.149291	332.80597	0.971	0
2.8	6.2353829	1	1	1	240.68353	123.83165	207.20331	0.971	0
2.9	6.2353829	1	1	1	240.67952	123.82821	207.20446	0.971	0
3	6.2353829	1	1	1	240.7752	124.16396	207.03085	0.971	0
3.1	6.2353829	1	1	1	240.77405	124.15995	207.03028	0.971	0
3.2	6.2353829	1	1	1	198.58202	42.522063	123.69127	0.971	0
3.3	6.2353829	1	1	1	130.79767	111.24549	320.12642	0.971	0
3.4	6.2353829	1	1	1	310.79637	68.75379	39.874998	0.971	0
3.5	6.2353829	1	1	1	57.639554	53.305701	243.1312	0.971	0
3.6	6.2353829	1	1	1	130.79767	111.24549	320.12642	0.971	0
3.7	6.2353829	1	1	1	310.79637	68.75379	39.874998	0.971	0
3.8	6.2353829	1	1	1	57.639554	53.305701	243.1312	0.971	0
3.9	6.2353829	1	1	1	130.79767	111.24835	320.12642	0.971	0
4	6.2353829	1	1	1	17.024868	137.04463	237.2538	0.971	0
4.1	6.2353829	1	1	1	17.022576	137.03775	237.25094	0.971	0
4.2	6.2353829	1	1	1	17.02143	137.02515	237.24807	0.971	0
4.3	6.2353829	1	1	1	17.024868	137.04463	237.2538	0.971	0
4.4	6.2353829	1	1	1	244.46448	127.71401	209.85782	0.971	0
4.5	6.2353829	1	1	1	17.02143	137.02515	237.24807	0.971	0
4.6	6.2353829	1	1	1	16.992782	137.00567	237.22172	0.971	0
4.7	6.2353829	1	1	1	311.58935	67.489272	39.051084	0.971	0
4.8	6.2353829	1	1	1	311.72571	67.594696	38.801275	0.971	0
4.9	6.2353829	1	1	1	311.13213	67.201647	39.65269	0.971	0
5	6.2353829	1	1	1	311.13442	67.225138	39.639512	0.971	0
5.1	6.2353829	1	1	1	58.969962	53.946268	331.31915	0.971	0
5.2	6.2353829	1	1	1	238.97382	126.05243	208.67581	0.971	0
5.3	6.2353829	1	1	1	311.12811	67.220554	39.647534	0.971	0
5.4	6.2353829	1	1	1	238.94345	126.04384	208.64545	0.971	0
5.5	6.2353829	1	1	1	239.34395	126.1613	209.12902	0.971	0
5.6	6.2353829	1	1	1	311.15848	66.905428	39.864112	0.971	0
5.7	6.2353829	1	1	1	315.05288	67.276131	38.929044	0.971	0
5.8	6.2353829	1	1	1	315.07694	67.26238	38.918158	0.971	0
5.9	6.2353829	1	1	1	315.07751	67.264672	38.922742	0.971	0
6	6.2353829	1	1	1	314.76353	66.821203	39.093483	0.971	0
6.1	6.2353829	1	1	1	314.74291	66.820057	39.086035	0.971	0
6.2	6.2353829	1	1	1	18.782129	135.4667	235.75494	0.971	0
6.3	6.2353829	1	1	1	314.6667	66.755313	39.119266	0.971	0
6.4	6.2353829	1	1	1	314.66498	66.760469	39.112391	0.971	0
6.5	6.2353829	1	1	1	18.782129	135.4667	235.75494	0.971	0
6.6	6.2353829	1	1	1	314.6667	66.755313	39.119266	0.971	0
6.7	6.2353829	1	1	1	314.66498	66.760469	39.112391	0.971	0
6.8	6.2353829	1	1	1	62.470734	53.717085	150.07942	0.971	0
6.9	6.2353829	1	1	1	313.98431	66.463677	39.870987	0.971	0
7	6.2353829	1	1	1	198.12308	45.448158	125.58547	0.971	0
7.1	6.2353829	1	1	1	134.7929	114.5228	320.43524	0.971	0
7.2	6.2353829	1	1	1	314.78359	65.481628	39.571903	0.971	0
7.3	6.2353829	1	1	1	63.715199	54.586835	149.38442	0.971	0
7.4	6.2353829	1	1	1	63.727804	54.587981	149.38098	0.971	0
7.5	6.2353829	1	1	1	243.72822	125.409	210.62043	0.971	0
7.6	6.2353829	1	1	1	63.738117	54.598294	149.37468	0.971	0
7.7	6.2353829	1	1	1	197.8154	44.978333	125.28925	0.971	0
7.8	6.2353829	1	1	1	314.57045	65.757793	39.115829	0.971	0
7.9	6.2353829	1	1	1	134.23198	113.96073	320.68734	0.971	0
8	6.2353829	1	1	1	197.85035	45.015002	125.05549	0.971	0
8.1	6.2353829	1	1	1	197.8429	45.03391	125.04804	0.971	0
8.2	6.2353829	1	1	1	134.23198	113.96073	320.68734	0.971	0
8.3	6.2353829	1	1	1	197.8366	45.058547	125.04059	0.971	0
8.4	6.2353829	1	1	1	197.82285	45.059693	125.05434	0.971	0
8.5	6.2353829	1	1	1	134.1913	113.96761	320.62661	0.971	0
8.6	6.2353829	1	1	1	61.102511	55.546539	329.19519	0.971	0
8.7	6.2353829	1	1	1	133.77705	114.19507	320.76297	0.971	0
8.8	6.2353829	1	1	1	241.25018	124.15995	211.48445	0.971	0
8.9	6.2353829	1	1	1	240.86917	124.12443	211.23235	0.971	0
9	6.2353829	1	1	1	240.85026	124.12042	211.19912	0.971	0
9.1	6.2353829	1	1	1	133.42411	116.96532	320.73433	0.971	0
9.2	6.2353829	1	1	1	63.814893	55.6978	146.63365	0.971	0
9.3	6.2353829	1	1	1	133.43442	116.99225	320.73891	0.971	0
9.4	6.2353829	1	1	1	63.742701	55.70353	146.68808	0.971	0
9.5	6.2353829	1	1	1	315.57599	61.594109	39.659566	0.971	0
9.6	6.2353829	1	1	1	315.71235	61.511603	39.880154	0.971	0
9.7	6.2353829	1	1	1	135.63	118.44184	319.96312	0.971	0
9.8	6.2353829	1	1	1	315.65047	61.545407	39.99933	0.971	0
9.9	6.2353829	1	1	1	315.62641	61.555148	40.040583	0.971	0
0.05	6.3219854	1	1	1	308.13498	63.601753	41.805293	0.971	0
0.15	6.3219854	1	1	1	308.08284	63.587429	41.815606	0.971	0
0.25	6.3219854	1	1	1	251.05693	68.068532	93.158927	0.257	0
0.35	6.3219854	1	1	1	308.08227	63.587429	41.815606	0.971	0
0.45	6.3219854	1	1	1	61.364926	57.342762	241.55729	0.971	0
0.55	6.3219854	1	1	1	61.426232	57.133632	241.56531	0.971	0
0.65	6.3219854	1	1	1	61.395865	57.471678	241.47937	0.971	0
0.75	6.3219854	1	1	1	61.327111	57.565643	241.55041	0.971	0
0.85	6.3219854	1	1	1	61.34831	57.492304	241.53552	0.971	0
0.95	6.3219854	1	1	1	61.378677	57.508347	241.47077	0.971	0
1.05	6.3219854	1	1	1	10.706862	138.82653	226.0456	0.971	0
1.15	6.3219854	1	1	1	136.61205	117.59271	328.00344	0.971	0
1.25	6.3219854	1	1	1	242.81264	117.95138	211.81104	0.971	0
1.35	6.3219854	1	1	1	242.84243	117.92732	211.91302	0.971	0
1.45	6.3219854	1	1	1	242.82295	117.95024	301.87485	0.971	0
1.55	6.3219854	1	1	1	242.83842	117.95711	211.87349	0.971	0
1.65	6.3219854	1	1	1	242.82696	117.93018	211.89182	0.971	0
1.75	6.3219854	1	1	1	242.81493	117.92789	301.87771	0.971	0
1.85	6.3219854	1	1	1	238.29257	118.13931	206.36794	0.971	0
1.95	6.3219854	1	1	1	238.29257	118.13931	206.36794	0.971	0
2.05	6.3219854	1	1	1	242.09529	124.32554	206.63322	0.971	0
2.15	6.3219854	1	1	1	241.87757	124.44758	206.2396	0.971	0
2.25	6.3219854	1	1	1	241.97784	124.52378	206.19949	0.971	0
2.35	6.3219854	1	1	1	61.920122	55.502995	153.81052	0.971	0
2.45	6.3219854	1	1	1	14.001943	141.58761	235.18542	0.971	0
2.55	6.3219854	1	1	1	240.67321	123.82477	207.20388	0.971	0
2.65	6.3219854	1	1	1	60.675658	56.174501	332.79451	0.971	0
2.75	6.3219854	1	1	1	240.66806	123.8328	207.19873	0.971	0
2.85	6.3219854	1	1	1	240.67321	123.82477	207.20388	0.971	0
2.95	6.3219854	1	1	1	60.67222	56.17622	332.79451	0.971	0
3.05	6.3219854	1	1	1	240.77119	124.16969	207.02741	0.971	0
3.15	6.3219854	1	1	1	240.55175	123.91931	207.10648	0.971	0
3.25	6.3219854	1	1	1	60.610913	56.057618	332.88619	0.971	0
3.35	6.3219854	1	1	1	130.81429	111.22543	320.15506	0.971	0
3.45	6.3219854	1	1	1	310.79523	68.757227	39.872706	0.971	0
3.55	6.3219854	1	1	1	57.639554	53.307993	243.13235	0.971	0
3.65	6.3219854	1	1	1	130.79595	111.24663	320.12871	0.971	0
3.75	6.3219854	1	1	1	310.79465	68.754362	39.872706	0.971	0
3.85	6.3219854	1	1	1	57.6407	53.30742	243.12547	0.971	0
3.95	6.3219854	1	1	1	132.2335	111.6202	321.95186	0.971	0
4.05	6.3219854	1	1	1	17.035754	137.08015	237.27271	0.971	0
4.15	6.3219854	1	1	1	17.013982	137.04807	237.24234	0.971	0
4.25	6.3219854	1	1	1	17.019138	137.02171	237.24406	0.971	0
4.35	6.3219854	1	1	1	17.004814	137.0389	237.2263	0.971	0
4.45	6.3219854	1	1	1	16.979604	136.96957	237.19479	0.971	0
4.55	6.3219854	1	1	1	16.976167	136.99134	237.1902	0.971	0
4.65	6.3219854	1	1	1	16.268564	135.86949	236.64589	0.971	0
4.75	6.3219854	1	1	1	311.65294	67.541411	38.923888	0.971	0
4.85	6.3219854	1	1	1	311.21635	67.27785	39.499137	0.971	0
4.95	6.3219854	1	1	1	16.090374	135.30112	236.6287	0.971	0
5.05	6.3219854	1	1	1	311.13098	67.201647	39.654409	0.971	0
5.15	6.3219854	1	1	1	58.947044	53.957154	331.34837	0.971	0
5.25	6.3219854	1	1	1	238.94116	126.0404	208.63685	0.971	0
5.35	6.3219854	1	1	1	311.12869	67.206803	39.643523	0.971	0
5.45	6.3219854	1	1	1	58.948763	53.958873	331.34378	0.971	0
5.55	6.3219854	1	1	1	239.32963	126.14754	209.10439	0.971	0
5.65	6.3219854	1	1	1	315.06147	67.275558	38.927326	0.971	0
5.75	6.3219854	1	1	1	315.04944	67.293893	38.933055	0.971	0
5.85	6.3219854	1	1	1	315.12163	67.21196	38.895813	0.971	0
5.95	6.3219854	1	1	1	242.36917	125.43536	208.27532	0.971	0
6.05	6.3219854	1	1	1	315.04657	67.29905	38.938785	0.971	0
6.15	6.3219854	1	1	1	314.80765	66.85558	39.076295	0.971	0
6.25	6.3219854	1	1	1	19.501764	135.84944	236.34337	0.971	0
6.35	6.3219854	1	1	1	314.66613	66.758177	39.11411	0.971	0
6.45	6.3219854	1	1	1	314.67014	66.762188	39.114683	0.971	0
6.55	6.3219854	1	1	1	18.7764	135.4604	235.74979	0.971	0
6.65	6.3219854	1	1	1	314.6667	66.755886	39.118693	0.971	0
6.75	6.3219854	1	1	1	314.66498	66.755313	39.116402	0.971	0
6.85	6.3219854	1	1	1	18.380486	135.84428	235.57618	0.971	0
6.95	6.3219854	1	1	1	198.16089	45.351328	125.32822	0.971	0
7.05	6.3219854	1	1	1	134.79749	114.52452	320.43639	0.971	0
7.15	6.3219854	1	1	1	314.77385	65.48793	39.581643	0.971	0
7.25	6.3219854	1	1	1	63.710615	54.581105	149.38671	0.971	0
7.35	6.3219854	1	1	1	63.730096	54.589127	149.37812	0.971	0
7.45	6.3219854	1	1	1	314.79676	65.474752	39.563882	0.971	0
7.55	6.3219854	1	1	1	63.763327	54.608034	149.36322	0.971	0
7.65	6.3219854	1	1	1	63.73869	54.602305	149.37353	0.971	0
7.75	6.3219854	1	1	1	314.57503	65.754355	39.102651	0.971	0
7.85	6.3219854	1	1	1	242.98682	125.13914	210.09961	0.971	0
7.95	6.3219854	1	1	1	242.63502	125.37634	209.88246	0.971	0
8.05	6.3219854	1	1	1	314.23412	66.031667	39.310634	0.971	0
8.15	6.3219854	1	1	1	134.21937	113.96532	320.6713	0.971	0
8.25	6.3219854	1	1	1	62.628871	54.591419	330.09588	0.971	0
8.35	6.3219854	1	1	1	134.20219	113.97849	320.65182	0.971	0
8.45	6.3219854	1	1	1	134.20849	113.97334	320.65812	0.971	0
8.55	6.3219854	1	1	1	197.83832	45.053963	125.04288	0.971	0
8.65	6.3219854	1	1	1	240.96256	124.26194	210.96822	0.971	0
8.75	6.3219854	1	1	1	60.816032	55.874844	328.86001	0.971	0
8.85	6.3219854	1	1	1	240.78208	124.09979	211.15156	0.971	0
8.95	6.3219854	1	1	1	241.18429	124.14792	211.44434	0.971	0
9.05	6.3219854	1	1	1	240.81588	124.125	211.13953	0.971	0
9.15	6.3219854	1	1	1	239.13024	121.41434	208.92562	0.971	0
9.25	6.3219854	1	1	1	313.06185	65.61971	34.906308	0.971	0
9.35	6.3219854	1	1	1	239.13138	121.41549	208.96974	0.971	0
9.45	6.3219854	1	1	1	313.06185	65.61971	34.906308	0.971	0
9.55	6.3219854	1	1	1	315.57885	61.685209	39.599405	0.971	0
9.65	6.3219854	1	1	1	315.59776	61.645102	39.643523	0.971	0
9.75	6.3219854	1	1	1	315.57885	61.685209	39.599405	0.971	0
9.85	6.3219854	1	1	1	315.45223	61.88689	39.272819	0.971	0
9.95	6.3219854	1	1	1	314.52117	62.100604	42.055102	0.971	0
0	6.408588	1	1	1	240.27501	119.88053	208.30396	0.971	0
0.1	6.408588	1	1	1	240.27501	119.88111	208.30396	0.971	0
0.2	6.408588	1	1	1	240.27501	119.88053	208.30396	0.971	0
0.3	6.408588	1	1	1	240.27501	119.88053	208.30396	0.971	0
0.4	6.408588	1	1	1	240.27787	119.88225	208.30339	0.971	0
0.5	6.408588	1	1	1	61.296171	57.520379	241.58364	0.971	0
0.6	6.408588	1	1	1	61.314505	57.567934	241.55041	0.971	0
0.7	6.408588	1	1	1	61.274971	57.657889	241.56187	0.971	0
0.8	6.408588	1	1	1	61.307057	57.626949	241.5527	0.971	0
0.9	6.408588	1	1	1	189.70461	38.172167	132.10688	0.971	0
1	6.408588	1	1	1	58.345438	63.215579	152.34604	0.971	0
1.1	6.408588	1	1	1	136.60173	117.70845	328.08938	0.971	0
1.2	6.408588	1	1	1	242.79258	117.89695	211.85573	0.971	0
1.3	6.408588	1	1	1	242.81149	117.92388	211.8414	0.971	0
1.4	6.408588	1	1	1	242.82467	117.92503	211.89584	0.971	0
1.5	6.408588	1	1	1	242.82582	117.94451	301.88287	0.971	0
1.6	6.408588	1	1	1	240.20683	116.05776	299.88325	0.971	0
1.7	6.408588	1	1	1	60.068322	64.009126	330.28439	0.971	0
1.8	6.408588	1	1	1	240.66118	116.44049	210.14316	0.971	0
1.9	6.408588	1	1	1	238.34414	118.08546	206.44013	0.971	0
2	6.408588	1	1	1	238.05308	118.43782	206.08089	0.971	0
2.1	6.408588	1	1	1	235.59452	120.65632	204.3666	0.971	0
2.2	6.408588	1	1	1	14.055801	141.56756	235.21235	0.971	0
2.3	6.408588	1	1	1	132.55264	110.7917	326.97727	0.971	0
2.4	6.408588	1	1	1	14.05752	141.5773	235.20834	0.971	0
2.5	6.408588	1	1	1	14.15263	141.54808	235.25819	0.971	0
2.6	6.408588	1	1	1	312.31758	69.12965	32.792666	0.971	0
2.7	6.408588	1	1	1	13.394034	141.75663	234.86801	0.971	0
2.8	6.408588	1	1	1	13.373408	141.7658	234.85082	0.971	0
2.9	6.408588	1	1	1	60.682533	56.16075	332.79967	0.971	0
3	6.408588	1	1	1	60.678522	56.169344	332.79623	0.971	0
3.1	6.408588	1	1	1	60.659615	56.165334	332.80483	0.971	0
3.2	6.408588	1	1	1	60.640134	56.155021	332.81743	0.971	0
3.3	6.408588	1	1	1	131.15691	110.91031	321.04544	0.971	0
3.4	6.408588	1	1	1	131.14603	110.93666	321.03398	0.971	0
3.5	6.408588	1	1	1	131.1317	110.94067	320.98643	0.971	0
3.6	6.408588	1	1	1	131.15405	110.92406	321.04659	0.971	0
3.7	6.408588	1	1	1	130.79481	111.24606	320.12871	0.971	0
3.8	6.408588	1	1	1	310.79351	68.74233	39.87729	0.971	0
3.9	6.408588	1	1	1	130.84293	111.21111	320.25591	0.971	0
4	6.408588	1	1	1	17.005387	137.04463	237.23318	0.971	0
4.1	6.408588	1	1	1	17.028306	137.07958	237.26469	0.971	0
4.2	6.408588	1	1	1	16.965853	136.98218	237.17703	0.971	0
4.3	6.408588	1	1	1	17.00195	137.00853	237.22057	0.971	0
4.4	6.408588	1	1	1	16.983042	136.9965	237.19822	0.971	0
4.5	6.408588	1	1	1	16.965853	136.98218	237.17703	0.971	0
4.6	6.408588	1	1	1	16.941789	136.96728	237.1478	0.971	0
4.7	6.408588	1	1	1	311.57101	67.510471	38.976027	0.971	0
4.8	6.408588	1	1	1	311.50226	67.452029	39.117548	0.971	0
4.9	6.408588	1	1	1	16.347632	136.07003	236.69345	0.971	0
5	6.408588	1	1	1	311.31891	67.322541	39.237869	0.971	0
5.1	6.408588	1	1	1	311.13041	67.207376	39.645815	0.971	0
5.2	6.408588	1	1	1	58.928709	53.965176	331.37129	0.971	0
5.3	6.408588	1	1	1	58.800367	54.366246	331.63485	0.971	0
5.4	6.408588	1	1	1	311.24786	67.272121	39.341001	0.971	0
5.5	6.408588	1	1	1	58.810107	54.287178	331.59359	0.971	0
5.6	6.408588	1	1	1	235.38252	123.28333	203.15536	0.971	0
5.7	6.408588	1	1	1	242.3663	125.43593	208.27245	0.971	0
5.8	6.408588	1	1	1	62.366456	54.563917	331.72767	0.971	0
5.9	6.408588	1	1	1	242.3663	125.43593	208.27188	0.971	0
6	6.408588	1	1	1	242.36573	125.43593	208.27302	0.971	0
6.1	6.408588	1	1	1	62.366456	54.563917	331.72767	0.971	0
6.2	6.408588	1	1	1	242.3663	125.43593	208.27188	0.971	0
6.3	6.408588	1	1	1	242.36573	125.43593	208.27302	0.971	0
6.4	6.408588	1	1	1	198.12422	43.88341	124.5255	0.971	0
6.5	6.408588	1	1	1	198.10818	43.886275	124.54326	0.971	0
6.6	6.408588	1	1	1	198.12479	43.893151	124.53524	0.971	0
6.7	6.408588	1	1	1	198.03255	43.838147	124.59712	0.971	0
6.8	6.408588	1	1	1	198.10875	43.88341	124.54154	0.971	0
6.9	6.408588	1	1	1	14.887162	140.86798	236.13768	0.971	0
7	6.408588	1	1	1	63.345641	54.558187	149.64454	0.971	0
7.1	6.408588	1	1	1	314.79046	65.477044	39.567319	0.971	0
7.2	6.408588	1	1	1	237.71389	122.01996	206.96152	0.971	0
7.3	6.408588	1	1	1	134.79978	114.52681	320.43811	0.971	0
7.4	6.408588	1	1	1	237.72019	122.01595	206.96439	0.971	0
7.5	6.408588	1	1	1	237.71389	122.01996	206.96152	0.971	0
7.6	6.408588	1	1	1	237.73394	122.11965	206.94777	0.971	0
7.7	6.408588	1	1	1	314.56414	65.761804	39.103224	0.971	0
7.8	6.408588	1	1	1	314.61857	65.714248	39.072284	0.971	0
7.9	6.408588	1	1	1	242.79717	125.26462	209.98273	0.971	0
8	6.408588	1	1	1	314.56414	65.761804	39.103224	0.971	0
8.1	6.408588	1	1	1	134.2337	113.96761	320.6839	0.971	0
8.2	6.408588	1	1	1	197.84748	45.026461	125.04632	0.971	0
8.3	6.408588	1	1	1	197.8429	45.048807	125.04174	0.971	0
8.4	6.408588	1	1	1	242.62929	125.39124	209.88418	0.971	0
8.5	6.408588	1	1	1	62.630017	54.598867	330.09875	0.971	0
8.6	6.408588	1	1	1	197.84233	45.052817	125.04116	0.971	0
8.7	6.408588	1	1	1	60.871609	55.774004	328.97804	0.971	0
8.8	6.408588	1	1	1	240.83135	124.22584	210.99629	0.971	0
8.9	6.408588	1	1	1	241.03246	124.37997	210.85764	0.971	0
9	6.408588	1	1	1	60.871609	55.774004	328.97804	0.971	0
9.1	6.408588	1	1	1	239.13711	121.42523	208.83395	0.971	0
9.2	6.408588	1	1	1	239.13654	121.42866	208.8116	0.971	0
9.3	6.408588	1	1	1	313.09107	65.664974	34.901724	0.971	0
9.4	6.408588	1	1	1	239.13769	121.41377	208.90843	0.971	0
9.5	6.408588	1	1	1	313.01601	65.608824	34.838126	0.971	0
9.6	6.408588	1	1	1	58.237149	59.057625	330.77083	0.971	0
9.7	6.408588	1	1	1	131.95505	114.63625	325.66119	0.971	0
9.8	6.408588	1	1	1	58.237149	59.057625	330.77083	0.971	0
9.9	6.408588	1	1	1	130.75756	114.65745	320.88444	0.971	0
0.05	6.4951905	1	1	1	240.24521	119.82438	208.25068	0.971	0
0.15	6.4951905	1	1	1	240.27214	119.87709	208.30454	0.971	0
0.25	6.4951905	1	1	1	240.28131	119.88168	208.30568	0.971	0
0.35	6.4951905	1	1	1	240.27272	119.86678	208.29422	0.971	0
0.45	6.4951905	1	1	1	240.28647	119.87939	208.30339	0.971	0
0.55	6.4951905	1	1	1	190.39846	38.43229	131.39011	0.971	0
0.65	6.4951905	1	1	1	238.68448	117.74225	207.64563	0.971	0
0.75	6.4951905	1	1	1	58.80495	62.251291	242.24598	0.971	0
0.85	6.4951905	1	1	1	190.39846	38.43229	131.39011	0.971	0
0.95	6.4951905	1	1	1	58.565454	63.057443	152.16441	0.971	0
1.05	6.4951905	1	1	1	188.37191	37.101882	312.9908	0.971	0
1.15	6.4951905	1	1	1	238.26049	116.26975	297.69741	0.971	0
1.25	6.4951905	1	1	1	136.59829	117.71017	328.0722	0.971	0
1.35	6.4951905	1	1	1	242.78514	117.90096	211.83625	0.971	0
1.45	6.4951905	1	1	1	242.82123	117.92159	211.89641	0.971	0
1.55	6.4951905	1	1	1	240.18792	116.14141	299.84027	0.971	0
1.65	6.4951905	1	1	1	59.881538	64.097934	330.42476	0.971	0
1.75	6.4951905	1	1	1	240.15927	116.08297	209.71516	0.971	0
1.85	6.4951905	1	1	1	240.44346	116.36544	299.96174	0.971	0
1.95	6.4951905	1	1	1	56.055326	59.668398	155.6182	0.971	0
2.05	6.4951905	1	1	1	56.091995	59.653501	155.61133	0.971	0
2.15	6.4951905	1	1	1	235.8363	120.41109	204.34482	0.971	0
2.25	6.4951905	1	1	1	14.02658	141.57673	235.1923	0.971	0
2.35	6.4951905	1	1	1	132.58587	110.77738	326.92972	0.971	0
2.45	6.4951905	1	1	1	13.4668	141.7446	234.89608	0.971	0
2.55	6.4951905	1	1	1	13.417526	141.75663	234.8703	0.971	0
2.65	6.4951905	1	1	1	312.30612	69.131942	32.776624	0.971	0
2.75	6.4951905	1	1	1	13.396899	141.7595	234.87373	0.971	0
2.85	6.4951905	1	1	1	13.413515	141.73257	234.87373	0.971	0
2.95	6.4951905	1	1	1	311.80249	68.630031	33.257335	0.971	0
3.05	6.4951905	1	1	1	311.80592	68.634041	33.253897	0.971	0
3.15	6.4951905	1	1	1	311.80535	68.631749	33.252179	0.971	0
3.25	6.4951905	1	1	1	311.80249	68.630031	33.257335	0.971	0
3.35	6.4951905	1	1	1	131.1403	110.93781	321.01049	0.971	0
3.45	6.4951905	1	1	1	131.14087	110.9401	321.01049	0.971	0
3.55	6.4951905	1	1	1	131.13743	110.9401	321.00476	0.971	0
3.65	6.4951905	1	1	1	131.1403	110.93781	321.01049	0.971	0
3.75	6.4951905	1	1	1	131.14087	110.9401	321.01049	0.971	0
3.85	6.4951905	1	1	1	131.14259	110.94354	321.00935	0.971	0
3.95	6.4951905	1	1	1	16.927465	137.2062	237.25266	0.971	0
4.05	6.4951905	1	1	1	16.828343	137.21709	237.0779	0.971	0
4.15	6.4951905	1	1	1	17.015128	137.06067	237.2475	0.971	0
4.25	6.4951905	1	1	1	16.730368	137.14547	236.93982	0.971	0
4.35	6.4951905	1	1	1	16.830062	137.01713	237.02863	0.971	0
4.45	6.4951905	1	1	1	16.929757	136.97645	237.14093	0.971	0
4.55	6.4951905	1	1	1	16.659321	137.11453	236.84299	0.971	0
4.65	6.4951905	1	1	1	312.33992	67.984307	37.574572	0.971	0
4.75	6.4951905	1	1	1	16.367112	137.19933	236.47286	0.971	0
4.85	6.4951905	1	1	1	16.151107	137.35861	236.19841	0.971	0
4.95	6.4951905	1	1	1	312.35768	67.81242	37.412425	0.971	0
5.05	6.4951905	1	1	1	16.009014	135.60937	236.5313	0.971	0
5.15	6.4951905	1	1	1	311.30287	67.310509	39.204637	0.971	0
5.25	6.4951905	1	1	1	58.88631	54.055703	331.44176	0.971	0
5.35	6.4951905	1	1	1	312.1623	70.729348	35.047255	0.971	0
5.45	6.4951905	1	1	1	132.16303	109.243	324.7731	0.971	0
5.55	6.4951905	1	1	1	312.15486	70.705284	34.935529	0.971	0
5.65	6.4951905	1	1	1	235.26392	122.98826	203.12672	0.971	0
5.75	6.4951905	1	1	1	235.44268	123.46954	203.19146	0.971	0
5.85	6.4951905	1	1	1	312.1434	70.821594	35.731367	0.971	0
5.95	6.4951905	1	1	1	235.44211	123.47813	203.19433	0.971	0
6.05	6.4951905	1	1	1	235.43982	123.47642	203.19433	0.971	0
6.15	6.4951905	1	1	1	312.1434	70.821594	35.731367	0.971	0
6.25	6.4951905	1	1	1	235.44211	123.47813	203.19433	0.971	0
6.35	6.4951905	1	1	1	235.43982	123.47642	203.19433	0.971	0
6.45	6.4951905	1	1	1	198.06177	43.856481	124.57936	0.971	0
6.55	6.4951905	1	1	1	15.478455	141.28165	237.23375	0.971	0
6.65	6.4951905	1	1	1	198.06177	43.856481	124.57936	0.971	0
6.75	6.4951905	1	1	1	312.13881	70.134045	34.029109	0.971	0
6.85	6.4951905	1	1	1	312.16574	70.030912	34.025099	0.971	0
6.95	6.4951905	1	1	1	312.17491	69.988514	34.011921	0.971	0
7.05	6.4951905	1	1	1	57.551892	58.176416	333.29299	0.971	0
7.15	6.4951905	1	1	1	237.33688	121.8538	206.48998	0.971	0
7.25	6.4951905	1	1	1	237.90755	121.96438	207.14143	0.971	0
7.35	6.4951905	1	1	1	237.56778	121.90823	206.76958	0.971	0
7.45	6.4951905	1	1	1	237.66805	122.01881	206.93459	0.971	0
7.55	6.4951905	1	1	1	237.67321	122.30243	206.84292	0.971	0
7.65	6.4951905	1	1	1	57.1428	56.894136	153.62775	0.971	0
7.75	6.4951905	1	1	1	311.51773	68.465019	36.836603	0.971	0
7.85	6.4951905	1	1	1	56.647764	55.834164	153.87125	0.971	0
7.95	6.4951905	1	1	1	56.393371	55.815257	153.99788	0.971	0
8.05	6.4951905	1	1	1	56.398528	55.406165	153.84948	0.971	0
8.15	6.4951905	1	1	1	56.400246	55.308189	153.77099	0.971	0
8.25	6.4951905	1	1	1	236.47229	124.93517	206.39487	0.971	0
8.35	6.4951905	1	1	1	130.99305	111.40763	322.20453	0.971	0
8.45	6.4951905	1	1	1	236.80689	124.77531	206.392	0.971	0
8.55	6.4951905	1	1	1	130.96555	111.39274	322.18047	0.971	0
8.65	6.4951905	1	1	1	132.32002	115.04534	321.42932	0.971	0
8.75	6.4951905	1	1	1	61.062404	55.583782	329.16712	0.971	0
8.85	6.4951905	1	1	1	132.36815	115.09462	321.45797	0.971	0
8.95	6.4951905	1	1	1	313.10081	66.052866	35.17789	0.971	0
9.05	6.4951905	1	1	1	239.14112	121.44929	208.75545	0.971	0
9.15	6.4951905	1	1	1	239.1417	121.60456	208.4621	0.971	0
9.25	6.4951905	1	1	1	133.35249	113.94011	325.08365	0.971	0
9.35	6.4951905	1	1	1	313.08534	65.648358	34.898286	0.971	0
9.45	6.4951905	1	1	1	237.77176	120.82305	209.0087	0.971	0
9.55	6.4951905	1	1	1	131.90405	114.61161	325.68812	0.971	0
9.65	6.4951905	1	1	1	58.130006	59.097732	330.88427	0.971	0
9.75	6.4951905	1	1	1	237.7454	120.82878	209.01672	0.971	0
9.85	6.4951905	1	1	1	131.90348	114.61161	325.68812	0.971	0
9.95	6.4951905	1	1	1	130.29118	114.38358	320.55442	0.971	0
0	6.5817931	1	1	1	240.26011	119.85246	208.27761	0.971	0
0.1	6.5817931	1	1	1	235.75093	115.6819	204.91836	0.971	0
0.2	6.5817931	1	1	1	240.16385	119.77454	208.20771	0.971	0
0.3	6.5817931	1	1	1	239.98452	119.56541	208.14067	0.971	0
0.4	6.5817931	1	1	1	238.79047	118.05051	207.62157	0.971	0
0.5	6.5817931	1	1	1	190.22829	38.257538	131.41933	0.971	0
0.6	6.5817931	1	1	1	190.3509	38.39161	131.39756	0.971	0
0.7	6.5817931	1	1	1	238.78646	117.91128	207.65767	0.971	0
0.8	6.5817931	1	1	1	190.15323	38.356087	131.61299	0.971	0
0.9	6.5817931	1	1	1	58.618739	62.857481	152.17358	0.971	0
1	6.5817931	1	1	1	189.00216	37.906315	312.906	0.971	0
1.1	6.5817931	1	1	1	238.19804	116.37976	297.59714	0.971	0
1.2	6.5817931	1	1	1	237.81988	116.14943	297.28832	0.971	0
1.3	6.5817931	1	1	1	188.569	37.189545	312.81891	0.971	0
1.4	6.5817931	1	1	1	59.954304	64.012564	330.38523	0.971	0
1.5	6.5817931	1	1	1	240.02921	116.06807	209.6338	0.971	0
1.6	6.5817931	1	1	1	239.94498	116.03083	209.55645	0.971	0
1.7	6.5817931	1	1	1	240.11687	116.08984	209.66875	0.971	0
1.8	6.5817931	1	1	1	240.02921	116.06807	209.6338	0.971	0
1.9	6.5817931	1	1	1	232.97209	115.06826	201.98825	0.971	0
2	6.5817931	1	1	1	55.721864	59.525731	335.653	0.971	0
2.1	6.5817931	1	1	1	55.803797	59.570422	335.653	0.971	0
2.2	6.5817931	1	1	1	55.812965	59.559536	335.65185	0.971	0
2.3	6.5817931	1	1	1	312.43045	69.178924	32.897518	0.971	0
2.4	6.5817931	1	1	1	13.506907	141.7297	234.91556	0.971	0
2.5	6.5817931	1	1	1	13.414088	141.76466	234.86514	0.971	0
2.6	6.5817931	1	1	1	13.390024	141.76809	234.8491	0.971	0
2.7	6.5817931	1	1	1	312.31528	69.131942	32.786937	0.971	0
2.8	6.5817931	1	1	1	13.39518	141.75377	234.87144	0.971	0
2.9	6.5817931	1	1	1	312.3107	69.128504	32.792666	0.971	0
3	6.5817931	1	1	1	311.79848	68.628885	33.218947	0.971	0
3.1	6.5817931	1	1	1	311.82426	68.655814	33.210353	0.971	0
3.2	6.5817931	1	1	1	311.79045	68.609977	33.275097	0.971	0
3.3	6.5817931	1	1	1	311.6432	68.288548	33.008099	0.971	0
3.4	6.5817931	1	1	1	11.990288	141.18368	233.84012	0.971	0
3.5	6.5817931	1	1	1	311.66498	68.308028	32.982888	0.971	0
3.6	6.5817931	1	1	1	311.65237	68.296569	32.998358	0.971	0
3.7	6.5817931	1	1	1	12.008622	141.21347	233.84814	0.971	0
3.8	6.5817931	1	1	1	311.66498	68.308028	32.982888	0.971	0
3.9	6.5817931	1	1	1	312.20126	68.336676	37.86277	0.971	0
4	6.5817931	1	1	1	312.16517	68.446111	37.893137	0.971	0
4.1	6.5817931	1	1	1	312.19095	68.389961	37.871937	0.971	0
4.2	6.5817931	1	1	1	132.22147	111.79552	322.04754	0.971	0
4.3	6.5817931	1	1	1	16.791101	137.15807	237.01889	0.971	0
4.4	6.5817931	1	1	1	132.22376	111.77031	322.04926	0.971	0
4.5	6.5817931	1	1	1	132.22147	111.79552	322.04754	0.971	0
4.6	6.5817931	1	1	1	16.761307	137.05895	236.95128	0.971	0
4.7	6.5817931	1	1	1	16.205538	137.31335	236.26889	0.971	0
4.8	6.5817931	1	1	1	132.30512	111.94449	322.32085	0.971	0
4.9	6.5817931	1	1	1	16.34534	137.29788	236.4253	0.971	0
5	6.5817931	1	1	1	16.205538	137.31335	236.26889	0.971	0
5.1	6.5817931	1	1	1	311.25646	67.274412	39.330115	0.971	0
5.2	6.5817931	1	1	1	54.637828	58.073856	337.19884	0.971	0
5.3	6.5817931	1	1	1	312.18007	70.758569	34.412418	0.971	0
5.4	6.5817931	1	1	1	16.05485	141.55266	238.06855	0.971	0
5.5	6.5817931	1	1	1	132.15673	109.27623	324.93869	0.971	0
5.6	6.5817931	1	1	1	16.025057	141.55209	238.05766	0.971	0
5.7	6.5817931	1	1	1	235.44383	123.43745	203.17886	0.971	0
5.8	6.5817931	1	1	1	235.4381	123.42771	203.17943	0.971	0
5.9	6.5817931	1	1	1	312.15486	70.823886	35.709595	0.971	0
6	6.5817931	1	1	1	235.45128	123.48386	203.19318	0.971	0
6.1	6.5817931	1	1	1	235.44211	123.48902	203.19433	0.971	0
6.2	6.5817931	1	1	1	235.4507	123.50048	203.19604	0.971	0
6.3	6.5817931	1	1	1	235.43065	123.46496	203.19089	0.971	0
6.4	6.5817931	1	1	1	235.37622	123.35552	203.20693	0.971	0
6.5	6.5817931	1	1	1	312.13652	70.197643	34.024526	0.971	0
6.6	6.5817931	1	1	1	312.13824	70.185611	34.021661	0.971	0
6.7	6.5817931	1	1	1	312.13194	69.991951	34.072654	0.971	0
6.8	6.5817931	1	1	1	312.1348	70.098521	34.048017	0.971	0
6.9	6.5817931	1	1	1	312.16746	69.951271	34.039996	0.971	0
7	6.5817931	1	1	1	235.79562	121.28141	204.52187	0.971	0
7.1	6.5817931	1	1	1	235.8787	121.24818	204.62615	0.971	0
7.2	6.5817931	1	1	1	312.42013	69.35253	33.78331	0.971	0
7.3	6.5817931	1	1	1	235.79562	121.28141	204.52187	0.971	0
7.4	6.5817931	1	1	1	235.8787	121.24818	204.62615	0.971	0
7.5	6.5817931	1	1	1	237.42053	122.02397	206.57019	0.971	0
7.6	6.5817931	1	1	1	237.45548	122.5975	206.65786	0.971	0
7.7	6.5817931	1	1	1	56.689017	55.94761	153.84261	0.971	0
7.8	6.5817931	1	1	1	311.0353	68.711964	37.241684	0.971	0
7.9	6.5817931	1	1	1	56.49192	55.795776	153.94402	0.971	0
8	6.5817931	1	1	1	56.442645	55.767701	153.95204	0.971	0
8.1	6.5817931	1	1	1	310.4927	68.721704	37.914336	0.971	0
8.2	6.5817931	1	1	1	130.53697	111.31539	322.15583	0.971	0
8.3	6.5817931	1	1	1	130.53755	111.3618	321.90545	0.971	0
8.4	6.5817931	1	1	1	130.87387	111.37612	322.12604	0.971	0
8.5	6.5817931	1	1	1	130.86585	111.38013	322.12088	0.971	0
8.6	6.5817931	1	1	1	130.97872	111.38414	322.20683	0.971	0
8.7	6.5817931	1	1	1	131.08014	111.55374	322.20282	0.971	0
8.8	6.5817931	1	1	1	58.976265	58.098493	241.58708	0.971	0
8.9	6.5817931	1	1	1	313.07101	66.099276	35.244353	0.971	0
9	6.5817931	1	1	1	133.11586	113.94182	324.83613	0.971	0
9.1	6.5817931	1	1	1	239.17607	121.51919	208.42658	0.971	0
9.2	6.5817931	1	1	1	133.32957	113.92292	325.04354	0.971	0
9.3	6.5817931	1	1	1	313.39817	66.067763	34.874222	0.971	0
9.4	6.5817931	1	1	1	133.3714	113.9487	325.11172	0.971	0
9.5	6.5817931	1	1	1	131.8966	114.62021	325.7013	0.971	0
9.6	6.5817931	1	1	1	237.74655	120.82878	209.01959	0.971	0
9.7	6.5817931	1	1	1	237.7517	120.81789	209.02073	0.971	0
9.8	6.5817931	1	1	1	131.87712	114.61734	325.67838	0.971	0
9.9	6.5817931	1	1	1	130.19606	114.28445	320.62776	0.971	0
0.05	6.6683956	1	1	1	235.79734	115.74091	204.93726	0.971	0
0.15	6.6683956	1	1	1	235.70109	115.61945	204.90632	0.971	0
0.25	6.6683956	1	1	1	235.63978	115.53579	204.90403	0.971	0
0.35	6.6683956	1	1	1	235.64207	115.45558	204.998	0.971	0
0.45	6.6683956	1	1	1	234.36781	113.35282	205.00602	0.971	0
0.55	6.6683956	1	1	1	313.80727	67.19248	25.089249	0.971	0
0.65	6.6683956	1	1	1	313.82445	67.337438	25.013046	0.971	0
0.75	6.6683956	1	1	1	189.37229	38.085078	132.49019	0.971	0
0.85	6.6683956	1	1	1	190.00484	38.329731	131.74706	0.971	0
0.95	6.6683956	1	1	1	189.61064	38.121174	132.14183	0.971	0
1.05	6.6683956	1	1	1	189.37229	38.085078	132.49019	0.971	0
1.15	6.6683956	1	1	1	188.64635	37.299552	132.76865	0.971	0
1.25	6.6683956	1	1	1	135.58989	115.3576	330.60295	0.971	0
1.35	6.6683956	1	1	1	238.73547	116.34997	298.17411	0.971	0
1.45	6.6683956	1	1	1	313.40218	69.882516	26.971988	0.971	0
1.55	6.6683956	1	1	1	313.26582	70.167276	26.751399	0.971	0
1.65	6.6683956	1	1	1	232.95146	115.04133	201.97278	0.971	0
1.75	6.6683956	1	1	1	313.32484	70.052685	26.864272	0.971	0
1.85	6.6683956	1	1	1	232.92109	115.02873	201.93897	0.971	0
1.95	6.6683956	1	1	1	232.92224	115.02873	201.94069	0.971	0
2.05	6.6683956	1	1	1	232.9274	115.0356	201.947	0.971	0
2.15	6.6683956	1	1	1	232.93083	115.04018	201.95158	0.971	0
2.25	6.6683956	1	1	1	233.05345	115.31578	202.90326	0.971	0
2.35	6.6683956	1	1	1	13.485708	141.73945	234.90525	0.971	0
2.45	6.6683956	1	1	1	13.483989	141.7383	234.9041	0.971	0
2.55	6.6683956	1	1	1	13.481124	141.74002	234.90238	0.971	0
2.65	6.6683956	1	1	1	13.485708	141.73945	234.90525	0.971	0
2.75	6.6683956	1	1	1	13.432423	141.75721	234.87488	0.971	0
2.85	6.6683956	1	1	1	13.377992	141.77096	234.85597	0.971	0
2.95	6.6683956	1	1	1	13.373408	141.7658	234.85082	0.971	0
3.05	6.6683956	1	1	1	311.6581	68.439236	33.130139	0.971	0
3.15	6.6683956	1	1	1	12.258432	141.03413	234.1117	0.971	0
3.25	6.6683956	1	1	1	12.051021	141.2891	233.94268	0.971	0
3.35	6.6683956	1	1	1	12.14957	141.18597	234.0292	0.971	0
3.45	6.6683956	1	1	1	12.166759	141.13154	234.02748	0.971	0
3.55	6.6683956	1	1	1	311.64435	68.285683	32.99091	0.971	0
3.65	6.6683956	1	1	1	311.62945	68.276516	33.014974	0.971	0
3.75	6.6683956	1	1	1	12.044146	141.26045	233.86877	0.971	0
3.85	6.6683956	1	1	1	311.71654	68.36074	32.9445	0.971	0
3.95	6.6683956	1	1	1	12.125506	141.27191	233.91976	0.971	0
4.05	6.6683956	1	1	1	14.324518	142.7003	235.05937	0.971	0
4.15	6.6683956	1	1	1	55.610138	60.216145	66.46998	0.971	0
4.25	6.6683956	1	1	1	55.608992	60.214999	66.479147	0.971	0
4.35	6.6683956	1	1	1	55.62217	60.212135	246.47269	0.971	0
4.45	6.6683956	1	1	1	55.610138	60.216145	66.46998	0.971	0
4.55	6.6683956	1	1	1	55.608992	60.214999	66.479147	0.971	0
4.65	6.6683956	1	1	1	55.62217	60.212135	246.47269	0.971	0
4.75	6.6683956	1	1	1	55.596387	60.221875	66.539308	0.971	0
4.85	6.6683956	1	1	1	55.506432	60.185779	66.688277	0.971	0
4.95	6.6683956	1	1	1	233.99997	120.30624	201.32763	0.971	0
5.05	6.6683956	1	1	1	132.18938	109.1221	326.21295	0.971	0
5.15	6.6683956	1	1	1	234.52881	121.69051	202.63741	0.971	0
5.25	6.6683956	1	1	1	54.558187	58.146622	337.22405	0.971	0
5.35	6.6683956	1	1	1	16.027921	141.55954	238.06053	0.971	0
5.45	6.6683956	1	1	1	54.551885	58.15006	247.21811	0.971	0
5.55	6.6683956	1	1	1	16.018754	141.55495	238.05021	0.971	0
5.65	6.6683956	1	1	1	234.54772	121.84349	202.78466	0.971	0
5.75	6.6683956	1	1	1	312.16975	70.827324	35.674071	0.971	0
5.85	6.6683956	1	1	1	235.43523	123.42198	203.17599	0.971	0
5.95	6.6683956	1	1	1	312.15829	70.825032	35.715897	0.971	0
6.05	6.6683956	1	1	1	235.44727	123.48558	203.19089	0.971	0
6.15	6.6683956	1	1	1	15.809624	141.4564	237.70816	0.971	0
6.25	6.6683956	1	1	1	15.480174	141.29598	237.23719	0.971	0
6.35	6.6683956	1	1	1	312.14454	70.227437	33.956344	0.971	0
6.45	6.6683956	1	1	1	15.471006	141.32405	237.23776	0.971	0
6.55	6.6683956	1	1	1	312.1348	70.188476	34.032547	0.971	0
6.65	6.6683956	1	1	1	234.96713	121.6991	293.41799	0.971	0
6.75	6.6683956	1	1	1	15.472152	141.31202	237.23146	0.971	0
6.85	6.6683956	1	1	1	312.14683	70.221134	33.966657	0.971	0
6.95	6.6683956	1	1	1	235.22496	121.66816	293.7801	0.971	0
7.05	6.6683956	1	1	1	235.80536	121.28772	204.52989	0.971	0
7.15	6.6683956	1	1	1	312.32846	69.648177	33.836596	0.971	0
7.25	6.6683956	1	1	1	235.67989	121.34215	204.37118	0.971	0
7.35	6.6683956	1	1	1	235.80536	121.28772	204.52989	0.971	0
7.45	6.6683956	1	1	1	231.79065	118.62862	202.98749	0.971	0
7.55	6.6683956	1	1	1	231.79294	118.62862	202.99322	0.971	0
7.65	6.6683956	1	1	1	310.2893	69.890538	30.768407	0.971	0
7.75	6.6683956	1	1	1	231.87373	118.73748	203.09807	0.971	0
7.85	6.6683956	1	1	1	231.84107	118.6905	203.05682	0.971	0
7.95	6.6683956	1	1	1	56.50739	55.569458	153.82885	0.971	0
8.05	6.6683956	1	1	1	56.477596	55.870261	153.95376	0.971	0
8.15	6.6683956	1	1	1	311.75493	69.055738	31.238805	0.971	0
8.25	6.6683956	1	1	1	130.64813	111.36867	321.94441	0.971	0
8.35	6.6683956	1	1	1	311.78301	69.069489	31.288079	0.971	0
8.45	6.6683956	1	1	1	130.64813	111.36867	321.94441	0.971	0
8.55	6.6683956	1	1	1	311.78301	69.069489	31.288079	0.971	0
8.65	6.6683956	1	1	1	311.91708	69.096991	31.198698	0.971	0
8.75	6.6683956	1	1	1	311.87239	69.087824	31.228492	0.971	0
8.85	6.6683956	1	1	1	313.07846	66.076931	35.246645	0.971	0
8.95	6.6683956	1	1	1	133.10784	113.92292	324.8155	0.971	0
9.05	6.6683956	1	1	1	239.07982	121.75296	208.52111	0.971	0
9.15	6.6683956	1	1	1	133.38114	113.92578	325.10427	0.971	0
9.25	6.6683956	1	1	1	313.39531	66.088963	34.899432	0.971	0
9.35	6.6683956	1	1	1	133.37598	113.93495	325.10599	0.971	0
9.45	6.6683956	1	1	1	59.129817	58.567173	331.49046	0.971	0
9.55	6.6683956	1	1	1	131.89087	114.62193	325.69843	0.971	0
9.65	6.6683956	1	1	1	237.71847	120.82591	209.01443	0.971	0
9.75	6.6683956	1	1	1	131.90291	114.62651	325.69385	0.971	0
9.85	6.6683956	1	1	1	237.72993	120.84367	209.01443	0.971	0
9.95	6.6683956	1	1	1	131.87712	114.61562	325.67723	0.971	0
0	6.7549981	1	1	1	235.75093	115.6819	204.91836	0.971	0
0.1	6.7549981	1	1	1	235.71369	115.64064	204.89945	0.971	0
0.2	6.7549981	1	1	1	235.67588	115.58621	204.90117	0.971	0
0.3	6.7549981	1	1	1	235.38711	115.15821	204.86106	0.971	0
0.4	6.7549981	1	1	1	184.19161	33.499123	314.80479	0.971	0
0.5	6.7549981	1	1	1	313.80325	67.135757	25.109875	0.971	0
0.6	6.7549981	1	1	1	313.81013	67.167842	25.091541	0.971	0
0.7	6.7549981	1	1	1	313.79867	67.253213	25.106438	0.971	0
0.8	6.7549981	1	1	1	313.80325	67.135757	25.109875	0.971	0
0.9	6.7549981	1	1	1	313.80154	67.203939	25.088676	0.971	0
1	6.7549981	1	1	1	232.92281	112.50084	202.91701	0.971	0
1.1	6.7549981	1	1	1	185.1049	31.64847	133.19149	0.971	0
1.2	6.7549981	1	1	1	232.91307	112.52032	202.88092	0.971	0
1.3	6.7549981	1	1	1	189.30411	33.06654	128.87712	0.971	0
1.4	6.7549981	1	1	1	232.95948	115.0442	201.98137	0.971	0
1.5	6.7549981	1	1	1	313.26009	70.185038	26.737648	0.971	0
1.6	6.7549981	1	1	1	313.29103	70.091646	26.804685	0.971	0
1.7	6.7549981	1	1	1	232.92109	115.02701	201.93955	0.971	0
1.8	6.7549981	1	1	1	232.92167	115.02815	201.94012	0.971	0
1.9	6.7549981	1	1	1	232.92396	115.03044	201.94299	0.971	0
2	6.7549981	1	1	1	232.92109	115.02701	201.93955	0.971	0
2.1	6.7549981	1	1	1	232.92167	115.02815	201.94012	0.971	0
2.2	6.7549981	1	1	1	232.92396	115.03044	201.94299	0.971	0
2.3	6.7549981	1	1	1	233.0586	115.34786	202.93535	0.971	0
2.4	6.7549981	1	1	1	233.00818	115.19603	202.80529	0.971	0
2.5	6.7549981	1	1	1	233.01334	115.22697	202.68783	0.971	0
2.6	6.7549981	1	1	1	13.419245	141.76924	234.86285	0.971	0
2.7	6.7549981	1	1	1	312.31586	69.113034	32.746257	0.971	0
2.8	6.7549981	1	1	1	312.24137	69.036258	32.559473	0.971	0
2.9	6.7549981	1	1	1	311.66784	68.452987	33.108366	0.971	0
3	6.7549981	1	1	1	311.65123	68.420901	33.098053	0.971	0
3.1	6.7549981	1	1	1	131.64106	111.59499	326.89992	0.971	0
3.2	6.7549981	1	1	1	312.29237	68.827128	26.584096	0.971	0
3.3	6.7549981	1	1	1	311.64893	68.408296	33.102064	0.971	0
3.4	6.7549981	1	1	1	131.64106	111.59499	326.89992	0.971	0
3.5	6.7549981	1	1	1	311.64607	68.408296	33.10321	0.971	0
3.6	6.7549981	1	1	1	311.64893	68.408296	33.102064	0.971	0
3.7	6.7549981	1	1	1	131.64966	111.61963	326.91769	0.971	0
3.8	6.7549981	1	1	1	12.064772	141.25587	233.88767	0.971	0
3.9	6.7549981	1	1	1	311.94802	68.566432	32.797823	0.971	0
4	6.7549981	1	1	1	55.611857	60.153693	66.215014	0.971	0
4.1	6.7549981	1	1	1	14.210499	142.71175	234.95624	0.971	0
4.2	6.7549981	1	1	1	55.588365	60.281463	66.462531	0.971	0
4.3	6.7549981	1	1	1	55.627899	60.214427	66.412684	0.971	0
4.4	6.7549981	1	1	1	55.63191	60.180049	246.44863	0.971	0
4.5	6.7549981	1	1	1	55.583209	60.251096	66.547902	0.971	0
4.6	6.7549981	1	1	1	55.598679	60.255679	246.56379	0.971	0
4.7	6.7549981	1	1	1	55.54482	60.185206	246.66521	0.971	0
4.8	6.7549981	1	1	1	55.18443	60.086084	247.15451	0.971	0
4.9	6.7549981	1	1	1	196.27242	36.434386	121.89161	0.971	0
5	6.7549981	1	1	1	132.84141	108.30621	327.87109	0.971	0
5.1	6.7549981	1	1	1	54.118156	59.715953	248.52961	0.971	0
5.2	6.7549981	1	1	1	196.27242	36.434386	121.89161	0.971	0
5.3	6.7549981	1	1	1	16.047975	141.56928	238.07141	0.971	0
5.4	6.7549981	1	1	1	234.54257	121.83375	202.7732	0.971	0
5.5	6.7549981	1	1	1	312.05287	70.788936	33.962646	0.971	0
5.6	6.7549981	1	1	1	312.05803	70.769455	33.956917	0.971	0
5.7	6.7549981	1	1	1	312.05344	70.80727	33.95176	0.971	0
5.8	6.7549981	1	1	1	312.05287	70.788936	33.962646	0.971	0
5.9	6.7549981	1	1	1	312.05803	70.769455	33.956917	0.971	0
6	6.7549981	1	1	1	312.10501	70.626789	33.948895	0.971	0
6.1	6.7549981	1	1	1	15.878379	141.48448	237.8027	0.971	0
6.2	6.7549981	1	1	1	15.899006	141.50167	237.84509	0.971	0
6.3	6.7549981	1	1	1	312.14454	70.236031	33.943166	0.971	0
6.4	6.7549981	1	1	1	15.470433	141.32921	237.24177	0.971	0
6.5	6.7549981	1	1	1	312.14683	70.233739	33.943166	0.971	0
6.6	6.7549981	1	1	1	234.95509	121.69108	293.40825	0.971	0
6.7	6.7549981	1	1	1	312.14511	70.234885	33.94202	0.971	0
6.8	6.7549981	1	1	1	234.97916	121.70426	293.43346	0.971	0
6.9	6.7549981	1	1	1	234.97572	121.70426	293.42658	0.971	0
7	6.7549981	1	1	1	15.259585	141.20258	236.88883	0.971	0
7.1	6.7549981	1	1	1	312.23392	69.939239	33.899621	0.971	0
7.2	6.7549981	1	1	1	235.44841	121.45903	294.06772	0.971	0
7.3	6.7549981	1	1	1	235.81339	121.38512	204.53906	0.971	0
7.4	6.7549981	1	1	1	140.02344	72.92836	278.1584	0.171	0
7.5	6.7549981	1	1	1	10.271414	143.91038	234.42282	0.971	0
7.6	6.7549981	1	1	1	310.30134	69.950125	30.664128	0.971	0
7.7	6.7549981	1	1	1	310.28988	69.880225	30.762677	0.971	0
7.8	6.7549981	1	1	1	231.86743	118.7243	203.09234	0.971	0
7.9	6.7549981	1	1	1	231.99921	118.91854	203.24016	0.971	0
8	6.7549981	1	1	1	11.134289	143.06699	233.46369	0.971	0
8.1	6.7549981	1	1	1	311.74061	69.037404	31.146559	0.971	0
8.2	6.7549981	1	1	1	311.7704	69.041987	31.147705	0.971	0
8.3	6.7549981	1	1	1	11.12684	143.12257	233.40582	0.971	0
8.4	6.7549981	1	1	1	311.83858	69.040268	31.06348	0.971	0
8.5	6.7549981	1	1	1	311.83457	69.037977	31.061188	0.971	0
8.6	6.7549981	1	1	1	311.83629	69.040268	31.064053	0.971	0
8.7	6.7549981	1	1	1	312.00302	69.349666	31.312716	0.971	0
8.8	6.7549981	1	1	1	312.01162	69.395502	31.303549	0.971	0
8.9	6.7549981	1	1	1	133.12273	113.9424	324.83327	0.971	0
9	6.7549981	1	1	1	133.12101	113.9424	324.83212	0.971	0
9.1	6.7549981	1	1	1	133.12273	113.9424	324.83327	0.971	0
9.2	6.7549981	1	1	1	239.17722	121.53638	208.3985	0.971	0
9.3	6.7549981	1	1	1	133.36338	113.94297	325.10485	0.971	0
9.4	6.7549981	1	1	1	239.17722	121.53638	208.3985	0.971	0
9.5	6.7549981	1	1	1	133.36338	113.94297	325.10485	0.971	0
9.6	6.7549981	1	1	1	237.73394	120.83164	209.01615	0.971	0
9.7	6.7549981	1	1	1	131.86394	114.61276	325.68296	0.971	0
9.8	6.7549981	1	1	1	237.73394	120.83164	209.01615	0.971	0
9.9	6.7549981	1	1	1	131.86394	114.61276	325.68296	0.971	0
0.05	6.8416007	1	1	1	235.43294	115.29229	204.7923	0.971	0
0.15	6.8416007	1	1	1	235.55555	115.44699	204.83871	0.971	0
0.25	6.8416007	1	1	1	313.87659	67.185031	25.340204	0.971	0
0.35	6.8416007	1	1	1	234.20509	113.06978	205.02836	0.971	0
0.45	6.8416007	1	1	1	313.8405	67.131173	25.149982	0.971	0
0.55	6.8416007	1	1	1	313.87659	67.185031	25.340204	0.971	0
0.65	6.8416007	1	1	1	313.80784	67.123725	25.147118	0.971	0
0.75	6.8416007	1	1	1	313.80956	67.168415	25.097843	0.971	0
0.85	6.8416007	1	1	1	232.86896	112.4	202.82763	0.971	0
0.95	6.8416007	1	1	1	313.73908	68.956044	24.183976	0.971	0
1.05	6.8416007	1	1	1	232.88786	112.43495	202.86316	0.971	0
1.15	6.8416007	1	1	1	185.12094	31.645032	133.17545	0.971	0
1.25	6.8416007	1	1	1	232.90333	112.52032	202.86201	0.971	0
1.35	6.8416007	1	1	1	313.31108	70.067582	26.825311	0.971	0
1.45	6.8416007	1	1	1	313.2515	70.211967	26.718168	0.971	0
1.55	6.8416007	1	1	1	232.92109	115.02758	201.93897	0.971	0
1.65	6.8416007	1	1	1	232.92109	115.02701	201.93897	0.971	0
1.75	6.8416007	1	1	1	232.92109	115.02701	201.93897	0.971	0
1.85	6.8416007	1	1	1	232.92052	115.02758	201.9384	0.971	0
1.95	6.8416007	1	1	1	232.92167	115.02758	201.93955	0.971	0
2.05	6.8416007	1	1	1	232.92109	115.02701	201.93897	0.971	0
2.15	6.8416007	1	1	1	232.92052	115.02758	201.9384	0.971	0
2.25	6.8416007	1	1	1	233.04428	115.29572	202.91587	0.971	0
2.35	6.8416007	1	1	1	233.05746	115.33182	202.9342	0.971	0
2.45	6.8416007	1	1	1	233.02308	115.22754	202.84081	0.971	0
2.55	6.8416007	1	1	1	233.00933	115.21608	202.85743	0.971	0
2.65	6.8416007	1	1	1	312.30612	69.105586	32.719901	0.971	0
2.75	6.8416007	1	1	1	312.30612	69.105586	32.719901	0.971	0
2.85	6.8416007	1	1	1	6.4784338	146.50875	229.12697	0.971	0
2.95	6.8416007	1	1	1	312.29351	68.82369	26.587534	0.971	0
3.05	6.8416007	1	1	1	52.543095	65.332086	246.57411	0.971	0
3.15	6.8416007	1	1	1	52.536219	65.33495	246.58385	0.971	0
3.25	6.8416007	1	1	1	312.29294	68.820253	26.584096	0.971	0
3.35	6.8416007	1	1	1	52.543095	65.332086	246.57411	0.971	0
3.45	6.8416007	1	1	1	52.543668	65.33094	246.57353	0.971	0
3.55	6.8416007	1	1	1	6.4715583	146.4864	229.11608	0.971	0
3.65	6.8416007	1	1	1	12.109463	141.16763	233.9633	0.971	0
3.75	6.8416007	1	1	1	55.282406	60.632113	66.32674	0.971	0
3.85	6.8416007	1	1	1	232.2261	113.72754	203.0677	0.971	0
3.95	6.8416007	1	1	1	232.2261	113.72754	203.0677	0.971	0
4.05	6.8416007	1	1	1	55.589511	60.264847	66.467688	0.971	0
4.15	6.8416007	1	1	1	55.597533	60.252242	66.452791	0.971	0
4.25	6.8416007	1	1	1	55.592949	60.28089	66.432165	0.971	0
4.35	6.8416007	1	1	1	55.607273	60.206978	246.54317	0.971	0
4.45	6.8416007	1	1	1	55.614148	60.204686	66.478574	0.971	0
4.55	6.8416007	1	1	1	55.603262	60.252242	66.541599	0.971	0
4.65	6.8416007	1	1	1	55.607273	60.206978	246.54317	0.971	0
4.75	6.8416007	1	1	1	196.28044	36.438397	121.86583	0.971	0
4.85	6.8416007	1	1	1	233.99826	120.32973	201.3345	0.971	0
4.95	6.8416007	1	1	1	54.357079	59.636312	68.167081	0.971	0
5.05	6.8416007	1	1	1	196.34977	36.418916	121.73749	0.971	0
5.15	6.8416007	1	1	1	233.99826	120.32973	201.3345	0.971	0
5.25	6.8416007	1	1	1	16.05485	141.55266	238.06855	0.971	0
5.35	6.8416007	1	1	1	54.529539	58.18501	247.25249	0.971	0
5.45	6.8416007	1	1	1	16.025057	141.55209	238.05766	0.971	0
5.55	6.8416007	1	1	1	234.55517	121.83375	202.79669	0.971	0
5.65	6.8416007	1	1	1	312.05688	70.806124	33.940301	0.971	0
5.75	6.8416007	1	1	1	312.0437	70.804405	33.969522	0.971	0
5.85	6.8416007	1	1	1	234.55517	121.83375	202.79669	0.971	0
5.95	6.8416007	1	1	1	312.10787	70.627934	33.923685	0.971	0
6.05	6.8416007	1	1	1	312.08782	70.680647	33.955771	0.971	0
6.15	6.8416007	1	1	1	15.874942	141.49651	237.80327	0.971	0
6.25	6.8416007	1	1	1	312.11016	70.614756	33.955771	0.971	0
6.35	6.8416007	1	1	1	15.46986	141.33207	237.24177	0.971	0
6.45	6.8416007	1	1	1	312.14397	70.240042	33.935144	0.971	0
6.55	6.8416007	1	1	1	234.94593	121.68077	293.40596	0.971	0
6.65	6.8416007	1	1	1	15.46986	141.33207	237.24177	0.971	0
6.75	6.8416007	1	1	1	312.14397	70.240042	33.935144	0.971	0
6.85	6.8416007	1	1	1	234.96025	121.68993	293.41627	0.971	0
6.95	6.8416007	1	1	1	15.351258	141.26217	237.0378	0.971	0
7.05	6.8416007	1	1	1	312.42013	69.35253	33.78331	0.971	0
7.15	6.8416007	1	1	1	235.79562	121.28141	204.52187	0.971	0
7.25	6.8416007	1	1	1	235.8787	121.24818	204.62615	0.971	0
7.35	6.8416007	1	1	1	231.79122	118.62633	202.99035	0.971	0
7.45	6.8416007	1	1	1	231.79065	118.62575	202.98921	0.971	0
7.55	6.8416007	1	1	1	310.30248	69.944969	30.660118	0.971	0
7.65	6.8416007	1	1	1	231.79065	118.62404	202.98921	0.971	0
7.75	6.8416007	1	1	1	10.254226	143.90694	234.40162	0.971	0
7.85	6.8416007	1	1	1	310.30248	69.944969	30.660118	0.971	0
7.95	6.8416007	1	1	1	311.80822	69.036831	31.075512	0.971	0
8.05	6.8416007	1	1	1	311.82483	69.037404	31.064053	0.971	0
8.15	6.8416007	1	1	1	311.82999	69.037404	31.061188	0.971	0
8.25	6.8416007	1	1	1	311.83228	69.037977	31.061761	0.971	0
8.35	6.8416007	1	1	1	311.834	69.037977	31.061761	0.971	0
8.45	6.8416007	1	1	1	311.82999	69.037404	31.061761	0.971	0
8.55	6.8416007	1	1	1	311.83285	69.037977	31.062334	0.971	0
8.65	6.8416007	1	1	1	311.83457	69.037977	31.061761	0.971	0
8.75	6.8416007	1	1	1	312.00761	69.357114	31.310998	0.971	0
8.85	6.8416007	1	1	1	312.02995	69.410399	31.285787	0.971	0
8.95	6.8416007	1	1	1	312.04427	69.441339	31.26688	0.971	0
9.05	6.8416007	1	1	1	234.08019	119.0698	203.67847	0.971	0
9.15	6.8416007	1	1	1	312.04427	69.441339	31.26688	0.971	0
9.25	6.8416007	1	1	1	234.08133	119.06636	203.67446	0.971	0
9.35	6.8416007	1	1	1	312.06777	69.455663	31.245107	0.971	0
9.45	6.8416007	1	1	1	234.08133	119.06636	203.67446	0.971	0
9.55	6.8416007	1	1	1	312.06777	69.455663	31.245107	0.971	0
9.65	6.8416007	1	1	1	234.11342	119.0337	203.66243	0.971	0
9.75	6.8416007	1	1	1	312.20356	69.463111	31.147705	0.971	0
9.85	6.8416007	1	1	1	234.27557	118.86067	203.59769	0.971	0
9.95	6.8416007	1	1	1	233.69172	116.87995	203.91912	0.971	0
0	6.9282032	1	1	1	235.63978	115.54897	204.8771	0.971	0
0.1	6.9282032	1	1	1	235.50972	115.38912	204.82611	0.971	0
0.2	6.9282032	1	1	1	235.54467	115.43381	204.83585	0.971	0
0.3	6.9282032	1	1	1	234.36781	113.35282	205.00602	0.971	0
0.4	6.9282032	1	1	1	313.8256	67.094504	25.164879	0.971	0
0.5	6.9282032	1	1	1	313.82445	67.337438	25.013046	0.971	0
0.6	6.9282032	1	1	1	234.30421	113.23766	205.05472	0.971	0
0.7	6.9282032	1	1	1	313.80956	67.10539	25.136231	0.971	0
0.8	6.9282032	1	1	1	232.8065	112.27853	202.72736	0.971	0
0.9	6.9282032	1	1	1	313.73565	68.923958	24.199445	0.971	0
1	6.9282032	1	1	1	313.72762	68.950314	24.240125	0.971	0
1.1	6.9282032	1	1	1	232.90906	112.47391	202.88951	0.971	0
1.2	6.9282032	1	1	1	232.88844	112.49224	202.83852	0.971	0
1.3	6.9282032	1	1	1	313.72762	68.950314	24.240125	0.971	0
1.4	6.9282032	1	1	1	313.26582	70.167276	26.751399	0.971	0
1.5	6.9282032	1	1	1	232.92052	115.02643	201.93783	0.971	0
1.6	6.9282032	1	1	1	189.32645	32.807563	128.66741	0.971	0
1.7	6.9282032	1	1	1	313.25035	70.211967	26.718741	0.971	0
1.8	6.9282032	1	1	1	232.92052	115.02643	201.93783	0.971	0
1.9	6.9282032	1	1	1	189.32645	32.807563	128.66741	0.971	0
2	6.9282032	1	1	1	313.25035	70.211967	26.718741	0.971	0
2.1	6.9282032	1	1	1	232.92052	115.02701	201.9384	0.971	0
2.2	6.9282032	1	1	1	232.9274	115.0356	201.947	0.971	0
2.3	6.9282032	1	1	1	231.66689	112.15019	202.17274	0.971	0
2.4	6.9282032	1	1	1	233.05345	115.31578	202.90326	0.971	0
2.5	6.9282032	1	1	1	233.03168	115.25504	202.90269	0.971	0
2.6	6.9282032	1	1	1	233.00074	115.20806	202.9216	0.971	0
2.7	6.9282032	1	1	1	231.63137	112.10378	202.19738	0.971	0
2.8	6.9282032	1	1	1	312.8997	69.518115	23.631071	0.971	0
2.9	6.9282032	1	1	1	312.29351	68.825409	26.592117	0.971	0
3	6.9282032	1	1	1	52.540803	65.336669	246.5764	0.971	0
3.1	6.9282032	1	1	1	52.536792	65.335523	246.58155	0.971	0
3.2	6.9282032	1	1	1	312.29351	68.825409	26.592117	0.971	0
3.3	6.9282032	1	1	1	52.540803	65.336669	246.5764	0.971	0
3.4	6.9282032	1	1	1	52.538511	65.344691	246.57525	0.971	0
3.5	6.9282032	1	1	1	52.552262	65.326356	246.56265	0.971	0
3.6	6.9282032	1	1	1	232.14073	113.43075	203.24933	0.971	0
3.7	6.9282032	1	1	1	232.12927	113.41184	203.25792	0.971	0
3.8	6.9282032	1	1	1	232.21636	113.64618	203.15365	0.971	0
3.9	6.9282032	1	1	1	232.12125	113.39293	203.25277	0.971	0
4	6.9282032	1	1	1	232.18484	113.6691	203.0402	0.971	0
4.1	6.9282032	1	1	1	312.64072	71.320067	27.249873	0.971	0
4.2	6.9282032	1	1	1	190.77489	32.631092	126.43116	0.971	0
4.3	6.9282032	1	1	1	312.63958	71.324651	27.253883	0.971	0
4.4	6.9282032	1	1	1	312.64072	71.320067	27.249873	0.971	0
4.5	6.9282032	1	1	1	190.77489	32.631092	126.43116	0.971	0
4.6	6.9282032	1	1	1	312.63958	71.324651	27.253883	0.971	0
4.7	6.9282032	1	1	1	312.64072	71.323505	27.252165	0.971	0
4.8	6.9282032	1	1	1	233.99997	120.30624	201.32763	0.971	0
4.9	6.9282032	1	1	1	234.00857	120.46667	201.39352	0.971	0
5	6.9282032	1	1	1	54.235612	59.549223	68.283391	0.971	0
5.1	6.9282032	1	1	1	233.99997	120.30624	201.32763	0.971	0
5.2	6.9282032	1	1	1	16.056569	141.55553	238.07256	0.971	0
5.3	6.9282032	1	1	1	54.551885	58.15006	247.21811	0.971	0
5.4	6.9282032	1	1	1	16.018754	141.55495	238.05021	0.971	0
5.5	6.9282032	1	1	1	234.54772	121.84349	202.78466	0.971	0
5.6	6.9282032	1	1	1	54.551885	58.15006	247.21811	0.971	0
5.7	6.9282032	1	1	1	312.0437	70.806697	33.966084	0.971	0
5.8	6.9282032	1	1	1	234.54772	121.84349	202.78466	0.971	0
5.9	6.9282032	1	1	1	312.11589	70.597568	33.919674	0.971	0
6	6.9282032	1	1	1	312.07636	70.715597	33.946603	0.971	0
6.1	6.9282032	1	1	1	234.6583	121.78562	202.93134	0.971	0
6.2	6.9282032	1	1	1	312.11589	70.597568	33.919674	0.971	0
6.3	6.9282032	1	1	1	15.46986	141.3315	237.24234	0.971	0
6.4	6.9282032	1	1	1	15.477309	141.31718	237.24406	0.971	0
6.5	6.9282032	1	1	1	234.94994	121.69108	293.40367	0.971	0
6.6	6.9282032	1	1	1	15.472152	141.31202	237.23146	0.971	0
6.7	6.9282032	1	1	1	15.46986	141.32978	237.24177	0.971	0
6.8	6.9282032	1	1	1	234.96713	121.6991	293.41799	0.971	0
6.9	6.9282032	1	1	1	15.472152	141.31202	237.23146	0.971	0
7	6.9282032	1	1	1	312.14168	70.222853	33.937436	0.971	0
7.1	6.9282032	1	1	1	235.06682	121.63436	293.56982	0.971	0
7.2	6.9282032	1	1	1	235.80536	121.28772	204.52989	0.971	0
7.3	6.9282032	1	1	1	231.78836	118.62518	202.9852	0.971	0
7.4	6.9282032	1	1	1	231.79294	118.62862	202.99322	0.971	0
7.5	6.9282032	1	1	1	10.258236	143.90924	234.40677	0.971	0
7.6	6.9282032	1	1	1	10.249642	143.90924	234.39646	0.971	0
7.7	6.9282032	1	1	1	231.79294	118.62862	202.99322	0.971	0
7.8	6.9282032	1	1	1	10.245631	143.90752	234.3913	0.971	0
7.9	6.9282032	1	1	1	10.249642	143.90924	234.39646	0.971	0
8	6.9282032	1	1	1	311.81738	69.037404	31.071501	0.971	0
8.1	6.9282032	1	1	1	311.82712	69.037404	31.062907	0.971	0
8.2	6.9282032	1	1	1	131.82613	110.96244	328.93679	0.971	0
8.3	6.9282032	1	1	1	311.83572	69.037977	31.060615	0.971	0
8.4	6.9282032	1	1	1	311.82712	69.037977	31.068063	0.971	0
8.5	6.9282032	1	1	1	311.82942	69.037404	31.062334	0.971	0
8.6	6.9282032	1	1	1	311.83572	69.037977	31.060615	0.971	0
8.7	6.9282032	1	1	1	312.00474	69.349666	31.312144	0.971	0
8.8	6.9282032	1	1	1	312.0162	69.39321	31.299538	0.971	0
8.9	6.9282032	1	1	1	312.02766	69.422431	31.285214	0.971	0
9	6.9282032	1	1	1	312.02651	69.420139	31.286933	0.971	0
9.1	6.9282032	1	1	1	234.07904	119.07954	203.69165	0.971	0
9.2	6.9282032	1	1	1	312.05344	69.451652	31.25714	0.971	0
9.3	6.9282032	1	1	1	234.0779	119.06178	203.66873	0.971	0
9.4	6.9282032	1	1	1	312.06089	69.455663	31.249691	0.971	0
9.5	6.9282032	1	1	1	234.10253	119.03943	203.66014	0.971	0
9.6	6.9282032	1	1	1	312.19152	69.465403	31.158591	0.971	0
9.7	6.9282032	1	1	1	234.27786	118.87442	203.62805	0.971	0
9.8	6.9282032	1	1	1	312.57655	69.456809	30.861226	0.971	0
9.9	6.9282032	1	1	1	234.39073	118.73805	203.60972	0.971	0
0.05	7.0148058	1	1	1	314.19516	67.702985	27.110071	0.971	0
0.15	7.0148058	1	1	1	235.39627	115.23327	204.79059	0.971	0
0.25	7.0148058	1	1	1	313.86342	67.197636	25.302389	0.971	0
0.35	7.0148058	1	1	1	313.83133	67.119141	25.14368	0.971	0
0.45	7.0148058	1	1	1	313.82331	67.101952	25.148837	0.971	0
0.55	7.0148058	1	1	1	184.19161	33.499123	314.80479	0.971	0
0.65	7.0148058	1	1	1	313.81815	67.076169	25.163733	0.971	0
0.75	7.0148058	1	1	1	313.82331	67.101952	25.148837	0.971	0
0.85	7.0148058	1	1	1	232.92281	112.50084	202.91701	0.971	0
0.95	7.0148058	1	1	1	185.1049	31.64847	133.19149	0.971	0
1.05	7.0148058	1	1	1	232.91307	112.52032	202.88092	0.971	0
1.15	7.0148058	1	1	1	232.89015	112.49281	202.84138	0.971	0
1.25	7.0148058	1	1	1	232.88901	112.50427	202.83565	0.971	0
1.35	7.0148058	1	1	1	232.91307	112.52032	202.88092	0.971	0
1.45	7.0148058	1	1	1	232.89015	112.49281	202.84138	0.971	0
1.55	7.0148058	1	1	1	232.92109	115.02643	201.93897	0.971	0
1.65	7.0148058	1	1	1	232.92052	115.02643	201.9384	0.971	0
1.75	7.0148058	1	1	1	232.92109	115.02643	201.93897	0.971	0
1.85	7.0148058	1	1	1	232.92109	115.02643	201.93897	0.971	0
1.95	7.0148058	1	1	1	232.92052	115.02643	201.9384	0.971	0
2.05	7.0148058	1	1	1	232.92109	115.02643	201.93897	0.971	0
2.15	7.0148058	1	1	1	312.93293	69.541606	23.753111	0.971	0
2.25	7.0148058	1	1	1	231.64454	112.11065	202.17847	0.971	0
2.35	7.0148058	1	1	1	231.65371	112.12555	202.17618	0.971	0
2.45	7.0148058	1	1	1	312.91059	69.52098	23.655708	0.971	0
2.55	7.0148058	1	1	1	312.906	69.516969	23.645395	0.971	0
2.65	7.0148058	1	1	1	231.62449	112.08143	202.1842	0.971	0
2.75	7.0148058	1	1	1	312.90715	69.518688	23.636801	0.971	0
2.85	7.0148058	1	1	1	312.906	69.516969	23.645395	0.971	0
2.95	7.0148058	1	1	1	232.53779	114.65974	203.42122	0.971	0
3.05	7.0148058	1	1	1	312.29237	68.827128	26.584096	0.971	0
3.15	7.0148058	1	1	1	52.537365	65.356723	246.57067	0.971	0
3.25	7.0148058	1	1	1	52.543668	65.336669	246.57239	0.971	0
3.35	7.0148058	1	1	1	312.29408	68.821399	26.578939	0.971	0
3.45	7.0148058	1	1	1	52.537365	65.356723	246.57067	0.971	0
3.55	7.0148058	1	1	1	232.12526	113.39981	203.26079	0.971	0
3.65	7.0148058	1	1	1	232.12067	113.38949	203.25277	0.971	0
3.75	7.0148058	1	1	1	232.11895	113.38949	203.25563	0.971	0
3.85	7.0148058	1	1	1	232.11322	113.3746	203.2585	0.971	0
3.95	7.0148058	1	1	1	232.10979	113.36658	203.2499	0.971	0
4.05	7.0148058	1	1	1	232.11895	113.38949	203.25563	0.971	0
4.15	7.0148058	1	1	1	312.64187	71.313765	27.247008	0.971	0
4.25	7.0148058	1	1	1	232.00551	115.70539	200.81999	0.971	0
4.35	7.0148058	1	1	1	312.639	71.325224	27.2493	0.971	0
4.45	7.0148058	1	1	1	312.63958	71.324651	27.248727	0.971	0
4.55	7.0148058	1	1	1	232.00551	115.70539	200.81999	0.971	0
4.65	7.0148058	1	1	1	312.63958	71.322359	27.248727	0.971	0
4.75	7.0148058	1	1	1	312.63958	71.352153	27.260186	0.971	0
4.85	7.0148058	1	1	1	132.84141	108.30621	327.87109	0.971	0
4.95	7.0148058	1	1	1	54.118156	59.715953	248.52961	0.971	0
5.05	7.0148058	1	1	1	196.27242	36.434386	121.89161	0.971	0
5.15	7.0148058	1	1	1	132.84141	108.30621	327.87109	0.971	0
5.25	7.0148058	1	1	1	196.08335	38.188783	121.89448	0.971	0
5.35	7.0148058	1	1	1	196.04095	38.356087	121.92427	0.971	0
5.45	7.0148058	1	1	1	54.463649	58.256057	337.35297	0.971	0
5.55	7.0148058	1	1	1	312.0586	70.841648	33.909361	0.971	0
5.65	7.0148058	1	1	1	312.05287	70.788936	33.962646	0.971	0
5.75	7.0148058	1	1	1	310.90581	72.362851	29.102818	0.971	0
5.85	7.0148058	1	1	1	310.91154	72.374883	29.049533	0.971	0
5.95	7.0148058	1	1	1	310.92701	72.36457	29.12058	0.971	0
6.05	7.0148058	1	1	1	230.40008	117.54573	199.97545	0.971	0
6.15	7.0148058	1	1	1	130.85325	107.79685	330.6018	0.971	0
6.25	7.0148058	1	1	1	230.59718	117.83221	200.22297	0.971	0
6.35	7.0148058	1	1	1	130.73464	107.91545	330.69176	0.971	0
6.45	7.0148058	1	1	1	234.95624	121.69795	293.40768	0.971	0
6.55	7.0148058	1	1	1	312.1434	70.24348	33.937436	0.971	0
6.65	7.0148058	1	1	1	234.95223	121.69222	293.40481	0.971	0
6.75	7.0148058	1	1	1	234.95509	121.69108	293.40825	0.971	0
6.85	7.0148058	1	1	1	312.12793	70.238896	33.903059	0.971	0
6.95	7.0148058	1	1	1	234.97916	121.70426	293.43346	0.971	0
7.05	7.0148058	1	1	1	234.95108	121.66701	293.4283	0.971	0
7.15	7.0148058	1	1	1	51.779342	61.367218	337.03383	0.971	0
7.25	7.0148058	1	1	1	231.7832	118.62805	202.97603	0.971	0
7.35	7.0148058	1	1	1	10.270268	143.91038	234.42167	0.971	0
7.45	7.0148058	1	1	1	310.30134	69.950125	30.664128	0.971	0
7.55	7.0148058	1	1	1	231.79122	118.61945	202.99093	0.971	0
7.65	7.0148058	1	1	1	10.270268	143.91038	234.42167	0.971	0
7.75	7.0148058	1	1	1	310.30134	69.950125	30.664128	0.971	0
7.85	7.0148058	1	1	1	231.79122	118.61945	202.99093	0.971	0
7.95	7.0148058	1	1	1	311.80019	69.036258	31.079523	0.971	0
8.05	7.0148058	1	1	1	311.82311	69.037977	31.069209	0.971	0
8.15	7.0148058	1	1	1	311.82884	69.037404	31.062907	0.971	0
8.25	7.0148058	1	1	1	311.834	69.037977	31.061188	0.971	0
8.35	7.0148058	1	1	1	311.83514	69.037977	31.061188	0.971	0
8.45	7.0148058	1	1	1	311.82942	69.037404	31.062907	0.971	0
8.55	7.0148058	1	1	1	311.834	69.037977	31.061188	0.971	0
8.65	7.0148058	1	1	1	311.83514	69.037977	31.061188	0.971	0
8.75	7.0148058	1	1	1	312.00359	69.372584	31.310998	0.971	0
8.85	7.0148058	1	1	1	312.01219	69.40467	31.300684	0.971	0
8.95	7.0148058	1	1	1	312.01964	69.417848	31.293236	0.971	0
9.05	7.0148058	1	1	1	312.00531	69.384043	31.310425	0.971	0
9.15	7.0148058	1	1	1	312.01162	69.407534	31.30183	0.971	0
9.25	7.0148058	1	1	1	312.0523	69.453371	31.254848	0.971	0
9.35	7.0148058	1	1	1	234.07962	119.05948	203.66759	0.971	0
9.45	7.0148058	1	1	1	234.07732	119.06407	203.67217	0.971	0
9.55	7.0148058	1	1	1	312.07751	69.460246	31.231356	0.971	0
9.65	7.0148058	1	1	1	312.31929	69.459674	31.065772	0.971	0
9.75	7.0148058	1	1	1	234.39589	118.74436	203.61029	0.971	0
9.85	7.0148058	1	1	1	234.38386	118.76326	203.62003	0.971	0
9.95	7.0148058	1	1	1	233.63557	116.83297	203.90479	0.971	0
0	7.1014083	1	1	1	134.2463	112.28884	332.60945	0.971	0
0.1	7.1014083	1	1	1	235.3533	115.15592	204.7923	0.971	0
0.2	7.1014083	1	1	1	313.87946	67.183312	25.376301	0.971	0
0.3	7.1014083	1	1	1	313.8405	67.131173	25.149982	0.971	0
0.4	7.1014083	1	1	1	313.87659	67.185031	25.340204	0.971	0
0.5	7.1014083	1	1	1	234.20509	113.06978	205.02836	0.971	0
0.6	7.1014083	1	1	1	313.8405	67.131173	25.149982	0.971	0
0.7	7.1014083	1	1	1	232.45127	111.5652	202.13836	0.971	0
0.8	7.1014083	1	1	1	232.47705	111.64369	202.17733	0.971	0
0.9	7.1014083	1	1	1	185.05047	31.52643	133.23274	0.971	0
1	7.1014083	1	1	1	232.84375	112.41203	202.76174	0.971	0
1.1	7.1014083	1	1	1	232.90333	112.52032	202.86201	0.971	0
1.2	7.1014083	1	1	1	232.88614	112.51631	202.82419	0.971	0
1.3	7.1014083	1	1	1	232.88614	112.51	202.82477	0.971	0
1.4	7.1014083	1	1	1	232.90333	112.52032	202.86201	0.971	0
1.5	7.1014083	1	1	1	232.92109	115.02701	201.93897	0.971	0
1.6	7.1014083	1	1	1	232.92052	115.02414	201.9384	0.971	0
1.7	7.1014083	1	1	1	232.92109	115.02758	201.93897	0.971	0
1.8	7.1014083	1	1	1	232.92109	115.02701	201.93897	0.971	0
1.9	7.1014083	1	1	1	232.92109	115.02701	201.93897	0.971	0
2	7.1014083	1	1	1	232.92052	115.02758	201.9384	0.971	0
2.1	7.1014083	1	1	1	232.92052	115.02586	201.93897	0.971	0
2.2	7.1014083	1	1	1	231.68351	112.18284	202.17331	0.971	0
2.3	7.1014083	1	1	1	231.62621	112.07685	202.18076	0.971	0
2.4	7.1014083	1	1	1	312.91288	69.522126	23.647114	0.971	0
2.5	7.1014083	1	1	1	312.90944	69.518688	23.633363	0.971	0
2.6	7.1014083	1	1	1	231.61704	112.06482	202.18363	0.971	0
2.7	7.1014083	1	1	1	312.91288	69.522126	23.647114	0.971	0
2.8	7.1014083	1	1	1	312.90944	69.518688	23.633363	0.971	0
2.9	7.1014083	1	1	1	231.61704	112.06482	202.18363	0.971	0
3	7.1014083	1	1	1	312.89684	69.663074	23.37324	0.971	0
3.1	7.1014083	1	1	1	312.29351	68.82369	26.587534	0.971	0
3.2	7.1014083	1	1	1	52.542522	65.337815	246.57296	0.971	0
3.3	7.1014083	1	1	1	52.541376	65.345837	246.57181	0.971	0
3.4	7.1014083	1	1	1	52.539657	65.349274	246.57239	0.971	0
3.5	7.1014083	1	1	1	232.13442	113.42215	203.26022	0.971	0
3.6	7.1014083	1	1	1	232.13901	113.43189	203.26022	0.971	0
3.7	7.1014083	1	1	1	232.14817	113.46169	203.23501	0.971	0
3.8	7.1014083	1	1	1	232.13442	113.42215	203.26022	0.971	0
3.9	7.1014083	1	1	1	232.13901	113.43189	203.26022	0.971	0
4	7.1014083	1	1	1	232.14817	113.46169	203.23501	0.971	0
4.1	7.1014083	1	1	1	232.1327	113.45195	203.20235	0.971	0
4.2	7.1014083	1	1	1	232.01181	115.70997	200.82056	0.971	0
4.3	7.1014083	1	1	1	312.64416	71.321786	27.255602	0.971	0
4.4	7.1014083	1	1	1	190.81615	32.65573	126.40996	0.971	0
4.5	7.1014083	1	1	1	232.01181	115.70997	200.82056	0.971	0
4.6	7.1014083	1	1	1	312.64416	71.321786	27.255602	0.971	0
4.7	7.1014083	1	1	1	312.64645	71.342986	27.263624	0.971	0
4.8	7.1014083	1	1	1	231.94248	115.81712	200.60685	0.971	0
4.9	7.1014083	1	1	1	196.34977	36.418916	121.73749	0.971	0
5	7.1014083	1	1	1	233.99826	120.32973	201.3345	0.971	0
5.1	7.1014083	1	1	1	54.089508	59.388221	248.40241	0.971	0
5.2	7.1014083	1	1	1	196.34977	36.418916	121.73749	0.971	0
5.3	7.1014083	1	1	1	311.63404	72.65907	29.398464	0.971	0
5.4	7.1014083	1	1	1	311.33667	72.585158	29.13032	0.971	0
5.5	7.1014083	1	1	1	311.31662	72.559948	29.159541	0.971	0
5.6	7.1014083	1	1	1	311.16077	72.54677	28.940671	0.971	0
5.7	7.1014083	1	1	1	311.06051	72.476869	28.995102	0.971	0
5.8	7.1014083	1	1	1	12.224628	146.43483	236.75361	0.971	0
5.9	7.1014083	1	1	1	310.89492	72.380039	29.047814	0.971	0
6	7.1014083	1	1	1	230.40524	117.53083	199.95998	0.971	0
6.1	7.1014083	1	1	1	12.210304	146.43254	236.77137	0.971	0
6.2	7.1014083	1	1	1	12.381618	145.81776	236.78512	0.971	0
6.3	7.1014083	1	1	1	230.61895	117.87346	200.26823	0.971	0
6.4	7.1014083	1	1	1	11.798347	146.35978	236.44364	0.971	0
6.5	7.1014083	1	1	1	15.46986	141.33207	237.24177	0.971	0
6.6	7.1014083	1	1	1	310.81814	72.10903	29.213399	0.971	0
6.7	7.1014083	1	1	1	15.424024	141.35213	237.20625	0.971	0
6.8	7.1014083	1	1	1	312.13996	70.238896	33.925977	0.971	0
6.9	7.1014083	1	1	1	15.397668	141.38135	237.20052	0.971	0
7	7.1014083	1	1	1	15.389646	141.38077	237.19192	0.971	0
7.1	7.1014083	1	1	1	10.323554	143.9333	234.48183	0.971	0
7.2	7.1014083	1	1	1	231.78549	118.63148	202.97832	0.971	0
7.3	7.1014083	1	1	1	10.270841	143.90924	234.42224	0.971	0
7.4	7.1014083	1	1	1	310.3042	69.951271	30.656107	0.971	0
7.5	7.1014083	1	1	1	231.78549	118.63148	202.97832	0.971	0
7.6	7.1014083	1	1	1	10.254226	143.90694	234.40162	0.971	0
7.7	7.1014083	1	1	1	310.30248	69.944969	30.660118	0.971	0
7.8	7.1014083	1	1	1	231.79065	118.62404	202.98921	0.971	0
7.9	7.1014083	1	1	1	10.254226	143.90694	234.40162	0.971	0
8	7.1014083	1	1	1	311.81738	69.037404	31.071501	0.971	0
8.1	7.1014083	1	1	1	311.80822	69.036831	31.075512	0.971	0
8.2	7.1014083	1	1	1	311.83228	69.037977	31.062334	0.971	0
8.3	7.1014083	1	1	1	311.82999	69.037404	31.061188	0.971	0
8.4	7.1014083	1	1	1	311.83285	69.037977	31.061761	0.971	0
8.5	7.1014083	1	1	1	311.83228	69.037977	31.062334	0.971	0
8.6	7.1014083	1	1	1	311.83228	69.037977	31.061761	0.971	0
8.7	7.1014083	1	1	1	311.83514	69.037977	31.061761	0.971	0
8.8	7.1014083	1	1	1	311.98469	69.303256	31.283496	0.971	0
8.9	7.1014083	1	1	1	313.39416	70.139201	29.153811	0.971	0
9	7.1014083	1	1	1	313.39015	70.137483	29.158395	0.971	0
9.1	7.1014083	1	1	1	313.37755	70.127742	29.169854	0.971	0
9.2	7.1014083	1	1	1	312.0586	69.454517	31.246826	0.971	0
9.3	7.1014083	1	1	1	312.0586	69.455663	31.249118	0.971	0
9.4	7.1014083	1	1	1	312.05	69.44535	31.25714	0.971	0
9.5	7.1014083	1	1	1	312.06948	69.458528	31.237086	0.971	0
9.6	7.1014083	1	1	1	234.10081	119.03313	203.65613	0.971	0
9.7	7.1014083	1	1	1	54.343901	61.548272	67.218836	0.971	0
9.8	7.1014083	1	1	1	313.10711	70.154098	30.377649	0.971	0
9.9	7.1014083	1	1	1	234.34146	118.45845	202.79211	0.971	0
0.05	7.1880109	1	1	1	53.514831	66.738124	336.84876	0.971	0
0.15	7.1880109	1	1	1	53.502226	66.743281	336.87168	0.971	0
0.25	7.1880109	1	1	1	53.501653	66.745572	336.8734	0.971	0
0.35	7.1880109	1	1	1	184.51017	30.511721	133.68079	0.971	0
0.45	7.1880109	1	1	1	184.52793	30.476771	133.65157	0.971	0
0.55	7.1880109	1	1	1	232.45242	111.56405	202.14008	0.971	0
0.65	7.1880109	1	1	1	232.45242	111.5652	202.14123	0.971	0
0.75	7.1880109	1	1	1	232.42721	111.53712	202.09597	0.971	0
0.85	7.1880109	1	1	1	232.45242	111.56405	202.14008	0.971	0
0.95	7.1880109	1	1	1	232.4696	111.62478	202.16587	0.971	0
1.05	7.1880109	1	1	1	232.88844	112.49224	202.83852	0.971	0
1.15	7.1880109	1	1	1	313.72762	68.950314	24.240125	0.971	0
1.25	7.1880109	1	1	1	232.80937	112.31978	202.71533	0.971	0
1.35	7.1880109	1	1	1	232.88844	112.49224	202.83852	0.971	0
1.45	7.1880109	1	1	1	313.25092	70.213113	26.716449	0.971	0
1.55	7.1880109	1	1	1	313.25092	70.21254	26.718168	0.971	0
1.65	7.1880109	1	1	1	232.92052	115.02643	201.93783	0.971	0
1.75	7.1880109	1	1	1	189.32645	32.807563	128.66741	0.971	0
1.85	7.1880109	1	1	1	313.25035	70.211967	26.718741	0.971	0
1.95	7.1880109	1	1	1	232.92052	115.02701	201.9384	0.971	0
2.05	7.1880109	1	1	1	189.31729	32.802407	128.67429	0.971	0
2.15	7.1880109	1	1	1	231.67892	112.17139	202.1716	0.971	0
2.25	7.1880109	1	1	1	231.66231	112.14045	202.17618	0.971	0
2.35	7.1880109	1	1	1	312.91574	69.524991	23.652844	0.971	0
2.45	7.1880109	1	1	1	312.91804	69.525564	23.662011	0.971	0
2.55	7.1880109	1	1	1	231.61475	112.06138	202.18191	0.971	0
2.65	7.1880109	1	1	1	312.8997	69.518115	23.631071	0.971	0
2.75	7.1880109	1	1	1	312.9146	69.524418	23.649406	0.971	0
2.85	7.1880109	1	1	1	231.61475	112.06138	202.18191	0.971	0
2.95	7.1880109	1	1	1	312.8997	69.518115	23.631071	0.971	0
3.05	7.1880109	1	1	1	312.29523	68.804783	26.394447	0.971	0
3.15	7.1880109	1	1	1	312.29351	68.821399	26.570918	0.971	0
3.25	7.1880109	1	1	1	312.29466	68.805356	26.365799	0.971	0
3.35	7.1880109	1	1	1	52.532208	65.370474	246.57181	0.971	0
3.45	7.1880109	1	1	1	52.517884	65.395684	246.57926	0.971	0
3.55	7.1880109	1	1	1	232.12927	113.41184	203.25792	0.971	0
3.65	7.1880109	1	1	1	232.13557	113.42502	203.25735	0.971	0
3.75	7.1880109	1	1	1	232.12125	113.39293	203.25277	0.971	0
3.85	7.1880109	1	1	1	232.12927	113.41184	203.25792	0.971	0
3.95	7.1880109	1	1	1	232.13557	113.42502	203.25735	0.971	0
4.05	7.1880109	1	1	1	232.12125	113.39293	203.25277	0.971	0
4.15	7.1880109	1	1	1	312.65104	71.314338	27.285396	0.971	0
4.25	7.1880109	1	1	1	312.64989	71.310327	27.273364	0.971	0
4.35	7.1880109	1	1	1	190.81385	32.654011	126.41053	0.971	0
4.45	7.1880109	1	1	1	312.6539	71.317203	27.285969	0.971	0
4.55	7.1880109	1	1	1	312.64072	71.323505	27.252165	0.971	0
4.65	7.1880109	1	1	1	190.7938	32.641406	126.42199	0.971	0
4.75	7.1880109	1	1	1	312.64645	71.360747	27.271072	0.971	0
4.85	7.1880109	1	1	1	231.47266	116.67254	199.0633	0.971	0
4.95	7.1880109	1	1	1	312.66994	73.084777	27.968935	0.971	0
5.05	7.1880109	1	1	1	51.424108	63.355381	71.081717	0.971	0
5.15	7.1880109	1	1	1	231.38671	116.54076	198.84099	0.971	0
5.25	7.1880109	1	1	1	312.71406	73.196504	27.892158	0.971	0
5.35	7.1880109	1	1	1	311.34641	72.548489	29.238036	0.971	0
5.45	7.1880109	1	1	1	311.08457	72.463118	29.075889	0.971	0
5.55	7.1880109	1	1	1	310.95565	72.418428	28.995102	0.971	0
5.65	7.1880109	1	1	1	230.41612	117.52396	199.95196	0.971	0
5.75	7.1880109	1	1	1	12.238379	146.45546	236.77309	0.971	0
5.85	7.1880109	1	1	1	310.88002	72.381185	29.009426	0.971	0
5.95	7.1880109	1	1	1	230.41612	117.52396	199.95196	0.971	0
6.05	7.1880109	1	1	1	12.238379	146.45546	236.77309	0.971	0
6.15	7.1880109	1	1	1	311.62831	72.472859	23.706702	0.971	0
6.25	7.1880109	1	1	1	230.4505	117.60875	200.02587	0.971	0
6.35	7.1880109	1	1	1	230.50837	117.72163	200.23844	0.971	0
6.45	7.1880109	1	1	1	312.07636	72.366861	23.022017	0.971	0
6.55	7.1880109	1	1	1	310.88805	72.129084	29.141206	0.971	0
6.65	7.1880109	1	1	1	50.536023	62.392812	69.761622	0.971	0
6.75	7.1880109	1	1	1	192.40438	34.031974	123.24952	0.971	0
6.85	7.1880109	1	1	1	310.97399	72.144554	29.382422	0.971	0
6.95	7.1880109	1	1	1	50.674106	62.162483	69.68943	0.971	0
7.05	7.1880109	1	1	1	192.40438	34.031974	123.24952	0.971	0
7.15	7.1880109	1	1	1	51.781061	61.365499	67.031478	0.971	0
7.25	7.1880109	1	1	1	10.271414	143.90924	234.42339	0.971	0
7.35	7.1880109	1	1	1	10.259955	143.90809	234.40964	0.971	0
7.45	7.1880109	1	1	1	231.78836	118.62518	202.9852	0.971	0
7.55	7.1880109	1	1	1	231.78893	118.62461	202.98691	0.971	0
7.65	7.1880109	1	1	1	10.259955	143.90809	234.40964	0.971	0
7.75	7.1880109	1	1	1	51.790801	61.378677	157.00877	0.971	0
7.85	7.1880109	1	1	1	10.254799	143.90752	234.40276	0.971	0
7.95	7.1880109	1	1	1	10.245631	143.90752	234.3913	0.971	0
8.05	7.1880109	1	1	1	131.82212	110.96302	328.93622	0.971	0
8.15	7.1880109	1	1	1	311.82942	69.037404	31.061761	0.971	0
8.25	7.1880109	1	1	1	311.82712	69.037404	31.062334	0.971	0
8.35	7.1880109	1	1	1	311.82311	69.036831	31.06348	0.971	0
8.45	7.1880109	1	1	1	311.82999	69.037404	31.061761	0.971	0
8.55	7.1880109	1	1	1	311.82827	69.037404	31.062334	0.971	0
8.65	7.1880109	1	1	1	12.053313	145.22589	233.44363	0.971	0
8.75	7.1880109	1	1	1	133.39661	109.8595	330.84932	0.971	0
8.85	7.1880109	1	1	1	12.044146	145.22417	233.43676	0.971	0
8.95	7.1880109	1	1	1	133.39718	109.85893	330.84932	0.971	0
9.05	7.1880109	1	1	1	313.3913	70.136337	29.154957	0.971	0
9.15	7.1880109	1	1	1	133.3903	109.86294	330.8413	0.971	0
9.25	7.1880109	1	1	1	234.13347	118.94776	203.54154	0.971	0
9.35	7.1880109	1	1	1	312.09985	69.468268	31.214168	0.971	0
9.45	7.1880109	1	1	1	234.11514	119.01709	203.64696	0.971	0
9.55	7.1880109	1	1	1	234.13118	118.99589	203.63207	0.971	0
9.65	7.1880109	1	1	1	234.14608	118.97984	203.62347	0.971	0
9.75	7.1880109	1	1	1	313.08763	70.145504	30.38739	0.971	0
9.85	7.1880109	1	1	1	313.11341	70.170714	30.373066	0.971	0
9.95	7.1880109	1	1	1	233.60693	116.82323	203.86812	0.971	0
0	7.2746134	1	1	1	313.9316	68.886716	25.016483	0.971	0
0.1	7.2746134	1	1	1	313.93102	68.88557	25.019921	0.971	0
0.2	7.2746134	1	1	1	313.93274	68.873538	25.029661	0.971	0
0.3	7.2746134	1	1	1	53.440919	66.998247	336.80293	0.971	0
0.4	7.2746134	1	1	1	184.52048	30.520316	133.67048	0.971	0
0.5	7.2746134	1	1	1	232.4507	111.56405	202.13722	0.971	0
0.6	7.2746134	1	1	1	232.64436	111.77203	202.4661	0.971	0
0.7	7.2746134	1	1	1	184.52048	30.520316	133.67048	0.971	0
0.8	7.2746134	1	1	1	232.4507	111.56405	202.13722	0.971	0
0.9	7.2746134	1	1	1	232.80307	112.33181	202.69643	0.971	0
1	7.2746134	1	1	1	232.8976	112.54782	202.83909	0.971	0
1.1	7.2746134	1	1	1	232.89417	112.50141	202.84769	0.971	0
1.2	7.2746134	1	1	1	232.89703	112.58621	202.82248	0.971	0
1.3	7.2746134	1	1	1	232.8976	112.54782	202.83909	0.971	0
1.4	7.2746134	1	1	1	313.72361	68.992713	24.253303	0.971	0
1.5	7.2746134	1	1	1	313.2515	70.21254	26.713011	0.971	0
1.6	7.2746134	1	1	1	232.91995	115.02586	201.9384	0.971	0
1.7	7.2746134	1	1	1	232.92052	115.02529	201.9384	0.971	0
1.8	7.2746134	1	1	1	232.92052	115.02643	201.9384	0.971	0
1.9	7.2746134	1	1	1	232.92109	115.02643	201.93897	0.971	0
2	7.2746134	1	1	1	189.32474	32.80699	128.66913	0.971	0
2.1	7.2746134	1	1	1	231.67548	112.16795	202.17331	0.971	0
2.2	7.2746134	1	1	1	231.65371	112.12555	202.17618	0.971	0
2.3	7.2746134	1	1	1	312.93293	69.541606	23.753111	0.971	0
2.4	7.2746134	1	1	1	312.9146	69.522699	23.652271	0.971	0
2.5	7.2746134	1	1	1	231.62449	112.08143	202.1842	0.971	0
2.6	7.2746134	1	1	1	312.90715	69.518688	23.636801	0.971	0
2.7	7.2746134	1	1	1	312.906	69.516969	23.645395	0.971	0
2.8	7.2746134	1	1	1	231.62449	112.08143	202.1842	0.971	0
2.9	7.2746134	1	1	1	312.90715	69.518688	23.636801	0.971	0
3	7.2746134	1	1	1	312.851	70.841075	21.320905	0.971	0
3.1	7.2746134	1	1	1	52.444546	65.568717	246.5976	0.971	0
3.2	7.2746134	1	1	1	312.29351	68.817961	26.535967	0.971	0
3.3	7.2746134	1	1	1	52.447984	65.557258	246.59702	0.971	0
3.4	7.2746134	1	1	1	52.444546	65.568717	246.5976	0.971	0
3.5	7.2746134	1	1	1	232.12296	113.39694	203.26079	0.971	0
3.6	7.2746134	1	1	1	232.1201	113.39179	203.25391	0.971	0
3.7	7.2746134	1	1	1	232.11322	113.3746	203.2585	0.971	0
3.8	7.2746134	1	1	1	232.10979	113.36658	203.2499	0.971	0
3.9	7.2746134	1	1	1	232.11895	113.38949	203.25563	0.971	0
4	7.2746134	1	1	1	232.11322	113.3746	203.2585	0.971	0
4.1	7.2746134	1	1	1	232.10979	113.36658	203.2499	0.971	0
4.2	7.2746134	1	1	1	312.65333	71.31663	27.285969	0.971	0
4.3	7.2746134	1	1	1	232.01811	115.7157	200.82514	0.971	0
4.4	7.2746134	1	1	1	232.03129	115.7306	200.824	0.971	0
4.5	7.2746134	1	1	1	312.65333	71.31663	27.285969	0.971	0
4.6	7.2746134	1	1	1	312.64703	72.95357	27.932838	0.971	0
4.7	7.2746134	1	1	1	51.472236	63.358246	70.923581	0.971	0
4.8	7.2746134	1	1	1	231.48412	116.65249	199.10513	0.971	0
4.9	7.2746134	1	1	1	312.6625	73.05613	28.017063	0.971	0
5	7.2746134	1	1	1	51.436713	63.319858	71.055361	0.971	0
5.1	7.2746134	1	1	1	231.41651	116.57686	198.95501	0.971	0
5.2	7.2746134	1	1	1	312.68656	73.163273	27.902472	0.971	0
5.3	7.2746134	1	1	1	51.350196	63.509507	71.165942	0.971	0
5.4	7.2746134	1	1	1	311.6157	72.520987	23.735923	0.971	0
5.5	7.2746134	1	1	1	311.61799	72.499788	23.734204	0.971	0
5.6	7.2746134	1	1	1	229.15619	112.55584	199.02033	0.971	0
5.7	7.2746134	1	1	1	311.62659	72.476296	23.711285	0.971	0
5.8	7.2746134	1	1	1	311.62773	72.473432	23.706129	0.971	0
5.9	7.2746134	1	1	1	229.15619	112.55584	199.02033	0.971	0
6	7.2746134	1	1	1	311.62659	72.476296	23.711285	0.971	0
6.1	7.2746134	1	1	1	311.62773	72.473432	23.706129	0.971	0
6.2	7.2746134	1	1	1	311.62831	72.472286	23.705556	0.971	0
6.3	7.2746134	1	1	1	311.62831	72.472286	23.708994	0.971	0
6.4	7.2746134	1	1	1	311.62888	72.469994	23.711858	0.971	0
6.5	7.2746134	1	1	1	311.63174	72.463691	23.721026	0.971	0
6.6	7.2746134	1	1	1	11.928981	146.29503	236.46713	0.971	0
6.7	7.2746134	1	1	1	310.87544	72.160024	29.132039	0.971	0
6.8	7.2746134	1	1	1	310.89435	72.157732	29.188762	0.971	0
6.9	7.2746134	1	1	1	50.820211	62.101749	69.696305	0.971	0
7	7.2746134	1	1	1	310.95394	72.149137	29.309656	0.971	0
7.1	7.2746134	1	1	1	51.771893	61.359196	67.051532	0.971	0
7.2	7.2746134	1	1	1	10.289176	143.91554	234.44516	0.971	0
7.3	7.2746134	1	1	1	10.266831	143.9121	234.41766	0.971	0
7.4	7.2746134	1	1	1	231.7832	118.62805	202.97603	0.971	0
7.5	7.2746134	1	1	1	10.270268	143.91038	234.42167	0.971	0
7.6	7.2746134	1	1	1	310.30248	69.950698	30.658399	0.971	0
7.7	7.2746134	1	1	1	231.79122	118.61945	202.99093	0.971	0
7.8	7.2746134	1	1	1	10.259382	143.91038	234.40849	0.971	0
7.9	7.2746134	1	1	1	10.251361	143.91096	234.39875	0.971	0
8	7.2746134	1	1	1	312.89454	69.696305	25.831802	0.971	0
8.1	7.2746134	1	1	1	312.90085	69.722088	25.78883	0.971	0
8.2	7.2746134	1	1	1	312.90257	69.681408	25.850137	0.971	0
8.3	7.2746134	1	1	1	52.351154	65.979528	67.741946	0.971	0
8.4	7.2746134	1	1	1	312.90085	69.722088	25.78883	0.971	0
8.5	7.2746134	1	1	1	311.83285	69.037977	31.061761	0.971	0
8.6	7.2746134	1	1	1	12.059043	145.22589	233.44936	0.971	0
8.7	7.2746134	1	1	1	313.39645	70.142066	29.152666	0.971	0
8.8	7.2746134	1	1	1	313.39817	70.144358	29.15152	0.971	0
8.9	7.2746134	1	1	1	133.39775	109.85606	330.8476	0.971	0
9	7.2746134	1	1	1	313.39645	70.142066	29.152666	0.971	0
9.1	7.2746134	1	1	1	313.39817	70.144358	29.15152	0.971	0
9.2	7.2746134	1	1	1	313.41995	70.167849	29.150947	0.971	0
9.3	7.2746134	1	1	1	313.42854	70.188476	29.164698	0.971	0
9.4	7.2746134	1	1	1	312.14798	69.483738	31.175207	0.971	0
9.5	7.2746134	1	1	1	234.35693	118.39142	202.68497	0.971	0
9.6	7.2746134	1	1	1	54.366819	61.577493	67.244046	0.971	0
9.7	7.2746134	1	1	1	313.07044	70.113418	30.405724	0.971	0
9.8	7.2746134	1	1	1	313.09279	70.161547	30.389108	0.971	0
9.9	7.2746134	1	1	1	54.364527	61.613016	67.340303	0.971	0
0.05	7.3612159	1	1	1	313.9316	68.886716	25.016483	0.971	0
0.15	7.3612159	1	1	1	313.93618	68.852338	25.052007	0.971	0
0.25	7.3612159	1	1	1	313.93217	68.875257	25.007316	0.971	0
0.35	7.3612159	1	1	1	232.65238	111.72849	202.47469	0.971	0
0.45	7.3612159	1	1	1	232.64493	111.73708	202.46839	0.971	0
0.55	7.3612159	1	1	1	232.45127	111.5652	202.13836	0.971	0
0.65	7.3612159	1	1	1	232.47705	111.64369	202.17733	0.971	0
0.75	7.3612159	1	1	1	232.60998	111.91871	202.39448	0.971	0
0.85	7.3612159	1	1	1	232.45127	111.5652	202.13836	0.971	0
0.95	7.3612159	1	1	1	232.47705	111.64369	202.17733	0.971	0
1.05	7.3612159	1	1	1	232.89245	112.54323	202.82992	0.971	0
1.15	7.3612159	1	1	1	232.88614	112.51	202.82477	0.971	0
1.25	7.3612159	1	1	1	232.89646	112.61657	202.81388	0.971	0
1.35	7.3612159	1	1	1	232.89245	112.54323	202.82992	0.971	0
1.45	7.3612159	1	1	1	232.88614	112.51	202.82477	0.971	0
1.55	7.3612159	1	1	1	232.63232	113.34939	202.108	0.971	0
1.65	7.3612159	1	1	1	232.92052	115.02586	201.9384	0.971	0
1.75	7.3612159	1	1	1	232.92052	115.02414	201.9384	0.971	0
1.85	7.3612159	1	1	1	232.92109	115.02701	201.93897	0.971	0
1.95	7.3612159	1	1	1	232.91938	115.023	201.9384	0.971	0
2.05	7.3612159	1	1	1	231.68351	112.18284	202.17331	0.971	0
2.15	7.3612159	1	1	1	231.65257	112.12326	202.17904	0.971	0
2.25	7.3612159	1	1	1	312.91975	69.527283	23.681492	0.971	0
2.35	7.3612159	1	1	1	312.91288	69.52098	23.648833	0.971	0
2.45	7.3612159	1	1	1	231.62621	112.07685	202.18076	0.971	0
2.55	7.3612159	1	1	1	312.91288	69.522126	23.647114	0.971	0
2.65	7.3612159	1	1	1	312.90944	69.518688	23.633363	0.971	0
2.75	7.3612159	1	1	1	231.61704	112.06482	202.18363	0.971	0
2.85	7.3612159	1	1	1	230.1497	110.08467	200.44757	0.971	0
2.95	7.3612159	1	1	1	312.85501	70.849096	21.315749	0.971	0
3.05	7.3612159	1	1	1	312.85444	70.837064	21.31976	0.971	0
3.15	7.3612159	1	1	1	312.85616	70.84795	21.316322	0.971	0
3.25	7.3612159	1	1	1	312.84928	70.838783	21.322051	0.971	0
3.35	7.3612159	1	1	1	312.86074	70.84795	21.313457	0.971	0
3.45	7.3612159	1	1	1	312.85444	70.820448	21.322624	0.971	0
3.55	7.3612159	1	1	1	312.85959	70.805551	21.31976	0.971	0
3.65	7.3612159	1	1	1	312.86704	70.786644	21.317468	0.971	0
3.75	7.3612159	1	1	1	312.86876	70.75112	21.320905	0.971	0
3.85	7.3612159	1	1	1	313.0057	70.621632	21.23267	0.971	0
3.95	7.3612159	1	1	1	313.06987	70.616475	21.189125	0.971	0
4.05	7.3612159	1	1	1	313.05898	70.606162	21.200584	0.971	0
4.15	7.3612159	1	1	1	313.1793	70.79753	21.665826	0.971	0
4.25	7.3612159	1	1	1	313.07904	70.637102	21.313457	0.971	0
4.35	7.3612159	1	1	1	230.51926	110.16718	200.60398	0.971	0
4.45	7.3612159	1	1	1	312.64989	71.31663	27.273937	0.971	0
4.55	7.3612159	1	1	1	312.85787	73.97057	22.389472	0.971	0
4.65	7.3612159	1	1	1	51.460777	63.345068	70.932175	0.971	0
4.75	7.3612159	1	1	1	231.49386	116.64561	199.13263	0.971	0
4.85	7.3612159	1	1	1	312.6602	73.001126	27.994718	0.971	0
4.95	7.3612159	1	1	1	51.430984	63.284907	71.085155	0.971	0
5.05	7.3612159	1	1	1	231.46922	116.67025	199.0484	0.971	0
5.15	7.3612159	1	1	1	312.84298	73.688102	21.924803	0.971	0
5.25	7.3612159	1	1	1	312.7937	73.70701	22.052573	0.971	0
5.35	7.3612159	1	1	1	312.78167	73.64513	22.078929	0.971	0
5.45	7.3612159	1	1	1	311.61112	72.560521	23.769727	0.971	0
5.55	7.3612159	1	1	1	311.62258	72.486037	23.710712	0.971	0
5.65	7.3612159	1	1	1	229.15103	112.561	199.01231	0.971	0
5.75	7.3612159	1	1	1	311.62773	72.474004	23.708421	0.971	0
5.85	7.3612159	1	1	1	311.62773	72.474577	23.709567	0.971	0
5.95	7.3612159	1	1	1	311.62831	72.472859	23.706702	0.971	0
6.05	7.3612159	1	1	1	311.62773	72.474004	23.708421	0.971	0
6.15	7.3612159	1	1	1	311.62831	72.473432	23.707275	0.971	0
6.25	7.3612159	1	1	1	311.62831	72.47114	23.711285	0.971	0
6.35	7.3612159	1	1	1	311.62831	72.472859	23.708994	0.971	0
6.45	7.3612159	1	1	1	311.70165	72.456243	23.594402	0.971	0
6.55	7.3612159	1	1	1	312.34851	72.34337	22.520106	0.971	0
6.65	7.3612159	1	1	1	312.34909	72.343943	22.51896	0.971	0
6.75	7.3612159	1	1	1	312.27747	72.255135	22.724079	0.971	0
6.85	7.3612159	1	1	1	312.3107	72.295815	22.628395	0.971	0
6.95	7.3612159	1	1	1	192.34365	33.959781	123.31083	0.971	0
7.05	7.3612159	1	1	1	192.41985	33.983846	123.30854	0.971	0
7.15	7.3612159	1	1	1	192.19124	33.324371	123.803	0.971	0
7.25	7.3612159	1	1	1	10.295479	143.92643	234.44975	0.971	0
7.35	7.3612159	1	1	1	231.7832	118.62461	202.97316	0.971	0
7.45	7.3612159	1	1	1	231.78549	118.6269	202.98061	0.971	0
7.55	7.3612159	1	1	1	310.3042	69.951271	30.656107	0.971	0
7.65	7.3612159	1	1	1	231.79351	118.61773	202.99723	0.971	0
7.75	7.3612159	1	1	1	231.79351	118.61372	202.99264	0.971	0
7.85	7.3612159	1	1	1	310.31738	69.954709	30.633761	0.971	0
7.95	7.3612159	1	1	1	310.32712	69.951271	30.62001	0.971	0
8.05	7.3612159	1	1	1	312.75245	70.168422	25.222175	0.971	0
8.15	7.3612159	1	1	1	312.91001	69.676252	25.831229	0.971	0
8.25	7.3612159	1	1	1	52.258908	66.10386	67.829609	0.971	0
8.35	7.3612159	1	1	1	52.419909	65.892438	67.664597	0.971	0
8.45	7.3612159	1	1	1	312.91001	69.672814	25.838678	0.971	0
8.55	7.3612159	1	1	1	234.10597	117.4615	202.67809	0.971	0
8.65	7.3612159	1	1	1	133.39603	109.85664	330.84531	0.971	0
8.75	7.3612159	1	1	1	313.39359	70.138628	29.153811	0.971	0
8.85	7.3612159	1	1	1	313.39531	70.143785	29.156676	0.971	0
8.95	7.3612159	1	1	1	313.39645	70.143212	29.154957	0.971	0
9.05	7.3612159	1	1	1	313.40047	70.147223	29.152666	0.971	0
9.15	7.3612159	1	1	1	313.47266	70.213113	29.104537	0.971	0
9.25	7.3612159	1	1	1	313.38729	70.142066	29.174438	0.971	0
9.35	7.3612159	1	1	1	313.44057	70.240615	29.249495	0.971	0
9.45	7.3612159	1	1	1	12.803888	145.28835	234.14035	0.971	0
9.55	7.3612159	1	1	1	54.348485	61.612444	67.352908	0.971	0
9.65	7.3612159	1	1	1	313.13805	70.19707	30.352439	0.971	0
9.75	7.3612159	1	1	1	313.1392	70.199362	30.35072	0.971	0
9.85	7.3612159	1	1	1	313.12888	70.199362	30.351866	0.971	0
9.95	7.3612159	1	1	1	313.1392	70.199362	30.35072	0.971	0
0	7.4478185	1	1	1	2.3731912	153.16308	44.784673	0.971	0
0.1	7.4478185	1	1	1	2.4075687	153.10063	44.780089	0.971	0
0.2	7.4478185	1	1	1	2.3938177	153.12354	44.790403	0.971	0
0.3	7.4478185	1	1	1	232.45299	111.53311	202.1418	0.971	0
0.4	7.4478185	1	1	1	232.45929	111.55087	202.15383	0.971	0
0.5	7.4478185	1	1	1	232.45242	111.5652	202.14123	0.971	0
0.6	7.4478185	1	1	1	232.42721	111.53712	202.09597	0.971	0
0.7	7.4478185	1	1	1	232.45242	111.56405	202.14008	0.971	0
0.8	7.4478185	1	1	1	232.45242	111.5652	202.14123	0.971	0
0.9	7.4478185	1	1	1	232.42721	111.53712	202.09597	0.971	0
1	7.4478185	1	1	1	230.49462	108.44601	199.94394	0.971	0
1.1	7.4478185	1	1	1	313.99004	71.118959	19.414675	0.971	0
1.2	7.4478185	1	1	1	313.99806	71.13271	19.424988	0.971	0
1.3	7.4478185	1	1	1	232.8976	112.56042	202.83393	0.971	0
1.4	7.4478185	1	1	1	232.62258	113.36142	202.08794	0.971	0
1.5	7.4478185	1	1	1	313.50245	69.717505	24.92481	0.971	0
1.6	7.4478185	1	1	1	232.6942	113.18953	202.25926	0.971	0
1.7	7.4478185	1	1	1	232.62258	113.36142	202.08794	0.971	0
1.8	7.4478185	1	1	1	313.47896	69.812616	24.984398	0.971	0
1.9	7.4478185	1	1	1	189.31729	32.802407	128.67429	0.971	0
2	7.4478185	1	1	1	231.67892	112.17139	202.1716	0.971	0
2.1	7.4478185	1	1	1	231.66231	112.14045	202.17618	0.971	0
2.2	7.4478185	1	1	1	312.92033	69.527855	23.679773	0.971	0
2.3	7.4478185	1	1	1	312.91804	69.525564	23.662011	0.971	0
2.4	7.4478185	1	1	1	231.62335	112.07284	202.17847	0.971	0
2.5	7.4478185	1	1	1	312.91574	69.524991	23.652844	0.971	0
2.6	7.4478185	1	1	1	312.91804	69.525564	23.662011	0.971	0
2.7	7.4478185	1	1	1	231.61475	112.06138	202.18191	0.971	0
2.8	7.4478185	1	1	1	230.14912	110.0841	200.44642	0.971	0
2.9	7.4478185	1	1	1	312.85214	70.845085	21.318614	0.971	0
3	7.4478185	1	1	1	312.85616	70.850242	21.314603	0.971	0
3.1	7.4478185	1	1	1	230.1497	110.08295	200.44413	0.971	0
3.2	7.4478185	1	1	1	312.85214	70.845085	21.318614	0.971	0
3.3	7.4478185	1	1	1	312.85959	70.851388	21.312884	0.971	0
3.4	7.4478185	1	1	1	312.8573	70.841648	21.317468	0.971	0
3.5	7.4478185	1	1	1	312.86074	70.845658	21.31403	0.971	0
3.6	7.4478185	1	1	1	312.8636	70.839929	21.312884	0.971	0
3.7	7.4478185	1	1	1	312.86704	70.825605	21.31403	0.971	0
3.8	7.4478185	1	1	1	230.36857	109.9655	200.67904	0.971	0
3.9	7.4478185	1	1	1	313.05325	70.615902	21.208033	0.971	0
4	7.4478185	1	1	1	313.02919	70.624497	21.216627	0.971	0
4.1	7.4478185	1	1	1	230.36857	109.9655	200.67904	0.971	0
4.2	7.4478185	1	1	1	313.05325	70.615902	21.208033	0.971	0
4.3	7.4478185	1	1	1	313.21425	70.836491	21.654367	0.971	0
4.4	7.4478185	1	1	1	229.47819	111.86714	197.09404	0.971	0
4.5	7.4478185	1	1	1	312.88767	74.1797	22.70689	0.971	0
4.6	7.4478185	1	1	1	312.84584	73.826758	22.154559	0.971	0
4.7	7.4478185	1	1	1	312.65791	72.987948	28.002739	0.971	0
4.8	7.4478185	1	1	1	312.65963	72.986229	28.005604	0.971	0
4.9	7.4478185	1	1	1	312.65791	72.987948	28.002739	0.971	0
5	7.4478185	1	1	1	229.27708	111.06443	197.51746	0.971	0
5.1	7.4478185	1	1	1	229.28109	111.16183	197.45386	0.971	0
5.2	7.4478185	1	1	1	312.77594	73.68581	22.061167	0.971	0
5.3	7.4478185	1	1	1	229.29141	110.66508	197.61257	0.971	0
5.4	7.4478185	1	1	1	229.28912	110.66794	197.61372	0.971	0
5.5	7.4478185	1	1	1	311.62086	72.495204	23.714723	0.971	0
5.6	7.4478185	1	1	1	311.62372	72.483745	23.707848	0.971	0
5.7	7.4478185	1	1	1	229.1539	112.55298	199.01861	0.971	0
5.8	7.4478185	1	1	1	311.62086	72.495204	23.714723	0.971	0
5.9	7.4478185	1	1	1	311.62773	72.474577	23.707275	0.971	0
6	7.4478185	1	1	1	311.62716	72.476296	23.706702	0.971	0
6.1	7.4478185	1	1	1	311.62773	72.47515	23.706129	0.971	0
6.2	7.4478185	1	1	1	311.62773	72.47515	23.705556	0.971	0
6.3	7.4478185	1	1	1	311.62831	72.472286	23.708421	0.971	0
6.4	7.4478185	1	1	1	311.62888	72.471713	23.710139	0.971	0
6.5	7.4478185	1	1	1	312.34851	72.341651	22.520106	0.971	0
6.6	7.4478185	1	1	1	312.34966	72.345089	22.517241	0.971	0
6.7	7.4478185	1	1	1	312.34909	72.344516	22.518387	0.971	0
6.8	7.4478185	1	1	1	312.34851	72.341651	22.520106	0.971	0
6.9	7.4478185	1	1	1	312.28033	72.257426	22.711474	0.971	0
7	7.4478185	1	1	1	229.52231	111.43055	199.03293	0.971	0
7.1	7.4478185	1	1	1	50.820211	62.363591	69.772508	0.971	0
7.2	7.4478185	1	1	1	50.766925	64.48067	70.270982	0.971	0
7.3	7.4478185	1	1	1	10.979017	148.07006	54.699135	0.971	0
7.4	7.4478185	1	1	1	311.99844	72.185807	26.780047	0.971	0
7.5	7.4478185	1	1	1	50.773228	64.597554	70.205092	0.971	0
7.6	7.4478185	1	1	1	10.483409	148.35997	234.20624	0.971	0
7.7	7.4478185	1	1	1	10.253653	143.92413	234.39703	0.971	0
7.8	7.4478185	1	1	1	186.98306	31.494917	130.12616	0.971	0
7.9	7.4478185	1	1	1	51.879037	66.316427	68.205469	0.971	0
8	7.4478185	1	1	1	312.85845	69.875641	25.594025	0.971	0
8.1	7.4478185	1	1	1	312.87793	69.820637	25.52928	0.971	0
8.2	7.4478185	1	1	1	312.91288	69.692867	25.856439	0.971	0
8.3	7.4478185	1	1	1	312.89798	69.743861	25.787684	0.971	0
8.4	7.4478185	1	1	1	52.403293	65.926816	67.677202	0.971	0
8.5	7.4478185	1	1	1	234.12201	117.29306	202.50506	0.971	0
8.6	7.4478185	1	1	1	133.39833	109.85835	330.85104	0.971	0
8.7	7.4478185	1	1	1	313.39875	70.142639	29.149228	0.971	0
8.8	7.4478185	1	1	1	313.39359	70.145504	29.161833	0.971	0
8.9	7.4478185	1	1	1	313.38843	70.134618	29.15553	0.971	0
9	7.4478185	1	1	1	313.3913	70.137483	29.156676	0.971	0
9.1	7.4478185	1	1	1	313.48641	70.223426	29.102245	0.971	0
9.2	7.4478185	1	1	1	313.48183	70.223999	29.090786	0.971	0
9.3	7.4478185	1	1	1	313.50016	70.252074	29.098235	0.971	0
9.4	7.4478185	1	1	1	313.6159	70.562617	29.030626	0.971	0
9.5	7.4478185	1	1	1	54.330723	61.568899	67.208522	0.971	0
9.6	7.4478185	1	1	1	313.08763	70.145504	30.38739	0.971	0
9.7	7.4478185	1	1	1	314.21063	72.970759	25.261709	0.971	0
9.8	7.4478185	1	1	1	314.00264	72.901431	25.101281	0.971	0
9.9	7.4478185	1	1	1	314.21063	72.970759	25.261709	0.971	0
0.05	7.534421	1	1	1	2.3628779	153.14188	44.738836	0.971	0
0.15	7.534421	1	1	1	2.3835044	153.12068	44.754306	0.971	0
0.25	7.534421	1	1	1	314.23011	71.353299	19.641566	0.971	0
0.35	7.534421	1	1	1	314.23068	71.352153	19.640993	0.971	0
0.45	7.534421	1	1	1	2.3663157	153.17053	44.858585	0.971	0
0.55	7.534421	1	1	1	184.52048	30.520316	133.67048	0.971	0
0.65	7.534421	1	1	1	232.4507	111.56405	202.13722	0.971	0
0.75	7.534421	1	1	1	314.00608	71.120105	19.3866	0.971	0
0.85	7.534421	1	1	1	314.01181	71.119532	19.369984	0.971	0
0.95	7.534421	1	1	1	230.50092	108.29132	199.92789	0.971	0
1.05	7.534421	1	1	1	314.00608	71.120105	19.3866	0.971	0
1.15	7.534421	1	1	1	230.49462	108.4019	199.93534	0.971	0
1.25	7.534421	1	1	1	230.50379	108.38814	199.9193	0.971	0
1.35	7.534421	1	1	1	230.46368	108.47925	199.99206	0.971	0
1.45	7.534421	1	1	1	230.45337	108.4844	200.00925	0.971	0
1.55	7.534421	1	1	1	232.78473	112.8681	202.53542	0.971	0
1.65	7.534421	1	1	1	230.46368	108.47925	199.99206	0.971	0
1.75	7.534421	1	1	1	230.45337	108.4844	200.00925	0.971	0
1.85	7.534421	1	1	1	230.43331	108.47065	200.03217	0.971	0
1.95	7.534421	1	1	1	230.40925	108.46492	200.06254	0.971	0
2.05	7.534421	1	1	1	230.37716	108.50216	200.09921	0.971	0
2.15	7.534421	1	1	1	312.77881	70.49157	20.761699	0.971	0
2.25	7.534421	1	1	1	230.04255	109.35301	200.65555	0.971	0
2.35	7.534421	1	1	1	312.79027	70.521937	20.802379	0.971	0
2.45	7.534421	1	1	1	312.73182	70.552304	20.99432	0.971	0
2.55	7.534421	1	1	1	312.9146	69.522699	23.652271	0.971	0
2.65	7.534421	1	1	1	230.14741	110.08353	200.44527	0.971	0
2.75	7.534421	1	1	1	230.14855	110.08353	200.44585	0.971	0
2.85	7.534421	1	1	1	312.85501	70.848523	21.315749	0.971	0
2.95	7.534421	1	1	1	230.14741	110.08353	200.44527	0.971	0
3.05	7.534421	1	1	1	230.14855	110.08353	200.44585	0.971	0
3.15	7.534421	1	1	1	312.85902	70.844512	21.315749	0.971	0
3.25	7.534421	1	1	1	312.86074	70.850815	21.313457	0.971	0
3.35	7.534421	1	1	1	312.86475	70.846804	21.312311	0.971	0
3.45	7.534421	1	1	1	312.85902	70.844512	21.315749	0.971	0
3.55	7.534421	1	1	1	312.86074	70.850815	21.313457	0.971	0
3.65	7.534421	1	1	1	312.86475	70.846804	21.312311	0.971	0
3.75	7.534421	1	1	1	313.03205	70.62507	21.213189	0.971	0
3.85	7.534421	1	1	1	313.05325	70.61934	21.198865	0.971	0
3.95	7.534421	1	1	1	313.07159	70.623351	21.189698	0.971	0
4.05	7.534421	1	1	1	313.03205	70.62507	21.213189	0.971	0
4.15	7.534421	1	1	1	313.05325	70.61934	21.198865	0.971	0
4.25	7.534421	1	1	1	313.07159	70.623351	21.189698	0.971	0
4.35	7.534421	1	1	1	229.41001	111.68552	197.1565	0.971	0
4.45	7.534421	1	1	1	312.86303	74.058233	22.528128	0.971	0
4.55	7.534421	1	1	1	312.88366	74.169387	22.698296	0.971	0
4.65	7.534421	1	1	1	312.84183	73.706437	21.951732	0.971	0
4.75	7.534421	1	1	1	229.29198	111.04209	197.48595	0.971	0
4.85	7.534421	1	1	1	229.28912	110.99167	197.51001	0.971	0
4.95	7.534421	1	1	1	312.90658	73.558614	21.60853	0.971	0
5.05	7.534421	1	1	1	229.28339	111.14636	197.46016	0.971	0
5.15	7.534421	1	1	1	229.29083	110.66623	197.61314	0.971	0
5.25	7.534421	1	1	1	229.29198	110.66336	197.61257	0.971	0
5.35	7.534421	1	1	1	229.29083	110.66279	197.61257	0.971	0
5.45	7.534421	1	1	1	229.29026	110.66336	197.61257	0.971	0
5.55	7.534421	1	1	1	311.62258	72.486037	23.711285	0.971	0
5.65	7.534421	1	1	1	311.62659	72.478015	23.706702	0.971	0
5.75	7.534421	1	1	1	229.15619	112.54954	199.02205	0.971	0
5.85	7.534421	1	1	1	311.62258	72.486037	23.711285	0.971	0
5.95	7.534421	1	1	1	311.62659	72.478015	23.706702	0.971	0
6.05	7.534421	1	1	1	311.62773	72.474577	23.705556	0.971	0
6.15	7.534421	1	1	1	311.62773	72.474004	23.70441	0.971	0
6.25	7.534421	1	1	1	311.62773	72.474004	23.70441	0.971	0
6.35	7.534421	1	1	1	311.62831	72.472286	23.707275	0.971	0
6.45	7.534421	1	1	1	312.34737	72.341078	22.522971	0.971	0
6.55	7.534421	1	1	1	312.34851	72.342797	22.520106	0.971	0
6.65	7.534421	1	1	1	312.34851	72.341078	22.520106	0.971	0
6.75	7.534421	1	1	1	312.34737	72.341078	22.522971	0.971	0
6.85	7.534421	1	1	1	312.34851	72.342797	22.520106	0.971	0
6.95	7.534421	1	1	1	312.34851	72.341078	22.520106	0.971	0
7.05	7.534421	1	1	1	312.34794	72.338213	22.522398	0.971	0
7.15	7.534421	1	1	1	312.32388	72.323317	22.812315	0.971	0
7.25	7.534421	1	1	1	10.901095	148.2259	234.64455	0.971	0
7.35	7.534421	1	1	1	311.98411	72.248832	26.945059	0.971	0
7.45	7.534421	1	1	1	50.711349	64.875438	70.2028	0.971	0
7.55	7.534421	1	1	1	9.9757682	148.65447	233.71636	0.971	0
7.65	7.534421	1	1	1	312.00932	72.189817	26.726762	0.971	0
7.75	7.534421	1	1	1	50.781249	64.72074	70.157536	0.971	0
7.85	7.534421	1	1	1	186.95727	31.218178	129.95027	0.971	0
7.95	7.534421	1	1	1	51.72663	66.334762	68.390534	0.971	0
8.05	7.534421	1	1	1	232.12984	113.84671	202.0169	0.971	0
8.15	7.534421	1	1	1	52.211925	66.20069	67.859402	0.971	0
8.25	7.534421	1	1	1	312.90199	69.715786	25.799717	0.971	0
8.35	7.534421	1	1	1	312.89855	69.743288	25.737837	0.971	0
8.45	7.534421	1	1	1	186.88967	31.893696	130.5662	0.971	0
8.55	7.534421	1	1	1	312.90371	69.944396	25.19983	0.971	0
8.65	7.534421	1	1	1	312.90257	69.876214	25.327026	0.971	0
8.75	7.534421	1	1	1	12.05847	145.22589	233.44879	0.971	0
8.85	7.534421	1	1	1	313.39588	70.141493	29.152666	0.971	0
8.95	7.534421	1	1	1	313.39588	70.142066	29.153239	0.971	0
9.05	7.534421	1	1	1	313.48412	70.22228	29.103391	0.971	0
9.15	7.534421	1	1	1	313.45375	70.194205	29.118288	0.971	0
9.25	7.534421	1	1	1	187.81614	28.753314	308.86035	0.971	0
9.35	7.534421	1	1	1	313.52594	70.351196	29.013437	0.971	0
9.45	7.534421	1	1	1	13.055989	144.82597	234.48928	0.971	0
9.55	7.534421	1	1	1	230.7513	113.05832	198.845	0.971	0
9.65	7.534421	1	1	1	192.57111	30.121537	125.5362	0.971	0
9.75	7.534421	1	1	1	314.2685	72.981072	25.313275	0.971	0
9.85	7.534421	1	1	1	230.62812	113.03541	18.975216	0.971	0
9.95	7.534421	1	1	1	316.8915	72.297533	26.206517	0.971	0
0	7.6210236	1	1	1	314.28397	71.331527	19.622659	0.971	0
0.1	7.6210236	1	1	1	2.3697534	153.15678	44.765193	0.971	0
0.2	7.6210236	1	1	1	314.23297	71.351007	19.639847	0.971	0
0.3	7.6210236	1	1	1	314.22381	71.354445	19.644431	0.971	0
0.4	7.6210236	1	1	1	314.24386	71.347569	19.637555	0.971	0
0.5	7.6210236	1	1	1	314.23297	71.351007	19.639847	0.971	0
0.6	7.6210236	1	1	1	314.01124	71.120678	19.373995	0.971	0
0.7	7.6210236	1	1	1	230.50207	108.2896	199.92675	0.971	0
0.8	7.6210236	1	1	1	314.01181	71.118386	19.366546	0.971	0
0.9	7.6210236	1	1	1	230.50092	108.28444	199.92789	0.971	0
1	7.6210236	1	1	1	230.50207	108.2896	199.92675	0.971	0
1.1	7.6210236	1	1	1	314.00494	71.118959	19.383162	0.971	0
1.2	7.6210236	1	1	1	230.49806	108.37382	199.92961	0.971	0
1.3	7.6210236	1	1	1	314.00035	71.119532	19.392902	0.971	0
1.4	7.6210236	1	1	1	230.4591	108.48669	200.00009	0.971	0
1.5	7.6210236	1	1	1	230.44076	108.48096	200.023	0.971	0
1.6	7.6210236	1	1	1	230.47055	108.46492	199.97201	0.971	0
1.7	7.6210236	1	1	1	230.45337	108.47409	200.00066	0.971	0
1.8	7.6210236	1	1	1	230.39607	108.46549	200.08374	0.971	0
1.9	7.6210236	1	1	1	230.42013	108.46435	200.04592	0.971	0
2	7.6210236	1	1	1	230.38117	108.45174	200.09577	0.971	0
2.1	7.6210236	1	1	1	230.41039	108.44601	200.03561	0.971	0
2.2	7.6210236	1	1	1	230.0099	109.55927	200.7243	0.971	0
2.3	7.6210236	1	1	1	230.01792	109.76324	200.71113	0.971	0
2.4	7.6210236	1	1	1	312.69802	70.47782	20.924419	0.971	0
2.5	7.6210236	1	1	1	230.12334	110.03139	200.49283	0.971	0
2.6	7.6210236	1	1	1	230.14454	110.07837	200.44871	0.971	0
2.7	7.6210236	1	1	1	230.14855	110.08525	200.44871	0.971	0
2.8	7.6210236	1	1	1	312.85501	70.849096	21.315749	0.971	0
2.9	7.6210236	1	1	1	312.85501	70.849096	21.315176	0.971	0
3	7.6210236	1	1	1	230.14855	110.08525	200.44871	0.971	0
3.1	7.6210236	1	1	1	312.85501	70.849096	21.315749	0.971	0
3.2	7.6210236	1	1	1	312.86074	70.84795	21.313457	0.971	0
3.3	7.6210236	1	1	1	312.85616	70.84795	21.316322	0.971	0
3.4	7.6210236	1	1	1	230.15428	110.08066	200.44241	0.971	0
3.5	7.6210236	1	1	1	312.86074	70.84795	21.313457	0.971	0
3.6	7.6210236	1	1	1	312.8636	70.849096	21.312311	0.971	0
3.7	7.6210236	1	1	1	230.18121	110.07207	200.48939	0.971	0
3.8	7.6210236	1	1	1	313.06987	70.616475	21.189125	0.971	0
3.9	7.6210236	1	1	1	230.39378	109.94143	200.66758	0.971	0
4	7.6210236	1	1	1	312.98106	70.642258	21.249286	0.971	0
4.1	7.6210236	1	1	1	313.06987	70.616475	21.189125	0.971	0
4.2	7.6210236	1	1	1	230.39378	109.94143	200.66758	0.971	0
4.3	7.6210236	1	1	1	313.10998	70.671479	21.294549	0.971	0
4.4	7.6210236	1	1	1	312.85386	74.039325	22.495469	0.971	0
4.5	7.6210236	1	1	1	312.82464	73.912701	22.306966	0.971	0
4.6	7.6210236	1	1	1	312.82522	73.751127	22.035957	0.971	0
4.7	7.6210236	1	1	1	229.29484	110.96703	197.51058	0.971	0
4.8	7.6210236	1	1	1	229.2788	111.18017	197.4361	0.971	0
4.9	7.6210236	1	1	1	229.30344	110.68341	197.60971	0.971	0
5	7.6210236	1	1	1	229.29771	110.66966	197.61257	0.971	0
5.1	7.6210236	1	1	1	229.27651	111.09079	197.506	0.971	0
5.2	7.6210236	1	1	1	229.29198	110.66279	197.612	0.971	0
5.3	7.6210236	1	1	1	229.29198	110.66221	197.612	0.971	0
5.4	7.6210236	1	1	1	229.29141	110.66221	197.612	0.971	0
5.5	7.6210236	1	1	1	229.29141	110.66221	197.612	0.971	0
5.6	7.6210236	1	1	1	311.62487	72.480307	23.708421	0.971	0
5.7	7.6210236	1	1	1	311.62258	72.486037	23.710712	0.971	0
5.8	7.6210236	1	1	1	311.62659	72.477442	23.706702	0.971	0
5.9	7.6210236	1	1	1	311.62773	72.474577	23.706129	0.971	0
6	7.6210236	1	1	1	311.62773	72.474577	23.706702	0.971	0
6.1	7.6210236	1	1	1	311.62773	72.474004	23.706702	0.971	0
6.2	7.6210236	1	1	1	311.62773	72.474004	23.706702	0.971	0
6.3	7.6210236	1	1	1	312.35023	72.348527	22.515522	0.971	0
6.4	7.6210236	1	1	1	312.34851	72.34337	22.520106	0.971	0
6.5	7.6210236	1	1	1	312.34909	72.343943	22.51896	0.971	0
6.6	7.6210236	1	1	1	312.34909	72.346235	22.518387	0.971	0
6.7	7.6210236	1	1	1	312.34851	72.34337	22.520106	0.971	0
6.8	7.6210236	1	1	1	312.34909	72.343943	22.51896	0.971	0
6.9	7.6210236	1	1	1	312.34909	72.343943	22.518387	0.971	0
7	7.6210236	1	1	1	312.34909	72.340505	22.519533	0.971	0
7.1	7.6210236	1	1	1	312.34565	72.333057	22.533284	0.971	0
7.2	7.6210236	1	1	1	228.53338	110.59059	196.14293	0.971	0
7.3	7.6210236	1	1	1	228.53281	110.5608	196.14121	0.971	0
7.4	7.6210236	1	1	1	50.639156	65.206035	70.189622	0.971	0
7.5	7.6210236	1	1	1	311.98812	72.182369	26.893493	0.971	0
7.6	7.6210236	1	1	1	312.70719	74.727447	21.230951	0.971	0
7.7	7.6210236	1	1	1	312.69859	74.635774	21.193136	0.971	0
7.8	7.6210236	1	1	1	50.935948	66.399506	69.329612	0.971	0
7.9	7.6210236	1	1	1	186.89826	30.799346	129.82823	0.971	0
8	7.6210236	1	1	1	51.388585	66.679682	68.752644	0.971	0
8.1	7.6210236	1	1	1	52.266356	66.083233	67.828463	0.971	0
8.2	7.6210236	1	1	1	312.89053	69.889965	25.303535	0.971	0
8.3	7.6210236	1	1	1	312.8997	69.934656	25.208424	0.971	0
8.4	7.6210236	1	1	1	186.80716	31.799158	130.62292	0.971	0
8.5	7.6210236	1	1	1	312.90199	69.990805	25.149409	0.971	0
8.6	7.6210236	1	1	1	186.73382	31.674826	130.66589	0.971	0
8.7	7.6210236	1	1	1	230.35539	111.86657	199.04095	0.971	0
8.8	7.6210236	1	1	1	187.58581	28.62669	309.04026	0.971	0
8.9	7.6210236	1	1	1	187.58867	28.631847	129.03984	0.971	0
9	7.6210236	1	1	1	187.58581	28.62669	309.04026	0.971	0
9.1	7.6210236	1	1	1	187.58867	28.631847	129.03984	0.971	0
9.2	7.6210236	1	1	1	187.66774	28.635285	308.95775	0.971	0
9.3	7.6210236	1	1	1	188.4017	28.946401	308.41688	0.971	0
9.4	7.6210236	1	1	1	313.25035	72.806893	24.303724	0.971	0
9.5	7.6210236	1	1	1	50.667231	66.923189	161.10485	0.971	0
9.6	7.6210236	1	1	1	230.64187	113.05145	198.94584	0.971	0
9.7	7.6210236	1	1	1	230.62984	113.04916	198.89886	0.971	0
9.8	7.6210236	1	1	1	189.40495	29.482689	127.32726	0.971	0
9.9	7.6210236	1	1	1	230.63786	113.04858	198.94756	0.971	0
0.05	7.7076261	1	1	1	314.33611	71.321213	19.608335	0.971	0
0.15	7.7076261	1	1	1	314.22495	71.353872	19.643285	0.971	0
0.25	7.7076261	1	1	1	314.22151	71.353299	19.644431	0.971	0
0.35	7.7076261	1	1	1	314.22266	71.354445	19.64615	0.971	0
0.45	7.7076261	1	1	1	314.22495	71.353872	19.643285	0.971	0
0.55	7.7076261	1	1	1	314.01181	71.118959	19.367119	0.971	0
0.65	7.7076261	1	1	1	314.01238	71.118386	19.365973	0.971	0
0.75	7.7076261	1	1	1	314.01296	71.118386	19.364255	0.971	0
0.85	7.7076261	1	1	1	230.50149	108.28616	199.92675	0.971	0
0.95	7.7076261	1	1	1	314.01353	71.118386	19.363109	0.971	0
1.05	7.7076261	1	1	1	314.01238	71.118959	19.365973	0.971	0
1.15	7.7076261	1	1	1	230.50149	108.28616	199.92675	0.971	0
1.25	7.7076261	1	1	1	314.01124	71.118386	19.367119	0.971	0
1.35	7.7076261	1	1	1	314.07598	71.213497	19.425561	0.971	0
1.45	7.7076261	1	1	1	230.46253	108.47008	199.98863	0.971	0
1.55	7.7076261	1	1	1	230.46024	108.47122	199.98977	0.971	0
1.65	7.7076261	1	1	1	314.06166	71.200319	19.410664	0.971	0
1.75	7.7076261	1	1	1	314.07197	71.211205	19.419259	0.971	0
1.85	7.7076261	1	1	1	314.06223	71.198027	19.397486	0.971	0
1.95	7.7076261	1	1	1	314.06166	71.200319	19.410664	0.971	0
2.05	7.7076261	1	1	1	314.04218	71.177401	19.383162	0.971	0
2.15	7.7076261	1	1	1	230.44019	108.40419	199.98175	0.971	0
2.25	7.7076261	1	1	1	230.34966	108.55201	200.12098	0.971	0
2.35	7.7076261	1	1	1	312.76334	70.631945	21.088858	0.971	0
2.45	7.7076261	1	1	1	230.09928	109.97925	200.54382	0.971	0
2.55	7.7076261	1	1	1	230.14397	110.08009	200.44928	0.971	0
2.65	7.7076261	1	1	1	230.14626	110.08353	200.44757	0.971	0
2.75	7.7076261	1	1	1	312.85444	70.848523	21.315749	0.971	0
2.85	7.7076261	1	1	1	312.85558	70.849669	21.314603	0.971	0
2.95	7.7076261	1	1	1	230.14626	110.08353	200.44757	0.971	0
3.05	7.7076261	1	1	1	312.85444	70.848523	21.315749	0.971	0
3.15	7.7076261	1	1	1	312.85558	70.849669	21.314603	0.971	0
3.25	7.7076261	1	1	1	230.1497	110.08295	200.44413	0.971	0
3.35	7.7076261	1	1	1	312.8573	70.850815	21.314603	0.971	0
3.45	7.7076261	1	1	1	312.85959	70.851388	21.312884	0.971	0
3.55	7.7076261	1	1	1	230.15485	110.08066	200.44241	0.971	0
3.65	7.7076261	1	1	1	312.87105	70.824459	21.309446	0.971	0
3.75	7.7076261	1	1	1	312.8785	70.798103	21.307727	0.971	0
3.85	7.7076261	1	1	1	313.02919	70.624497	21.216627	0.971	0
3.95	7.7076261	1	1	1	230.36857	109.9655	200.67904	0.971	0
4.05	7.7076261	1	1	1	313.05325	70.615902	21.208033	0.971	0
4.15	7.7076261	1	1	1	313.02919	70.624497	21.216627	0.971	0
4.25	7.7076261	1	1	1	313.4738	74.163657	21.220065	0.971	0
4.35	7.7076261	1	1	1	312.851	73.986613	22.399212	0.971	0
4.45	7.7076261	1	1	1	229.49824	110.46741	196.96169	0.971	0
4.55	7.7076261	1	1	1	312.8424	73.724198	21.967775	0.971	0
4.65	7.7076261	1	1	1	229.30917	110.7006	197.6057	0.971	0
4.75	7.7076261	1	1	1	229.30172	110.67711	197.612	0.971	0
4.85	7.7076261	1	1	1	312.90257	73.55403	21.592487	0.971	0
4.95	7.7076261	1	1	1	229.2937	110.66508	197.61257	0.971	0
5.05	7.7076261	1	1	1	229.29427	110.66565	197.61257	0.971	0
5.15	7.7076261	1	1	1	229.29141	110.66336	197.612	0.971	0
5.25	7.7076261	1	1	1	229.29141	110.66336	197.61257	0.971	0
5.35	7.7076261	1	1	1	229.29141	110.66279	197.612	0.971	0
5.45	7.7076261	1	1	1	229.29083	110.66279	197.612	0.971	0
5.55	7.7076261	1	1	1	229.29083	110.66221	197.612	0.971	0
5.65	7.7076261	1	1	1	229.28854	110.66221	197.61085	0.971	0
5.75	7.7076261	1	1	1	311.62372	72.483745	23.707848	0.971	0
5.85	7.7076261	1	1	1	311.62659	72.476869	23.70441	0.971	0
5.95	7.7076261	1	1	1	311.62773	72.47515	23.704983	0.971	0
6.05	7.7076261	1	1	1	311.62602	72.478015	23.706129	0.971	0
6.15	7.7076261	1	1	1	311.62773	72.47515	23.704983	0.971	0
6.25	7.7076261	1	1	1	311.62773	72.47515	23.706129	0.971	0
6.35	7.7076261	1	1	1	312.34909	72.346808	22.517241	0.971	0
6.45	7.7076261	1	1	1	312.34966	72.345089	22.517241	0.971	0
6.55	7.7076261	1	1	1	312.34909	72.344516	22.518387	0.971	0
6.65	7.7076261	1	1	1	312.34909	72.346808	22.517241	0.971	0
6.75	7.7076261	1	1	1	312.34966	72.345089	22.517241	0.971	0
6.85	7.7076261	1	1	1	312.34909	72.344516	22.518387	0.971	0
6.95	7.7076261	1	1	1	312.34851	72.341651	22.520679	0.971	0
7.05	7.7076261	1	1	1	312.33877	72.325608	22.552192	0.971	0
7.15	7.7076261	1	1	1	228.52192	110.57971	196.11085	0.971	0
7.25	7.7076261	1	1	1	228.52078	110.56023	196.10283	0.971	0
7.35	7.7076261	1	1	1	312.73698	74.947463	21.306582	0.971	0
7.45	7.7076261	1	1	1	228.5225	110.53903	196.10913	0.971	0
7.55	7.7076261	1	1	1	228.53797	110.52528	196.21742	0.971	0
7.65	7.7076261	1	1	1	312.72724	74.838028	21.246421	0.971	0
7.75	7.7076261	1	1	1	228.56031	110.44965	196.38071	0.971	0
7.85	7.7076261	1	1	1	312.69344	74.624888	21.198865	0.971	0
7.95	7.7076261	1	1	1	186.78424	30.642929	129.91589	0.971	0
8.05	7.7076261	1	1	1	50.070782	68.105774	70.536261	0.971	0
8.15	7.7076261	1	1	1	232.04332	113.65649	201.97221	0.971	0
8.25	7.7076261	1	1	1	232.02613	113.56253	201.92981	0.971	0
8.35	7.7076261	1	1	1	186.79742	31.713787	130.60917	0.971	0
8.45	7.7076261	1	1	1	312.90371	70.004556	25.116751	0.971	0
8.55	7.7076261	1	1	1	186.79742	31.713787	130.60917	0.971	0
8.65	7.7076261	1	1	1	133.12388	105.37324	339.02142	0.971	0
8.75	7.7076261	1	1	1	313.02632	72.478588	22.923468	0.971	0
8.85	7.7076261	1	1	1	187.56232	28.580854	309.04885	0.971	0
8.95	7.7076261	1	1	1	187.59555	28.61695	129.02437	0.971	0
9.05	7.7076261	1	1	1	187.65857	28.661641	308.97609	0.971	0
9.15	7.7076261	1	1	1	187.65285	28.658776	128.98082	0.971	0
9.25	7.7076261	1	1	1	187.74566	28.715499	308.9102	0.971	0
9.35	7.7076261	1	1	1	189.43646	29.325699	127.45561	0.971	0
9.45	7.7076261	1	1	1	230.62926	113.01249	198.79917	0.971	0
9.55	7.7076261	1	1	1	189.54876	29.365806	127.19663	0.971	0
9.65	7.7076261	1	1	1	230.62525	113.04343	198.91949	0.971	0
9.75	7.7076261	1	1	1	189.46396	29.432842	127.27112	0.971	0
9.85	7.7076261	1	1	1	230.6264	113.03483	198.92178	0.971	0
9.95	7.7076261	1	1	1	230.62067	113.02567	18.956309	0.971	0
0	7.7942286	1	1	1	2.3508458	153.16881	224.85156	0.971	0
0.1	7.7942286	1	1	1	314.23011	71.353299	19.641566	0.971	0
0.2	7.7942286	1	1	1	314.2198	71.35158	19.644431	0.971	0
0.3	7.7942286	1	1	1	314.22151	71.353299	19.645577	0.971	0
0.4	7.7942286	1	1	1	314.23011	71.353299	19.641566	0.971	0
0.5	7.7942286	1	1	1	314.23068	71.352153	19.640993	0.971	0
0.6	7.7942286	1	1	1	314.01181	71.121251	19.373995	0.971	0
0.7	7.7942286	1	1	1	314.01181	71.119532	19.369984	0.971	0
0.8	7.7942286	1	1	1	230.50207	108.28272	199.92675	0.971	0
0.9	7.7942286	1	1	1	314.00608	71.120105	19.3866	0.971	0
1	7.7942286	1	1	1	314.01181	71.119532	19.369984	0.971	0
1.1	7.7942286	1	1	1	230.50149	108.28329	199.92675	0.971	0
1.2	7.7942286	1	1	1	314.01353	71.118386	19.363109	0.971	0
1.3	7.7942286	1	1	1	313.99749	71.119532	19.397486	0.971	0
1.4	7.7942286	1	1	1	314.08515	71.223238	19.426134	0.971	0
1.5	7.7942286	1	1	1	314.08687	71.224956	19.426707	0.971	0
1.6	7.7942286	1	1	1	314.08687	71.224956	19.425561	0.971	0
1.7	7.7942286	1	1	1	314.08515	71.223238	19.426134	0.971	0
1.8	7.7942286	1	1	1	314.07598	71.213497	19.414675	0.971	0
1.9	7.7942286	1	1	1	314.07827	71.216362	19.418113	0.971	0
2	7.7942286	1	1	1	314.03931	71.16938	19.357379	0.971	0
2.1	7.7942286	1	1	1	230.41039	108.44888	200.03676	0.971	0
2.2	7.7942286	1	1	1	312.79027	70.521937	20.802379	0.971	0
2.3	7.7942286	1	1	1	312.73182	70.552304	20.99432	0.971	0
2.4	7.7942286	1	1	1	230.04255	109.35301	200.65555	0.971	0
2.5	7.7942286	1	1	1	230.12391	110.03311	200.49226	0.971	0
2.6	7.7942286	1	1	1	230.14626	110.08295	200.44699	0.971	0
2.7	7.7942286	1	1	1	312.85329	70.849096	21.314603	0.971	0
2.8	7.7942286	1	1	1	230.14741	110.08353	200.44527	0.971	0
2.9	7.7942286	1	1	1	230.14626	110.08295	200.44699	0.971	0
3	7.7942286	1	1	1	312.85329	70.849096	21.314603	0.971	0
3.1	7.7942286	1	1	1	312.85787	70.851388	21.31403	0.971	0
3.2	7.7942286	1	1	1	312.86074	70.851388	21.312311	0.971	0
3.3	7.7942286	1	1	1	312.85673	70.850815	21.314603	0.971	0
3.4	7.7942286	1	1	1	312.85787	70.851388	21.31403	0.971	0
3.5	7.7942286	1	1	1	312.86475	70.846804	21.312311	0.971	0
3.6	7.7942286	1	1	1	312.86189	70.849669	21.312311	0.971	0
3.7	7.7942286	1	1	1	312.8722	70.817583	21.310019	0.971	0
3.8	7.7942286	1	1	1	313.02117	70.622205	21.220065	0.971	0
3.9	7.7942286	1	1	1	313.03205	70.62507	21.213189	0.971	0
4	7.7942286	1	1	1	313.05325	70.61934	21.198865	0.971	0
4.1	7.7942286	1	1	1	313.07159	70.623351	21.189698	0.971	0
4.2	7.7942286	1	1	1	313.4738	74.16423	21.219492	0.971	0
4.3	7.7942286	1	1	1	313.46693	74.157927	21.213762	0.971	0
4.4	7.7942286	1	1	1	229.51773	110.37344	196.92617	0.971	0
4.5	7.7942286	1	1	1	229.51944	110.37516	196.92617	0.971	0
4.6	7.7942286	1	1	1	313.46693	74.157927	21.213762	0.971	0
4.7	7.7942286	1	1	1	312.90772	73.559187	21.610822	0.971	0
4.8	7.7942286	1	1	1	229.29828	110.67024	197.61257	0.971	0
4.9	7.7942286	1	1	1	229.2937	110.66451	197.61257	0.971	0
5	7.7942286	1	1	1	312.90142	73.55403	21.587904	0.971	0
5.1	7.7942286	1	1	1	312.90027	73.55403	21.586758	0.971	0
5.2	7.7942286	1	1	1	229.29083	110.66279	197.61257	0.971	0
5.3	7.7942286	1	1	1	229.29083	110.66623	197.61314	0.971	0
5.4	7.7942286	1	1	1	312.89913	73.55403	21.586185	0.971	0
5.5	7.7942286	1	1	1	229.29083	110.66279	197.61257	0.971	0
5.6	7.7942286	1	1	1	229.29026	110.66336	197.61257	0.971	0
5.7	7.7942286	1	1	1	312.89913	73.55403	21.586185	0.971	0
5.8	7.7942286	1	1	1	229.28912	110.66221	197.61085	0.971	0
5.9	7.7942286	1	1	1	311.62716	72.475723	23.705556	0.971	0
6	7.7942286	1	1	1	311.62773	72.474004	23.705556	0.971	0
6.1	7.7942286	1	1	1	311.62773	72.474004	23.705556	0.971	0
6.2	7.7942286	1	1	1	311.62773	72.47515	23.704983	0.971	0
6.3	7.7942286	1	1	1	312.34909	72.348527	22.517241	0.971	0
6.4	7.7942286	1	1	1	312.34851	72.345662	22.51896	0.971	0
6.5	7.7942286	1	1	1	312.34909	72.34337	22.518387	0.971	0
6.6	7.7942286	1	1	1	312.34851	72.345089	22.51896	0.971	0
6.7	7.7942286	1	1	1	312.34851	72.345662	22.51896	0.971	0
6.8	7.7942286	1	1	1	312.34909	72.34337	22.518387	0.971	0
6.9	7.7942286	1	1	1	312.34851	72.342224	22.520679	0.971	0
7	7.7942286	1	1	1	312.34794	72.339359	22.521825	0.971	0
7.1	7.7942286	1	1	1	228.52078	110.55393	196.10111	0.971	0
7.2	7.7942286	1	1	1	312.73755	74.950328	21.307727	0.971	0
7.3	7.7942286	1	1	1	228.52021	110.54934	196.09595	0.971	0
7.4	7.7942286	1	1	1	312.74042	74.955485	21.301425	0.971	0
7.5	7.7942286	1	1	1	312.73755	74.950328	21.307727	0.971	0
7.6	7.7942286	1	1	1	228.52078	110.53502	196.1034	0.971	0
7.7	7.7942286	1	1	1	312.74042	74.934858	21.280798	0.971	0
7.8	7.7942286	1	1	1	312.73985	74.915951	21.264183	0.971	0
7.9	7.7942286	1	1	1	230.13022	111.96226	199.6099	0.971	0
8	7.7942286	1	1	1	312.51983	71.038745	24.214342	0.971	0
8.1	7.7942286	1	1	1	313.07789	74.716561	19.765898	0.971	0
8.2	7.7942286	1	1	1	230.13022	111.96226	199.6099	0.971	0
8.3	7.7942286	1	1	1	313.11112	74.310334	21.357575	0.971	0
8.4	7.7942286	1	1	1	133.11872	105.6156	338.70228	0.971	0
8.5	7.7942286	1	1	1	313.11112	74.310334	21.357575	0.971	0
8.6	7.7942286	1	1	1	133.11643	105.68493	338.61634	0.971	0
8.7	7.7942286	1	1	1	188.49739	26.191047	127.57536	0.971	0
8.8	7.7942286	1	1	1	228.4801	109.9294	195.39522	0.971	0
8.9	7.7942286	1	1	1	228.47552	109.92596	195.38949	0.971	0
9	7.7942286	1	1	1	228.49041	109.94029	195.41413	0.971	0
9.1	7.7942286	1	1	1	187.81614	28.753314	308.86035	0.971	0
9.2	7.7942286	1	1	1	188.11007	28.331617	128.50355	0.971	0
9.3	7.7942286	1	1	1	188.04876	28.882229	308.71768	0.971	0
9.4	7.7942286	1	1	1	189.38146	29.303926	127.46936	0.971	0
9.5	7.7942286	1	1	1	189.47714	29.403048	127.26596	0.971	0
9.6	7.7942286	1	1	1	230.64244	113.0503	198.89313	0.971	0
9.7	7.7942286	1	1	1	189.47714	29.403048	127.26596	0.971	0
9.8	7.7942286	1	1	1	230.64244	113.0503	198.89313	0.971	0
9.9	7.7942286	1	1	1	230.6327	113.04801	18.932817	0.971	0
0.05	7.8808312	1	1	1	2.3462622	153.17053	224.79713	0.971	0
0.15	7.8808312	1	1	1	314.22381	71.354445	19.644431	0.971	0
0.25	7.8808312	1	1	1	314.22037	71.352153	19.645004	0.971	0
0.35	7.8808312	1	1	1	314.23297	71.351007	19.639847	0.971	0
0.45	7.8808312	1	1	1	314.22381	71.354445	19.644431	0.971	0
0.55	7.8808312	1	1	1	230.50149	108.2873	199.92675	0.971	0
0.65	7.8808312	1	1	1	314.01296	71.117813	19.363109	0.971	0
0.75	7.8808312	1	1	1	230.50092	108.28444	199.92789	0.971	0
0.85	7.8808312	1	1	1	230.50149	108.2873	199.92675	0.971	0
0.95	7.8808312	1	1	1	314.0141	71.118959	19.362536	0.971	0
1.05	7.8808312	1	1	1	230.50092	108.28444	199.92789	0.971	0
1.15	7.8808312	1	1	1	314.0141	71.118959	19.363109	0.971	0
1.25	7.8808312	1	1	1	314.08687	71.224384	19.425561	0.971	0
1.35	7.8808312	1	1	1	230.56223	108.35377	199.82304	0.971	0
1.45	7.8808312	1	1	1	314.08744	71.225529	19.425561	0.971	0
1.55	7.8808312	1	1	1	314.08458	71.223238	19.424988	0.971	0
1.65	7.8808312	1	1	1	314.08515	71.223811	19.425561	0.971	0
1.75	7.8808312	1	1	1	314.08343	71.222092	19.423269	0.971	0
1.85	7.8808312	1	1	1	314.08458	71.223238	19.424988	0.971	0
1.95	7.8808312	1	1	1	314.05478	71.187141	19.381443	0.971	0
2.05	7.8808312	1	1	1	314.06223	71.196882	19.393475	0.971	0
2.15	7.8808312	1	1	1	314.04161	71.172244	19.360817	0.971	0
2.25	7.8808312	1	1	1	312.69802	70.47782	20.924419	0.971	0
2.35	7.8808312	1	1	1	230.02938	109.78559	200.6842	0.971	0
2.45	7.8808312	1	1	1	230.01792	109.76324	200.71113	0.971	0
2.55	7.8808312	1	1	1	312.69802	70.47782	20.924419	0.971	0
2.65	7.8808312	1	1	1	312.85272	70.849096	21.313457	0.971	0
2.75	7.8808312	1	1	1	312.85386	70.849096	21.314603	0.971	0
2.85	7.8808312	1	1	1	230.14798	110.08295	200.4447	0.971	0
2.95	7.8808312	1	1	1	312.85272	70.849096	21.313457	0.971	0
3.05	7.8808312	1	1	1	312.85501	70.849096	21.315176	0.971	0
3.15	7.8808312	1	1	1	230.14912	110.08295	200.4447	0.971	0
3.25	7.8808312	1	1	1	230.1497	110.08238	200.44241	0.971	0
3.35	7.8808312	1	1	1	312.85673	70.851388	21.313457	0.971	0
3.45	7.8808312	1	1	1	230.15314	110.08181	200.44241	0.971	0
3.55	7.8808312	1	1	1	230.15428	110.08066	200.44241	0.971	0
3.65	7.8808312	1	1	1	312.86532	70.846231	21.311738	0.971	0
3.75	7.8808312	1	1	1	230.18465	110.07207	200.49168	0.971	0
3.85	7.8808312	1	1	1	312.98106	70.642258	21.249286	0.971	0
3.95	7.8808312	1	1	1	313.03893	70.630226	21.209752	0.971	0
4.05	7.8808312	1	1	1	230.39378	109.94143	200.66758	0.971	0
4.15	7.8808312	1	1	1	313.47209	74.163657	21.214908	0.971	0
4.25	7.8808312	1	1	1	313.47209	74.163657	21.214335	0.971	0
4.35	7.8808312	1	1	1	229.51887	110.37344	196.92502	0.971	0
4.45	7.8808312	1	1	1	313.47323	74.163657	21.216054	0.971	0
4.55	7.8808312	1	1	1	229.51944	110.37402	196.92559	0.971	0
4.65	7.8808312	1	1	1	312.8934	73.597002	21.696193	0.971	0
4.75	7.8808312	1	1	1	229.30344	110.68341	197.60971	0.971	0
4.85	7.8808312	1	1	1	229.29771	110.66966	197.61257	0.971	0
4.95	7.8808312	1	1	1	229.29255	110.66336	197.612	0.971	0
5.05	7.8808312	1	1	1	229.29255	110.66279	197.612	0.971	0
5.15	7.8808312	1	1	1	229.29198	110.66279	197.612	0.971	0
5.25	7.8808312	1	1	1	229.29141	110.66221	197.612	0.971	0
5.35	7.8808312	1	1	1	229.29198	110.66279	197.612	0.971	0
5.45	7.8808312	1	1	1	229.29026	110.66164	197.61142	0.971	0
5.55	7.8808312	1	1	1	312.90027	73.554603	21.585612	0.971	0
5.65	7.8808312	1	1	1	229.29141	110.66221	197.612	0.971	0
5.75	7.8808312	1	1	1	229.29026	110.66164	197.61142	0.971	0
5.85	7.8808312	1	1	1	229.28682	110.66107	197.60856	0.971	0
5.95	7.8808312	1	1	1	313.01945	74.035887	19.312115	0.971	0
6.05	7.8808312	1	1	1	311.62773	72.47515	23.706702	0.971	0
6.15	7.8808312	1	1	1	311.70852	72.460253	23.572057	0.971	0
6.25	7.8808312	1	1	1	312.34966	72.348527	22.516095	0.971	0
6.35	7.8808312	1	1	1	312.34966	72.347381	22.517241	0.971	0
6.45	7.8808312	1	1	1	312.35023	72.348527	22.515522	0.971	0
6.55	7.8808312	1	1	1	312.34966	72.346808	22.516668	0.971	0
6.65	7.8808312	1	1	1	312.34909	72.346808	22.518387	0.971	0
6.75	7.8808312	1	1	1	312.34909	72.346235	22.518387	0.971	0
6.85	7.8808312	1	1	1	312.34909	72.34337	22.51896	0.971	0
6.95	7.8808312	1	1	1	312.34851	72.341651	22.520679	0.971	0
7.05	7.8808312	1	1	1	228.5225	110.60664	196.11887	0.971	0
7.15	7.8808312	1	1	1	228.51906	110.53788	196.09137	0.971	0
7.25	7.8808312	1	1	1	312.74042	74.955485	21.299706	0.971	0
7.35	7.8808312	1	1	1	228.51906	110.53616	196.09194	0.971	0
7.45	7.8808312	1	1	1	312.74328	74.959495	21.292831	0.971	0
7.55	7.8808312	1	1	1	312.74328	74.958922	21.291112	0.971	0
7.65	7.8808312	1	1	1	228.51906	110.53616	196.09194	0.971	0
7.75	7.8808312	1	1	1	312.74328	74.953766	21.286528	0.971	0
7.85	7.8808312	1	1	1	312.69859	74.635774	21.193136	0.971	0
7.95	7.8808312	1	1	1	228.35519	108.76114	195.97678	0.971	0
8.05	7.8808312	1	1	1	313.10195	74.907356	19.449625	0.971	0
8.15	7.8808312	1	1	1	313.10711	74.915951	19.46796	0.971	0
8.25	7.8808312	1	1	1	313.10883	74.364192	21.303717	0.971	0
8.35	7.8808312	1	1	1	313.11055	74.436385	21.256161	0.971	0
8.45	7.8808312	1	1	1	133.11586	105.67863	338.62722	0.971	0
8.55	7.8808312	1	1	1	313.11972	75.537037	20.617313	0.971	0
8.65	7.8808312	1	1	1	189.54762	24.991273	126.21172	0.971	0
8.75	7.8808312	1	1	1	228.47609	109.92596	195.39007	0.971	0
8.85	7.8808312	1	1	1	228.47666	109.92768	195.39179	0.971	0
8.95	7.8808312	1	1	1	228.47666	109.92711	195.39064	0.971	0
9.05	7.8808312	1	1	1	228.47609	109.92711	195.39179	0.971	0
9.15	7.8808312	1	1	1	228.47781	109.93055	195.39866	0.971	0
9.25	7.8808312	1	1	1	228.45432	109.90419	195.41642	0.971	0
9.35	7.8808312	1	1	1	228.43312	109.88242	195.44851	0.971	0
9.45	7.8808312	1	1	1	182.74317	25.247385	132.09313	0.971	0
9.55	7.8808312	1	1	1	227.69744	108.42653	197.53465	0.971	0
9.65	7.8808312	1	1	1	182.74317	25.247385	132.09313	0.971	0
9.75	7.8808312	1	1	1	227.69744	108.42653	197.53465	0.971	0
9.85	7.8808312	1	1	1	227.69744	108.42653	197.53522	0.971	0
9.95	7.8808312	1	1	1	230.60921	113.01478	18.971206	0.971	0
0	7.9674337	1	1	1	314.2175	71.347569	19.64615	0.971	0
0.1	7.9674337	1	1	1	314.22151	71.353299	19.644431	0.971	0
0.2	7.9674337	1	1	1	314.22094	71.353872	19.646723	0.971	0
0.3	7.9674337	1	1	1	314.22094	71.353299	19.645577	0.971	0
0.4	7.9674337	1	1	1	314.22151	71.353299	19.644431	0.971	0
0.5	7.9674337	1	1	1	314.22094	71.353872	19.646723	0.971	0
0.6	7.9674337	1	1	1	314.01296	71.118386	19.364255	0.971	0
0.7	7.9674337	1	1	1	314.01181	71.118959	19.367119	0.971	0
0.8	7.9674337	1	1	1	314.01238	71.118386	19.365973	0.971	0
0.9	7.9674337	1	1	1	314.01296	71.118386	19.364255	0.971	0
1	7.9674337	1	1	1	314.01525	71.119532	19.362536	0.971	0
1.1	7.9674337	1	1	1	314.01353	71.118386	19.363109	0.971	0
1.2	7.9674337	1	1	1	314.08916	71.226102	19.426707	0.971	0
1.3	7.9674337	1	1	1	314.08744	71.224956	19.426134	0.971	0
1.4	7.9674337	1	1	1	314.08744	71.225529	19.426134	0.971	0
1.5	7.9674337	1	1	1	314.08801	71.225529	19.426134	0.971	0
1.6	7.9674337	1	1	1	314.08744	71.224956	19.426134	0.971	0
1.7	7.9674337	1	1	1	314.08744	71.225529	19.426134	0.971	0
1.8	7.9674337	1	1	1	314.08801	71.225529	19.426134	0.971	0
1.9	7.9674337	1	1	1	314.07197	71.211205	19.419259	0.971	0
2	7.9674337	1	1	1	314.06223	71.198027	19.397486	0.971	0
2.1	7.9674337	1	1	1	314.04676	71.17912	19.373422	0.971	0
2.2	7.9674337	1	1	1	230.53702	108.25121	199.79898	0.971	0
2.3	7.9674337	1	1	1	230.7599	108.08448	199.2094	0.971	0
2.4	7.9674337	1	1	1	230.83037	108.06557	199.05069	0.971	0
2.5	7.9674337	1	1	1	312.8235	70.792373	21.265329	0.971	0
2.6	7.9674337	1	1	1	312.84985	70.845658	21.311738	0.971	0
2.7	7.9674337	1	1	1	312.85386	70.849669	21.313457	0.971	0
2.8	7.9674337	1	1	1	230.14626	110.08181	200.44527	0.971	0
2.9	7.9674337	1	1	1	312.84985	70.845658	21.311738	0.971	0
3	7.9674337	1	1	1	312.85444	70.849669	21.314603	0.971	0
3.1	7.9674337	1	1	1	230.15027	110.08124	200.44069	0.971	0
3.2	7.9674337	1	1	1	230.1497	110.08238	200.44241	0.971	0
3.3	7.9674337	1	1	1	312.85673	70.851388	21.312884	0.971	0
3.4	7.9674337	1	1	1	230.15027	110.08124	200.44069	0.971	0
3.5	7.9674337	1	1	1	230.15314	110.08124	200.44069	0.971	0
3.6	7.9674337	1	1	1	312.86418	70.850815	21.311165	0.971	0
3.7	7.9674337	1	1	1	230.16459	110.07837	200.45043	0.971	0
3.8	7.9674337	1	1	1	230.28033	110.02795	200.63779	0.971	0
3.9	7.9674337	1	1	1	312.98221	70.642831	21.24814	0.971	0
4	7.9674337	1	1	1	313.47781	74.168814	21.220065	0.971	0
4.1	7.9674337	1	1	1	313.4738	74.163657	21.220065	0.971	0
4.2	7.9674337	1	1	1	313.47209	74.162511	21.216627	0.971	0
4.3	7.9674337	1	1	1	313.47781	74.168814	21.220065	0.971	0
4.4	7.9674337	1	1	1	313.4738	74.163657	21.220065	0.971	0
4.5	7.9674337	1	1	1	313.47209	74.162511	21.216627	0.971	0
4.6	7.9674337	1	1	1	313.48698	74.12355	21.091722	0.971	0
4.7	7.9674337	1	1	1	313.61418	73.806704	20.070139	0.971	0
4.8	7.9674337	1	1	1	229.29828	110.67138	197.61257	0.971	0
4.9	7.9674337	1	1	1	229.29427	110.66565	197.61257	0.971	0
5	7.9674337	1	1	1	229.29198	110.66336	197.612	0.971	0
5.1	7.9674337	1	1	1	229.2937	110.66508	197.61257	0.971	0
5.2	7.9674337	1	1	1	229.29427	110.66565	197.61257	0.971	0
5.3	7.9674337	1	1	1	229.29198	110.66336	197.612	0.971	0
5.4	7.9674337	1	1	1	229.29141	110.66336	197.61257	0.971	0
5.5	7.9674337	1	1	1	229.29141	110.66279	197.612	0.971	0
5.6	7.9674337	1	1	1	229.29083	110.66279	197.612	0.971	0
5.7	7.9674337	1	1	1	229.29083	110.66221	197.612	0.971	0
5.8	7.9674337	1	1	1	229.28854	110.66221	197.61085	0.971	0
5.9	7.9674337	1	1	1	313.02002	74.048492	19.312688	0.971	0
6	7.9674337	1	1	1	313.01888	74.04219	19.307532	0.971	0
6.1	7.9674337	1	1	1	228.48984	108.50961	196.81559	0.971	0
6.2	7.9674337	1	1	1	312.34966	72.350819	22.51495	0.971	0
6.3	7.9674337	1	1	1	312.35023	72.3491	22.51495	0.971	0
6.4	7.9674337	1	1	1	312.34966	72.349673	22.515522	0.971	0
6.5	7.9674337	1	1	1	312.34966	72.350819	22.51495	0.971	0
6.6	7.9674337	1	1	1	312.34909	72.346808	22.517241	0.971	0
6.7	7.9674337	1	1	1	312.34966	72.349673	22.515522	0.971	0
6.8	7.9674337	1	1	1	189.13566	25.952123	126.43632	0.971	0
6.9	7.9674337	1	1	1	312.71693	74.938869	21.367888	0.971	0
7	7.9674337	1	1	1	228.52192	110.57971	196.11085	0.971	0
7.1	7.9674337	1	1	1	189.13566	25.952123	126.43632	0.971	0
7.2	7.9674337	1	1	1	312.74214	74.957777	21.295122	0.971	0
7.3	7.9674337	1	1	1	312.74214	74.958349	21.296268	0.971	0
7.4	7.9674337	1	1	1	312.74214	74.958349	21.296268	0.971	0
7.5	7.9674337	1	1	1	312.74271	74.958349	21.294549	0.971	0
7.6	7.9674337	1	1	1	312.74214	74.958349	21.296268	0.971	0
7.7	7.9674337	1	1	1	312.74214	74.958349	21.296268	0.971	0
7.8	7.9674337	1	1	1	312.72724	74.838028	21.246421	0.971	0
7.9	7.9674337	1	1	1	313.10081	74.910221	19.438739	0.971	0
8	7.9674337	1	1	1	313.10425	74.917669	19.425561	0.971	0
8.1	7.9674337	1	1	1	313.10711	74.920534	19.424988	0.971	0
8.2	7.9674337	1	1	1	313.10826	74.921107	19.435301	0.971	0
8.3	7.9674337	1	1	1	313.10998	74.923399	19.439312	0.971	0
8.4	7.9674337	1	1	1	313.11341	74.92741	19.447906	0.971	0
8.5	7.9674337	1	1	1	313.11685	74.931993	19.501192	0.971	0
8.6	7.9674337	1	1	1	228.47666	109.92654	195.39064	0.971	0
8.7	7.9674337	1	1	1	228.47437	109.92482	195.38835	0.971	0
8.8	7.9674337	1	1	1	228.47437	109.92539	195.38778	0.971	0
8.9	7.9674337	1	1	1	228.47552	109.92596	195.39007	0.971	0
9	7.9674337	1	1	1	228.4738	109.92482	195.38778	0.971	0
9.1	7.9674337	1	1	1	228.47437	109.92482	195.38778	0.971	0
9.2	7.9674337	1	1	1	228.46062	109.91049	195.39694	0.971	0
9.3	7.9674337	1	1	1	228.41249	109.85893	195.44221	0.971	0
9.4	7.9674337	1	1	1	182.7277	25.238791	132.10573	0.971	0
9.5	7.9674337	1	1	1	182.75749	25.267439	132.07709	0.971	0
9.6	7.9674337	1	1	1	227.69858	108.43398	197.53923	0.971	0
9.7	7.9674337	1	1	1	227.694	108.40075	197.52147	0.971	0
9.8	7.9674337	1	1	1	2.7267061	154.74501	227.8974	0.971	0
9.9	7.9674337	1	1	1	131.70466	107.56652	340.23322	0.971	0
0.05	8.0540363	1	1	1	314.2198	71.35158	19.644431	0.971	0
0.15	8.0540363	1	1	1	314.22151	71.353299	19.645577	0.971	0
0.25	8.0540363	1	1	1	314.21865	71.354445	19.653025	0.971	0
0.35	8.0540363	1	1	1	314.2198	71.35158	19.644431	0.971	0
0.45	8.0540363	1	1	1	314.22151	71.353299	19.645577	0.971	0
0.55	8.0540363	1	1	1	314.21865	71.358456	19.653598	0.971	0
0.65	8.0540363	1	1	1	230.50207	108.28272	199.92675	0.971	0
0.75	8.0540363	1	1	1	314.01468	71.118959	19.362536	0.971	0
0.85	8.0540363	1	1	1	314.01353	71.118386	19.362536	0.971	0
0.95	8.0540363	1	1	1	230.50207	108.28272	199.92675	0.971	0
1.05	8.0540363	1	1	1	230.50379	108.28387	199.92388	0.971	0
1.15	8.0540363	1	1	1	314.01353	71.118386	19.362536	0.971	0
1.25	8.0540363	1	1	1	314.08801	71.225529	19.426134	0.971	0
1.35	8.0540363	1	1	1	314.08687	71.224956	19.426707	0.971	0
1.45	8.0540363	1	1	1	314.08687	71.224956	19.425561	0.971	0
1.55	8.0540363	1	1	1	314.08515	71.223238	19.426134	0.971	0
1.65	8.0540363	1	1	1	314.08687	71.224956	19.426707	0.971	0
1.75	8.0540363	1	1	1	314.08687	71.224956	19.425561	0.971	0
1.85	8.0540363	1	1	1	314.084	71.222665	19.423842	0.971	0
1.95	8.0540363	1	1	1	314.07598	71.213497	19.414675	0.971	0
2.05	8.0540363	1	1	1	314.06109	71.195736	19.39233	0.971	0
2.15	8.0540363	1	1	1	314.03931	71.16938	19.357379	0.971	0
2.25	8.0540363	1	1	1	230.8298	108.06328	199.05356	0.971	0
2.35	8.0540363	1	1	1	230.83209	108.06901	199.04554	0.971	0
2.45	8.0540363	1	1	1	314.72056	71.926257	19.041106	0.971	0
2.55	8.0540363	1	1	1	230.8298	108.06328	199.05356	0.971	0
2.65	8.0540363	1	1	1	230.14454	110.07608	200.44241	0.971	0
2.75	8.0540363	1	1	1	230.14454	110.07952	200.44585	0.971	0
2.85	8.0540363	1	1	1	312.85272	70.849096	21.313457	0.971	0
2.95	8.0540363	1	1	1	230.14454	110.07608	200.44241	0.971	0
3.05	8.0540363	1	1	1	312.85444	70.850815	21.311165	0.971	0
3.15	8.0540363	1	1	1	312.86074	70.852534	21.311738	0.971	0
3.25	8.0540363	1	1	1	312.85787	70.852534	21.312311	0.971	0
3.35	8.0540363	1	1	1	312.85845	70.853107	21.311738	0.971	0
3.45	8.0540363	1	1	1	312.86418	70.849096	21.312311	0.971	0
3.55	8.0540363	1	1	1	229.60195	109.86752	196.47811	0.971	0
3.65	8.0540363	1	1	1	229.59393	109.86809	196.46322	0.971	0
3.75	8.0540363	1	1	1	229.59164	109.87096	196.45863	0.971	0
3.85	8.0540363	1	1	1	229.60768	109.88356	196.48499	0.971	0
3.95	8.0540363	1	1	1	229.59679	109.93112	196.51306	0.971	0
4.05	8.0540363	1	1	1	313.4738	74.16423	21.219492	0.971	0
4.15	8.0540363	1	1	1	313.47323	74.164803	21.2172	0.971	0
4.25	8.0540363	1	1	1	229.51773	110.37344	196.92617	0.971	0
4.35	8.0540363	1	1	1	313.4738	74.16423	21.219492	0.971	0
4.45	8.0540363	1	1	1	313.46693	74.157927	21.213762	0.971	0
4.55	8.0540363	1	1	1	229.51773	110.37344	196.92617	0.971	0
4.65	8.0540363	1	1	1	313.60616	73.807277	20.092484	0.971	0
4.75	8.0540363	1	1	1	313.60673	73.804412	20.082744	0.971	0
4.85	8.0540363	1	1	1	312.90257	73.55403	21.590769	0.971	0
4.95	8.0540363	1	1	1	229.29828	110.67024	197.61257	0.971	0
5.05	8.0540363	1	1	1	312.8997	73.55403	21.587331	0.971	0
5.15	8.0540363	1	1	1	312.90257	73.55403	21.590769	0.971	0
5.25	8.0540363	1	1	1	312.90027	73.55403	21.586758	0.971	0
5.35	8.0540363	1	1	1	312.8997	73.55403	21.587331	0.971	0
5.45	8.0540363	1	1	1	312.90085	73.55403	21.587331	0.971	0
5.55	8.0540363	1	1	1	312.90027	73.55403	21.586758	0.971	0
5.65	8.0540363	1	1	1	312.89913	73.55403	21.586758	0.971	0
5.75	8.0540363	1	1	1	312.89913	73.554603	21.586185	0.971	0
5.85	8.0540363	1	1	1	313.02002	74.041044	19.306386	0.971	0
5.95	8.0540363	1	1	1	313.02002	74.046774	19.304094	0.971	0
6.05	8.0540363	1	1	1	228.52422	108.52967	196.87632	0.971	0
6.15	8.0540363	1	1	1	313.02002	74.041044	19.306386	0.971	0
6.25	8.0540363	1	1	1	313.012	74.075994	19.279457	0.971	0
6.35	8.0540363	1	1	1	312.26945	72.361705	22.647876	0.971	0
6.45	8.0540363	1	1	1	312.34909	72.348527	22.517241	0.971	0
6.55	8.0540363	1	1	1	312.34909	72.347954	22.517241	0.971	0
6.65	8.0540363	1	1	1	228.47265	110.32761	196.14408	0.971	0
6.75	8.0540363	1	1	1	228.5162	110.58544	196.11887	0.971	0
6.85	8.0540363	1	1	1	228.5225	110.60606	196.11887	0.971	0
6.95	8.0540363	1	1	1	228.52192	110.59403	196.11371	0.971	0
7.05	8.0540363	1	1	1	312.71865	74.941734	21.363877	0.971	0
7.15	8.0540363	1	1	1	228.52021	110.54934	196.09595	0.971	0
7.25	8.0540363	1	1	1	312.74328	74.960068	21.292258	0.971	0
7.35	8.0540363	1	1	1	312.74328	74.960068	21.293976	0.971	0
7.45	8.0540363	1	1	1	312.74271	74.958922	21.296268	0.971	0
7.55	8.0540363	1	1	1	312.74328	74.960068	21.292258	0.971	0
7.65	8.0540363	1	1	1	312.74328	74.960068	21.293976	0.971	0
7.75	8.0540363	1	1	1	228.35004	108.74395	195.9573	0.971	0
7.85	8.0540363	1	1	1	228.34832	108.73249	195.94927	0.971	0
7.95	8.0540363	1	1	1	313.10654	74.923972	19.418686	0.971	0
8.05	8.0540363	1	1	1	313.10768	74.923972	19.415821	0.971	0
8.15	8.0540363	1	1	1	313.10826	74.923972	19.415248	0.971	0
8.25	8.0540363	1	1	1	313.10654	74.918815	19.426134	0.971	0
8.35	8.0540363	1	1	1	313.10883	74.92168	19.415821	0.971	0
8.45	8.0540363	1	1	1	313.10998	74.923399	19.439885	0.971	0
8.55	8.0540363	1	1	1	313.11685	75.551934	20.604135	0.971	0
8.65	8.0540363	1	1	1	228.47552	109.92539	195.38949	0.971	0
8.75	8.0540363	1	1	1	228.47437	109.92482	195.38835	0.971	0
8.85	8.0540363	1	1	1	228.47552	109.92539	195.38949	0.971	0
8.95	8.0540363	1	1	1	228.48067	109.92997	195.39637	0.971	0
9.05	8.0540363	1	1	1	228.47552	109.92654	195.39007	0.971	0
9.15	8.0540363	1	1	1	228.40619	109.85205	195.44679	0.971	0
9.25	8.0540363	1	1	1	228.41134	109.85893	195.4382	0.971	0
9.35	8.0540363	1	1	1	228.41879	109.86638	195.43648	0.971	0
9.45	8.0540363	1	1	1	227.69171	108.38757	197.51517	0.971	0
9.55	8.0540363	1	1	1	182.72426	25.234207	132.10974	0.971	0
9.65	8.0540363	1	1	1	2.6768588	154.81721	227.84125	0.971	0
9.75	8.0540363	1	1	1	227.69171	108.38757	197.51517	0.971	0
9.85	8.0540363	1	1	1	2.6780047	154.81434	227.84297	0.971	0
9.95	8.0540363	1	1	1	227.87677	108.80583	198.578	0.971	0
0	8.1406388	1	1	1	314.21922	71.350434	19.643858	0.971	0
0.1	8.1406388	1	1	1	314.2175	71.347569	19.64042	0.971	0
0.2	8.1406388	1	1	1	314.22209	71.353299	19.643858	0.971	0
0.3	8.1406388	1	1	1	314.21922	71.350434	19.643858	0.971	0
0.4	8.1406388	1	1	1	314.22037	71.352153	19.645004	0.971	0
0.5	8.1406388	1	1	1	314.22209	71.353299	19.643858	0.971	0
0.6	8.1406388	1	1	1	314.20834	71.371634	19.669641	0.971	0
0.7	8.1406388	1	1	1	314.01525	71.120105	19.363682	0.971	0
0.8	8.1406388	1	1	1	314.01296	71.117813	19.363109	0.971	0
0.9	8.1406388	1	1	1	230.50321	108.28272	199.92503	0.971	0
1	8.1406388	1	1	1	314.0141	71.118959	19.363109	0.971	0
1.1	8.1406388	1	1	1	314.0141	71.118959	19.362536	0.971	0
1.2	8.1406388	1	1	1	230.50321	108.28272	199.92503	0.971	0
1.3	8.1406388	1	1	1	314.08744	71.225529	19.425561	0.971	0
1.4	8.1406388	1	1	1	314.08687	71.224956	19.425561	0.971	0
1.5	8.1406388	1	1	1	314.08515	71.223811	19.425561	0.971	0
1.6	8.1406388	1	1	1	314.08744	71.225529	19.425561	0.971	0
1.7	8.1406388	1	1	1	314.08687	71.224956	19.425561	0.971	0
1.8	8.1406388	1	1	1	314.08515	71.223811	19.425561	0.971	0
1.9	8.1406388	1	1	1	314.08343	71.222092	19.423269	0.971	0
2	8.1406388	1	1	1	314.07369	71.211205	19.413529	0.971	0
2.1	8.1406388	1	1	1	314.05478	71.187141	19.381443	0.971	0
2.2	8.1406388	1	1	1	314.03588	71.164796	19.348212	0.971	0
2.3	8.1406388	1	1	1	230.83266	108.06958	199.04382	0.971	0
2.4	8.1406388	1	1	1	230.83209	108.06958	199.04382	0.971	0
2.5	8.1406388	1	1	1	314.72171	71.928549	19.041106	0.971	0
2.6	8.1406388	1	1	1	230.83152	108.06614	199.04554	0.971	0
2.7	8.1406388	1	1	1	230.82923	108.05984	199.04439	0.971	0
2.8	8.1406388	1	1	1	312.851	70.84795	21.307154	0.971	0
2.9	8.1406388	1	1	1	230.77021	108.07302	198.76823	0.971	0
3	8.1406388	1	1	1	314.36934	72.474577	19.372276	0.971	0
3.1	8.1406388	1	1	1	314.32522	72.487755	19.411237	0.971	0
3.2	8.1406388	1	1	1	314.39627	72.471713	19.349358	0.971	0
3.3	8.1406388	1	1	1	314.36934	72.474577	19.372276	0.971	0
3.4	8.1406388	1	1	1	314.32522	72.487755	19.411237	0.971	0
3.5	8.1406388	1	1	1	313.85883	74.541236	20.648253	0.971	0
3.6	8.1406388	1	1	1	229.59221	109.87096	196.46035	0.971	0
3.7	8.1406388	1	1	1	229.59049	109.86809	196.45921	0.971	0
3.8	8.1406388	1	1	1	229.58935	109.87039	196.45634	0.971	0
3.9	8.1406388	1	1	1	229.59221	109.87096	196.46035	0.971	0
4	8.1406388	1	1	1	313.47209	74.163657	21.214908	0.971	0
4.1	8.1406388	1	1	1	313.47209	74.163657	21.214335	0.971	0
4.2	8.1406388	1	1	1	229.51887	110.37344	196.92502	0.971	0
4.3	8.1406388	1	1	1	313.47209	74.163657	21.214908	0.971	0
4.4	8.1406388	1	1	1	313.47209	74.163657	21.214335	0.971	0
4.5	8.1406388	1	1	1	229.51887	110.37344	196.92502	0.971	0
4.6	8.1406388	1	1	1	313.60329	73.810142	20.111965	0.971	0
4.7	8.1406388	1	1	1	313.61647	73.80384	20.048939	0.971	0
4.8	8.1406388	1	1	1	313.60788	73.801548	20.07816	0.971	0
4.9	8.1406388	1	1	1	313.60558	73.806131	20.091338	0.971	0
5	8.1406388	1	1	1	313.61647	73.80384	20.048939	0.971	0
5.1	8.1406388	1	1	1	229.29255	110.66336	197.612	0.971	0
5.2	8.1406388	1	1	1	229.29255	110.66279	197.612	0.971	0
5.3	8.1406388	1	1	1	312.90085	73.55403	21.586185	0.971	0
5.4	8.1406388	1	1	1	312.90085	73.55403	21.586758	0.971	0
5.5	8.1406388	1	1	1	312.90085	73.554603	21.586758	0.971	0
5.6	8.1406388	1	1	1	312.90085	73.55403	21.586185	0.971	0
5.7	8.1406388	1	1	1	312.90027	73.554603	21.585612	0.971	0
5.8	8.1406388	1	1	1	313.01945	74.035887	19.312115	0.971	0
5.9	8.1406388	1	1	1	313.03435	74.209494	19.318991	0.971	0
6	8.1406388	1	1	1	228.44515	108.5331	196.62536	0.971	0
6.1	8.1406388	1	1	1	313.01945	74.035887	19.312115	0.971	0
6.2	8.1406388	1	1	1	312.9484	74.583635	19.028501	0.971	0
6.3	8.1406388	1	1	1	228.08304	108.25579	196.06616	0.971	0
6.4	8.1406388	1	1	1	312.93465	74.709686	18.969487	0.971	0
6.5	8.1406388	1	1	1	228.04694	108.22714	196.01173	0.971	0
6.6	8.1406388	1	1	1	228.08304	108.25579	196.06616	0.971	0
6.7	8.1406388	1	1	1	228.62391	110.67482	196.4403	0.971	0
6.8	8.1406388	1	1	1	228.46692	110.34537	196.09882	0.971	0
6.9	8.1406388	1	1	1	228.5225	110.60664	196.11887	0.971	0
7	8.1406388	1	1	1	312.72667	74.94689	21.340386	0.971	0
7.1	8.1406388	1	1	1	228.51963	110.54877	196.09595	0.971	0
7.2	8.1406388	1	1	1	228.5225	110.60664	196.11887	0.971	0
7.3	8.1406388	1	1	1	312.74328	74.959495	21.292831	0.971	0
7.4	8.1406388	1	1	1	312.74328	74.958922	21.292831	0.971	0
7.5	8.1406388	1	1	1	312.74328	74.961214	21.294549	0.971	0
7.6	8.1406388	1	1	1	312.74328	74.959495	21.292831	0.971	0
7.7	8.1406388	1	1	1	312.74328	74.958922	21.292831	0.971	0
7.8	8.1406388	1	1	1	313.10654	74.923399	19.418686	0.971	0
7.9	8.1406388	1	1	1	313.10826	74.923399	19.415248	0.971	0
8	8.1406388	1	1	1	313.10826	74.925118	19.414675	0.971	0
8.1	8.1406388	1	1	1	313.10826	74.924545	19.415821	0.971	0
8.2	8.1406388	1	1	1	313.10883	74.923399	19.415248	0.971	0
8.3	8.1406388	1	1	1	313.1094	74.920534	19.416967	0.971	0
8.4	8.1406388	1	1	1	313.10883	74.924545	19.415248	0.971	0
8.5	8.1406388	1	1	1	313.10998	74.923972	19.419832	0.971	0
8.6	8.1406388	1	1	1	228.47609	109.92596	195.39007	0.971	0
8.7	8.1406388	1	1	1	228.47552	109.92596	195.38892	0.971	0
8.8	8.1406388	1	1	1	228.4738	109.92482	195.38835	0.971	0
8.9	8.1406388	1	1	1	228.47609	109.92596	195.39007	0.971	0
9	8.1406388	1	1	1	228.47552	109.92596	195.38892	0.971	0
9.1	8.1406388	1	1	1	228.4738	109.92482	195.38835	0.971	0
9.2	8.1406388	1	1	1	228.46176	109.91164	195.40668	0.971	0
9.3	8.1406388	1	1	1	228.44572	109.89674	195.42444	0.971	0
9.4	8.1406388	1	1	1	228.40848	109.85377	195.44622	0.971	0
9.5	8.1406388	1	1	1	227.69285	108.39445	197.51861	0.971	0
9.6	8.1406388	1	1	1	227.69228	108.38872	197.51746	0.971	0
9.7	8.1406388	1	1	1	227.69515	108.40934	197.52605	0.971	0
9.8	8.1406388	1	1	1	227.69285	108.39445	197.51861	0.971	0
9.9	8.1406388	1	1	1	312.00589	73.403342	19.218723	0.971	0
0.05	8.2272413	1	1	1	314.21808	71.346996	19.657609	0.971	0
0.15	8.2272413	1	1	1	314.2175	71.347569	19.64615	0.971	0
0.25	8.2272413	1	1	1	314.21808	71.348142	19.64615	0.971	0
0.35	8.2272413	1	1	1	314.2198	71.351007	19.649015	0.971	0
0.45	8.2272413	1	1	1	314.22094	71.353299	19.645577	0.971	0
0.55	8.2272413	1	1	1	314.22037	71.355018	19.647869	0.971	0
0.65	8.2272413	1	1	1	314.20261	71.381374	19.682819	0.971	0
0.75	8.2272413	1	1	1	314.0141	71.119532	19.363682	0.971	0
0.85	8.2272413	1	1	1	314.01525	71.119532	19.362536	0.971	0
0.95	8.2272413	1	1	1	314.01468	71.119532	19.362536	0.971	0
1.05	8.2272413	1	1	1	314.01468	71.119532	19.362536	0.971	0
1.15	8.2272413	1	1	1	314.01525	71.119532	19.362536	0.971	0
1.25	8.2272413	1	1	1	230.50264	108.28272	199.9256	0.971	0
1.35	8.2272413	1	1	1	314.08916	71.226102	19.426707	0.971	0
1.45	8.2272413	1	1	1	314.08744	71.224956	19.426134	0.971	0
1.55	8.2272413	1	1	1	314.08744	71.225529	19.426134	0.971	0
1.65	8.2272413	1	1	1	314.08801	71.225529	19.426134	0.971	0
1.75	8.2272413	1	1	1	314.6942	71.846043	19.05142	0.971	0
1.85	8.2272413	1	1	1	314.70738	71.897609	19.050274	0.971	0
1.95	8.2272413	1	1	1	314.71483	71.914798	19.04569	0.971	0
2.05	8.2272413	1	1	1	314.71655	71.918235	19.044544	0.971	0
2.15	8.2272413	1	1	1	230.83266	108.06958	199.04439	0.971	0
2.25	8.2272413	1	1	1	230.83266	108.06958	199.04439	0.971	0
2.35	8.2272413	1	1	1	230.83266	108.06958	199.04325	0.971	0
2.45	8.2272413	1	1	1	314.72171	71.929695	19.042252	0.971	0
2.55	8.2272413	1	1	1	230.83152	108.06672	199.04153	0.971	0
2.65	8.2272413	1	1	1	314.72113	71.928549	19.041679	0.971	0
2.75	8.2272413	1	1	1	314.72171	71.928549	19.03996	0.971	0
2.85	8.2272413	1	1	1	230.82923	108.05927	199.03866	0.971	0
2.95	8.2272413	1	1	1	314.8002	72.08382	18.972351	0.971	0
3.05	8.2272413	1	1	1	314.39684	72.471713	19.348785	0.971	0
3.15	8.2272413	1	1	1	314.58706	72.51583	19.199243	0.971	0
3.25	8.2272413	1	1	1	314.58362	72.421292	19.184346	0.971	0
3.35	8.2272413	1	1	1	314.39684	72.471713	19.348785	0.971	0
3.45	8.2272413	1	1	1	229.59164	109.86638	196.4615	0.971	0
3.55	8.2272413	1	1	1	229.58935	109.86466	196.45921	0.971	0
3.65	8.2272413	1	1	1	229.58992	109.86523	196.45978	0.971	0
3.75	8.2272413	1	1	1	229.59164	109.86638	196.4615	0.971	0
3.85	8.2272413	1	1	1	229.58877	109.86695	196.45691	0.971	0
3.95	8.2272413	1	1	1	313.48354	74.17397	21.224649	0.971	0
4.05	8.2272413	1	1	1	313.47781	74.169387	21.217773	0.971	0
4.15	8.2272413	1	1	1	313.47781	74.168814	21.220065	0.971	0
4.25	8.2272413	1	1	1	313.48354	74.17397	21.224649	0.971	0
4.35	8.2272413	1	1	1	313.47209	74.162511	21.216627	0.971	0
4.45	8.2272413	1	1	1	229.43064	109.26477	197.18171	0.971	0
4.55	8.2272413	1	1	1	313.61246	73.810715	20.090765	0.971	0
4.65	8.2272413	1	1	1	313.60215	73.812434	20.111965	0.971	0
4.75	8.2272413	1	1	1	313.60845	73.801548	20.060971	0.971	0
4.85	8.2272413	1	1	1	313.61418	73.806704	20.070139	0.971	0
4.95	8.2272413	1	1	1	313.60444	73.809569	20.090765	0.971	0
5.05	8.2272413	1	1	1	313.60845	73.801548	20.060971	0.971	0
5.15	8.2272413	1	1	1	229.29198	110.66279	197.612	0.971	0
5.25	8.2272413	1	1	1	229.29255	110.66221	197.61142	0.971	0
5.35	8.2272413	1	1	1	229.29255	110.66107	197.61142	0.971	0
5.45	8.2272413	1	1	1	229.29198	110.66221	197.61142	0.971	0
5.55	8.2272413	1	1	1	229.29255	110.66221	197.61142	0.971	0
5.65	8.2272413	1	1	1	229.28969	110.66107	197.61028	0.971	0
5.75	8.2272413	1	1	1	313.02002	74.048492	19.312688	0.971	0
5.85	8.2272413	1	1	1	313.01888	74.04219	19.307532	0.971	0
5.95	8.2272413	1	1	1	228.48984	108.50961	196.81559	0.971	0
6.05	8.2272413	1	1	1	313.02002	74.048492	19.312688	0.971	0
6.15	8.2272413	1	1	1	313.01888	74.04219	19.307532	0.971	0
6.25	8.2272413	1	1	1	228.48984	108.50961	196.81559	0.971	0
6.35	8.2272413	1	1	1	312.96616	74.772711	19.042825	0.971	0
6.45	8.2272413	1	1	1	228.04866	108.23517	196.00256	0.971	0
6.55	8.2272413	1	1	1	312.9209	74.821986	18.91792	0.971	0
6.65	8.2272413	1	1	1	312.70661	74.899908	21.368461	0.971	0
6.75	8.2272413	1	1	1	312.71406	74.935431	21.353564	0.971	0
6.85	8.2272413	1	1	1	312.71406	74.936577	21.377055	0.971	0
6.95	8.2272413	1	1	1	189.13566	25.952123	126.43632	0.971	0
7.05	8.2272413	1	1	1	312.71693	74.938869	21.367888	0.971	0
7.15	8.2272413	1	1	1	312.73927	74.958922	21.305436	0.971	0
7.25	8.2272413	1	1	1	312.74214	74.958922	21.297987	0.971	0
7.35	8.2272413	1	1	1	312.74271	74.958349	21.294549	0.971	0
7.45	8.2272413	1	1	1	312.74386	74.961787	21.291685	0.971	0
7.55	8.2272413	1	1	1	312.74214	74.958349	21.296268	0.971	0
7.65	8.2272413	1	1	1	312.74271	74.958349	21.294549	0.971	0
7.75	8.2272413	1	1	1	313.10768	74.926264	19.416394	0.971	0
7.85	8.2272413	1	1	1	313.10768	74.929702	19.416967	0.971	0
7.95	8.2272413	1	1	1	313.10826	74.925691	19.415248	0.971	0
8.05	8.2272413	1	1	1	313.10826	74.926837	19.414675	0.971	0
8.15	8.2272413	1	1	1	313.10826	74.926837	19.415248	0.971	0
8.25	8.2272413	1	1	1	313.10826	74.92741	19.414675	0.971	0
8.35	8.2272413	1	1	1	313.10826	74.926264	19.414675	0.971	0
8.45	8.2272413	1	1	1	313.10883	74.925691	19.414675	0.971	0
8.55	8.2272413	1	1	1	313.10883	74.92168	19.410664	0.971	0
8.65	8.2272413	1	1	1	228.47552	109.92596	195.38949	0.971	0
8.75	8.2272413	1	1	1	228.47666	109.92654	195.39064	0.971	0
8.85	8.2272413	1	1	1	228.47552	109.92596	195.38949	0.971	0
8.95	8.2272413	1	1	1	228.47552	109.92596	195.38949	0.971	0
9.05	8.2272413	1	1	1	228.47494	109.92539	195.38892	0.971	0
9.15	8.2272413	1	1	1	228.47322	109.92424	195.3872	0.971	0
9.25	8.2272413	1	1	1	228.45603	109.90534	195.40668	0.971	0
9.35	8.2272413	1	1	1	228.4314	109.88013	195.42674	0.971	0
9.45	8.2272413	1	1	1	228.40619	109.85148	195.44851	0.971	0
9.55	8.2272413	1	1	1	227.69285	108.39101	197.51746	0.971	0
9.65	8.2272413	1	1	1	312.0013	73.398185	19.235912	0.971	0
9.75	8.2272413	1	1	1	227.69285	108.39502	197.52032	0.971	0
9.85	8.2272413	1	1	1	2.6802966	154.81205	227.84526	0.971	0
9.95	8.2272413	1	1	1	227.8762	108.80583	198.57743	0.971	0
0	8.3138439	1	1	1	314.21808	71.349861	19.651879	0.971	0
0.1	8.3138439	1	1	1	314.2175	71.346996	19.655317	0.971	0
0.2	8.3138439	1	1	1	314.21693	71.346996	19.650161	0.971	0
0.3	8.3138439	1	1	1	314.22094	71.353299	19.647296	0.971	0
0.4	8.3138439	1	1	1	314.21865	71.354445	19.653025	0.971	0
0.5	8.3138439	1	1	1	314.21521	71.359602	19.659328	0.971	0
0.6	8.3138439	1	1	1	314.21177	71.368769	19.667922	0.971	0
0.7	8.3138439	1	1	1	314.18484	71.404865	19.717197	0.971	0
0.8	8.3138439	1	1	1	230.50264	108.28272	199.92617	0.971	0
0.9	8.3138439	1	1	1	314.01468	71.118959	19.362536	0.971	0
1	8.3138439	1	1	1	314.0141	71.118959	19.362536	0.971	0
1.1	8.3138439	1	1	1	314.01525	71.120105	19.362536	0.971	0
1.2	8.3138439	1	1	1	230.50379	108.28387	199.92388	0.971	0
1.3	8.3138439	1	1	1	314.08801	71.225529	19.425561	0.971	0
1.4	8.3138439	1	1	1	314.08801	71.225529	19.426134	0.971	0
1.5	8.3138439	1	1	1	314.08744	71.224956	19.425561	0.971	0
1.6	8.3138439	1	1	1	314.08687	71.224956	19.425561	0.971	0
1.7	8.3138439	1	1	1	314.08801	71.225529	19.425561	0.971	0
1.8	8.3138439	1	1	1	230.8361	108.06614	199.09825	0.971	0
1.9	8.3138439	1	1	1	314.71827	71.923392	19.044544	0.971	0
2	8.3138439	1	1	1	230.83266	108.07015	199.04382	0.971	0
2.1	8.3138439	1	1	1	230.83266	108.07015	199.04325	0.971	0
2.2	8.3138439	1	1	1	230.83209	108.06901	199.04554	0.971	0
2.3	8.3138439	1	1	1	314.72056	71.926257	19.041106	0.971	0
2.4	8.3138439	1	1	1	230.8298	108.06328	199.05356	0.971	0
2.5	8.3138439	1	1	1	230.83209	108.06901	199.04554	0.971	0
2.6	8.3138439	1	1	1	314.72056	71.926257	19.041106	0.971	0
2.7	8.3138439	1	1	1	230.83209	108.06901	199.04267	0.971	0
2.8	8.3138439	1	1	1	314.72228	71.931986	19.035377	0.971	0
2.9	8.3138439	1	1	1	315.09126	72.588023	18.772962	0.971	0
3	8.3138439	1	1	1	315.01162	72.596617	18.841144	0.971	0
3.1	8.3138439	1	1	1	314.88213	72.41499	18.936255	0.971	0
3.2	8.3138439	1	1	1	314.81567	72.512393	19.002718	0.971	0
3.3	8.3138439	1	1	1	230.56796	108.26553	198.48404	0.971	0
3.4	8.3138439	1	1	1	313.85711	74.544101	20.644815	0.971	0
3.5	8.3138439	1	1	1	313.85711	74.542382	20.641378	0.971	0
3.6	8.3138439	1	1	1	229.59164	109.87096	196.45863	0.971	0
3.7	8.3138439	1	1	1	229.59049	109.86924	196.45806	0.971	0
3.8	8.3138439	1	1	1	313.85654	74.544101	20.643096	0.971	0
3.9	8.3138439	1	1	1	229.59164	109.87096	196.45863	0.971	0
4	8.3138439	1	1	1	229.59049	109.86924	196.45806	0.971	0
4.1	8.3138439	1	1	1	229.58935	109.86981	196.45634	0.971	0
4.2	8.3138439	1	1	1	313.47896	74.170532	21.221211	0.971	0
4.3	8.3138439	1	1	1	313.47323	74.164803	21.2172	0.971	0
4.4	8.3138439	1	1	1	313.52365	74.215223	21.159331	0.971	0
4.5	8.3138439	1	1	1	313.60558	73.807277	20.10337	0.971	0
4.6	8.3138439	1	1	1	313.60673	73.804412	20.082744	0.971	0
4.7	8.3138439	1	1	1	313.52824	73.77691	20.251766	0.971	0
4.8	8.3138439	1	1	1	313.60558	73.807277	20.10337	0.971	0
4.9	8.3138439	1	1	1	313.60673	73.804412	20.082744	0.971	0
5	8.3138439	1	1	1	313.52824	73.77691	20.251766	0.971	0
5.1	8.3138439	1	1	1	313.14894	74.430655	18.43549	0.971	0
5.2	8.3138439	1	1	1	313.14034	74.430082	18.436636	0.971	0
5.3	8.3138439	1	1	1	312.90142	73.55403	21.586185	0.971	0
5.4	8.3138439	1	1	1	312.90142	73.554603	21.586185	0.971	0
5.5	8.3138439	1	1	1	312.90199	73.554603	21.585612	0.971	0
5.6	8.3138439	1	1	1	312.90199	73.556322	21.583893	0.971	0
5.7	8.3138439	1	1	1	229.29427	110.65763	197.60627	0.971	0
5.8	8.3138439	1	1	1	313.02002	74.046774	19.304094	0.971	0
5.9	8.3138439	1	1	1	228.52422	108.52967	196.87632	0.971	0
6	8.3138439	1	1	1	313.02002	74.041044	19.306386	0.971	0
6.1	8.3138439	1	1	1	313.02002	74.046774	19.304094	0.971	0
6.2	8.3138439	1	1	1	228.52422	108.52967	196.87632	0.971	0
6.3	8.3138439	1	1	1	313.01028	74.053649	19.278311	0.971	0
6.4	8.3138439	1	1	1	312.92033	74.822558	18.919066	0.971	0
6.5	8.3138439	1	1	1	312.91746	74.812245	18.911618	0.971	0
6.6	8.3138439	1	1	1	312.9209	74.823131	18.918493	0.971	0
6.7	8.3138439	1	1	1	312.92033	74.822558	18.919066	0.971	0
6.8	8.3138439	1	1	1	312.91746	74.812245	18.911618	0.971	0
6.9	8.3138439	1	1	1	312.71865	74.941734	21.363877	0.971	0
7	8.3138439	1	1	1	312.72438	74.946317	21.34898	0.971	0
7.1	8.3138439	1	1	1	228.52192	110.59403	196.11371	0.971	0
7.2	8.3138439	1	1	1	312.74271	74.959495	21.295122	0.971	0
7.3	8.3138439	1	1	1	312.74271	74.958922	21.296268	0.971	0
7.4	8.3138439	1	1	1	312.74328	74.960068	21.292258	0.971	0
7.5	8.3138439	1	1	1	312.74328	74.960068	21.293976	0.971	0
7.6	8.3138439	1	1	1	312.74271	74.958922	21.296268	0.971	0
7.7	8.3138439	1	1	1	312.74328	74.960068	21.294549	0.971	0
7.8	8.3138439	1	1	1	313.10826	74.926264	19.414675	0.971	0
7.9	8.3138439	1	1	1	313.10768	74.923972	19.415821	0.971	0
8	8.3138439	1	1	1	313.10826	74.923972	19.415248	0.971	0
8.1	8.3138439	1	1	1	313.10826	74.926837	19.414102	0.971	0
8.2	8.3138439	1	1	1	313.10768	74.923972	19.415821	0.971	0
8.3	8.3138439	1	1	1	313.10826	74.923972	19.415248	0.971	0
8.4	8.3138439	1	1	1	313.10826	74.926837	19.414102	0.971	0
8.5	8.3138439	1	1	1	313.10883	74.921107	19.415821	0.971	0
8.6	8.3138439	1	1	1	228.47552	109.92539	195.38949	0.971	0
8.7	8.3138439	1	1	1	313.11628	75.551934	20.604135	0.971	0
8.8	8.3138439	1	1	1	228.47552	109.92539	195.38949	0.971	0
8.9	8.3138439	1	1	1	228.47552	109.92539	195.38949	0.971	0
9	8.3138439	1	1	1	312.75532	75.122788	20.138321	0.971	0
9.1	8.3138439	1	1	1	228.41478	109.86294	195.43705	0.971	0
9.2	8.3138439	1	1	1	228.39301	109.83716	195.45252	0.971	0
9.3	8.3138439	1	1	1	228.42624	109.87382	195.42674	0.971	0
9.4	8.3138439	1	1	1	228.41364	109.86179	195.4382	0.971	0
9.5	8.3138439	1	1	1	228.39416	109.2705	196.14809	0.971	0
9.6	8.3138439	1	1	1	227.69171	108.38643	197.51402	0.971	0
9.7	8.3138439	1	1	1	227.69171	108.387	197.51574	0.971	0
9.8	8.3138439	1	1	1	227.69171	108.38413	197.51459	0.971	0
9.9	8.3138439	1	1	1	312.00589	73.404488	19.219869	0.971	0
0.05	8.4004464	1	1	1	230.83954	108.1074	198.90344	0.971	0
0.15	8.4004464	1	1	1	230.84412	108.09536	198.88969	0.971	0
0.25	8.4004464	1	1	1	230.84068	108.07932	198.86448	0.971	0
0.35	8.4004464	1	1	1	314.21005	71.369342	19.668495	0.971	0
0.45	8.4004464	1	1	1	314.14646	71.448983	19.77793	0.971	0
0.55	8.4004464	1	1	1	314.16823	71.370488	19.673079	0.971	0
0.65	8.4004464	1	1	1	314.17281	71.41346	19.729802	0.971	0
0.75	8.4004464	1	1	1	314.14646	71.448983	19.77793	0.971	0
0.85	8.4004464	1	1	1	314.01525	71.120105	19.363682	0.971	0
0.95	8.4004464	1	1	1	314.01468	71.118959	19.362536	0.971	0
1.05	8.4004464	1	1	1	230.50321	108.28272	199.92503	0.971	0
1.15	8.4004464	1	1	1	314.01754	71.121824	19.364255	0.971	0
1.25	8.4004464	1	1	1	314.02041	71.125835	19.365973	0.971	0
1.35	8.4004464	1	1	1	230.51696	108.29704	199.90383	0.971	0
1.45	8.4004464	1	1	1	314.71025	71.754369	19.009594	0.971	0
1.55	8.4004464	1	1	1	314.71655	71.760099	18.996989	0.971	0
1.65	8.4004464	1	1	1	314.71025	71.785309	19.01074	0.971	0
1.75	8.4004464	1	1	1	314.71025	71.754369	19.009594	0.971	0
1.85	8.4004464	1	1	1	314.71655	71.760099	18.996989	0.971	0
1.95	8.4004464	1	1	1	314.71999	71.92683	19.043398	0.971	0
2.05	8.4004464	1	1	1	314.72171	71.929695	19.042825	0.971	0
2.15	8.4004464	1	1	1	230.83266	108.06958	199.04382	0.971	0
2.25	8.4004464	1	1	1	230.83209	108.06958	199.04382	0.971	0
2.35	8.4004464	1	1	1	314.72171	71.929695	19.042825	0.971	0
2.45	8.4004464	1	1	1	230.83266	108.06958	199.04382	0.971	0
2.55	8.4004464	1	1	1	230.83209	108.06958	199.04382	0.971	0
2.65	8.4004464	1	1	1	314.72171	71.928549	19.041106	0.971	0
2.75	8.4004464	1	1	1	230.83152	108.06614	199.04554	0.971	0
2.85	8.4004464	1	1	1	230.82923	108.05984	199.04439	0.971	0
2.95	8.4004464	1	1	1	315.16632	72.692301	18.717385	0.971	0
3.05	8.4004464	1	1	1	314.39627	72.471713	19.349358	0.971	0
3.15	8.4004464	1	1	1	314.36934	72.474577	19.372276	0.971	0
3.25	8.4004464	1	1	1	314.32522	72.487755	19.411237	0.971	0
3.35	8.4004464	1	1	1	314.39627	72.471713	19.349358	0.971	0
3.45	8.4004464	1	1	1	229.59164	109.86752	196.46035	0.971	0
3.55	8.4004464	1	1	1	229.59049	109.86809	196.45921	0.971	0
3.65	8.4004464	1	1	1	229.58992	109.86638	196.45978	0.971	0
3.75	8.4004464	1	1	1	229.59164	109.86752	196.46035	0.971	0
3.85	8.4004464	1	1	1	229.59049	109.86809	196.45921	0.971	0
3.95	8.4004464	1	1	1	229.58992	109.86638	196.45978	0.971	0
4.05	8.4004464	1	1	1	229.58877	109.86867	196.45634	0.971	0
4.15	8.4004464	1	1	1	313.52709	74.219234	21.160477	0.971	0
4.25	8.4004464	1	1	1	313.4824	74.173397	21.221211	0.971	0
4.35	8.4004464	1	1	1	229.54924	110.26229	196.80012	0.971	0
4.45	8.4004464	1	1	1	313.60329	73.810142	20.111965	0.971	0
4.55	8.4004464	1	1	1	313.60673	73.804412	20.080452	0.971	0
4.65	8.4004464	1	1	1	313.60788	73.801548	20.07816	0.971	0
4.75	8.4004464	1	1	1	313.60329	73.810142	20.111965	0.971	0
4.85	8.4004464	1	1	1	313.61647	73.80384	20.048939	0.971	0
4.95	8.4004464	1	1	1	313.60788	73.801548	20.07816	0.971	0
5.05	8.4004464	1	1	1	313.14149	74.430082	18.436063	0.971	0
5.15	8.4004464	1	1	1	313.13519	74.428936	18.441793	0.971	0
5.25	8.4004464	1	1	1	313.13461	74.428936	18.440647	0.971	0
5.35	8.4004464	1	1	1	313.13347	74.428364	18.441793	0.971	0
5.45	8.4004464	1	1	1	229.29427	110.6605	197.60971	0.971	0
5.55	8.4004464	1	1	1	312.90543	73.559187	21.581601	0.971	0
5.65	8.4004464	1	1	1	313.22686	75.161749	19.654744	0.971	0
5.75	8.4004464	1	1	1	313.22972	75.181803	19.661047	0.971	0
5.85	8.4004464	1	1	1	313.22629	75.180657	19.651879	0.971	0
5.95	8.4004464	1	1	1	313.22629	75.181803	19.652452	0.971	0
6.05	8.4004464	1	1	1	313.22972	75.181803	19.661047	0.971	0
6.15	8.4004464	1	1	1	313.22629	75.180657	19.651879	0.971	0
6.25	8.4004464	1	1	1	312.92147	74.823131	18.918493	0.971	0
6.35	8.4004464	1	1	1	228.04809	108.23402	196.00256	0.971	0
6.45	8.4004464	1	1	1	312.9209	74.821986	18.918493	0.971	0
6.55	8.4004464	1	1	1	312.9209	74.822558	18.91792	0.971	0
6.65	8.4004464	1	1	1	228.04809	108.23402	196.00256	0.971	0
6.75	8.4004464	1	1	1	312.92033	74.824277	18.918493	0.971	0
6.85	8.4004464	1	1	1	312.9209	74.822558	18.91792	0.971	0
6.95	8.4004464	1	1	1	228.04752	108.24261	195.98709	0.971	0
7.05	8.4004464	1	1	1	228.52192	110.60263	196.11715	0.971	0
7.15	8.4004464	1	1	1	312.74214	74.960641	21.296841	0.971	0
7.25	8.4004464	1	1	1	312.74328	74.960068	21.292258	0.971	0
7.35	8.4004464	1	1	1	312.74328	74.961214	21.294549	0.971	0
7.45	8.4004464	1	1	1	312.74328	74.959495	21.292258	0.971	0
7.55	8.4004464	1	1	1	312.74328	74.958922	21.292831	0.971	0
7.65	8.4004464	1	1	1	312.74328	74.961214	21.294549	0.971	0
7.75	8.4004464	1	1	1	313.10826	74.929129	19.415248	0.971	0
7.85	8.4004464	1	1	1	313.10826	74.925118	19.414675	0.971	0
7.95	8.4004464	1	1	1	313.10826	74.928556	19.415821	0.971	0
8.05	8.4004464	1	1	1	313.10826	74.923399	19.415248	0.971	0
8.15	8.4004464	1	1	1	313.10826	74.925118	19.414675	0.971	0
8.25	8.4004464	1	1	1	313.10826	74.928556	19.415821	0.971	0
8.35	8.4004464	1	1	1	313.10826	74.926264	19.414102	0.971	0
8.45	8.4004464	1	1	1	313.10826	74.924545	19.416394	0.971	0
8.55	8.4004464	1	1	1	313.10883	74.921107	19.410091	0.971	0
8.65	8.4004464	1	1	1	313.06987	75.501513	20.546267	0.971	0
8.75	8.4004464	1	1	1	228.47494	109.92539	195.38892	0.971	0
8.85	8.4004464	1	1	1	312.75589	75.122788	20.138321	0.971	0
8.95	8.4004464	1	1	1	312.75589	75.122215	20.138321	0.971	0
9.05	8.4004464	1	1	1	312.74844	75.136539	20.144623	0.971	0
9.15	8.4004464	1	1	1	312.75589	75.122788	20.138321	0.971	0
9.25	8.4004464	1	1	1	312.75589	75.122215	20.138321	0.971	0
9.35	8.4004464	1	1	1	312.74844	75.136539	20.144623	0.971	0
9.45	8.4004464	1	1	1	228.39473	109.26993	196.14866	0.971	0
9.55	8.4004464	1	1	1	312.93637	74.778441	20.000238	0.971	0
9.65	8.4004464	1	1	1	228.3953	109.26993	196.14981	0.971	0
9.75	8.4004464	1	1	1	227.69228	108.38757	197.51689	0.971	0
9.85	8.4004464	1	1	1	227.7427	108.47695	197.74492	0.971	0
9.95	8.4004464	1	1	1	227.70603	108.39101	197.54267	0.971	0
0	8.487049	1	1	1	230.83438	108.02947	198.80318	0.971	0
0.1	8.487049	1	1	1	230.84699	108.0713	198.86391	0.971	0
0.2	8.487049	1	1	1	230.8298	108.01859	198.74817	0.971	0
0.3	8.487049	1	1	1	230.84011	108.04552	198.80833	0.971	0
0.4	8.487049	1	1	1	314.18656	71.400855	19.713759	0.971	0
0.5	8.487049	1	1	1	314.87239	73.330003	20.112537	0.971	0
0.6	8.487049	1	1	1	230.90543	109.17711	197.67846	0.971	0
0.7	8.487049	1	1	1	314.92625	73.331149	20.056961	0.971	0
0.8	8.487049	1	1	1	314.87239	73.330003	20.112537	0.971	0
0.9	8.487049	1	1	1	314.01582	71.121251	19.363682	0.971	0
1	8.487049	1	1	1	314.01754	71.121824	19.363109	0.971	0
1.1	8.487049	1	1	1	315.1944	72.855021	19.673652	0.971	0
1.2	8.487049	1	1	1	314.03989	71.153337	19.382016	0.971	0
1.3	8.487049	1	1	1	231.25665	108.59269	198.36143	0.971	0
1.4	8.487049	1	1	1	230.58858	108.3085	199.7709	0.971	0
1.5	8.487049	1	1	1	230.87334	107.98994	199.22373	0.971	0
1.6	8.487049	1	1	1	314.72572	71.755515	18.973497	0.971	0
1.7	8.487049	1	1	1	314.6942	71.831719	19.050847	0.971	0
1.8	8.487049	1	1	1	230.88079	107.95785	199.23576	0.971	0
1.9	8.487049	1	1	1	314.6942	71.846043	19.05142	0.971	0
2	8.487049	1	1	1	314.72056	71.927403	19.042825	0.971	0
2.1	8.487049	1	1	1	230.83324	108.07015	199.04325	0.971	0
2.2	8.487049	1	1	1	230.83266	108.06958	199.04325	0.971	0
2.3	8.487049	1	1	1	314.72056	71.927403	19.042825	0.971	0
2.4	8.487049	1	1	1	230.83324	108.07015	199.04325	0.971	0
2.5	8.487049	1	1	1	230.83266	108.06958	199.04325	0.971	0
2.6	8.487049	1	1	1	314.72171	71.929695	19.042252	0.971	0
2.7	8.487049	1	1	1	230.83152	108.06672	199.04153	0.971	0
2.8	8.487049	1	1	1	315.21846	72.727252	18.666392	0.971	0
2.9	8.487049	1	1	1	315.2133	72.711209	18.669257	0.971	0
3	8.487049	1	1	1	230.94554	107.79972	198.20959	0.971	0
3.1	8.487049	1	1	1	315.17033	72.682561	18.708791	0.971	0
3.2	8.487049	1	1	1	314.39684	72.471713	19.348785	0.971	0
3.3	8.487049	1	1	1	230.84068	107.94811	198.29611	0.971	0
3.4	8.487049	1	1	1	229.58935	109.86466	196.45921	0.971	0
3.5	8.487049	1	1	1	229.58992	109.86523	196.45978	0.971	0
3.6	8.487049	1	1	1	229.59164	109.86638	196.4615	0.971	0
3.7	8.487049	1	1	1	229.58935	109.86466	196.45921	0.971	0
3.8	8.487049	1	1	1	229.58992	109.86523	196.45978	0.971	0
3.9	8.487049	1	1	1	229.58935	109.86638	196.45863	0.971	0
4	8.487049	1	1	1	229.58877	109.86695	196.45691	0.971	0
4.1	8.487049	1	1	1	229.58648	109.93055	196.50504	0.971	0
4.2	8.487049	1	1	1	313.53969	74.231266	21.161623	0.971	0
4.3	8.487049	1	1	1	229.56929	110.16603	196.68896	0.971	0
4.4	8.487049	1	1	1	313.61246	73.810715	20.090765	0.971	0
4.5	8.487049	1	1	1	313.60215	73.812434	20.111965	0.971	0
4.6	8.487049	1	1	1	229.43064	109.26477	197.18171	0.971	0
4.7	8.487049	1	1	1	313.61246	73.810715	20.090765	0.971	0
4.8	8.487049	1	1	1	313.60215	73.812434	20.111965	0.971	0
4.9	8.487049	1	1	1	313.60845	73.801548	20.060971	0.971	0
5	8.487049	1	1	1	313.13977	74.430082	18.437209	0.971	0
5.1	8.487049	1	1	1	313.13461	74.428936	18.440647	0.971	0
5.2	8.487049	1	1	1	313.13576	74.429509	18.438355	0.971	0
5.3	8.487049	1	1	1	313.13347	74.428364	18.441793	0.971	0
5.4	8.487049	1	1	1	313.13461	74.428936	18.440647	0.971	0
5.5	8.487049	1	1	1	313.13576	74.429509	18.438355	0.971	0
5.6	8.487049	1	1	1	313.13347	74.429509	18.440074	0.971	0
5.7	8.487049	1	1	1	313.22686	75.168052	19.655317	0.971	0
5.8	8.487049	1	1	1	313.22686	75.181803	19.651879	0.971	0
5.9	8.487049	1	1	1	313.22629	75.182376	19.651306	0.971	0
6	8.487049	1	1	1	313.22686	75.18123	19.652452	0.971	0
6.1	8.487049	1	1	1	313.22743	75.178365	19.651879	0.971	0
6.2	8.487049	1	1	1	313.22629	75.182376	19.651306	0.971	0
6.3	8.487049	1	1	1	228.04866	108.23517	196.00256	0.971	0
6.4	8.487049	1	1	1	312.9209	74.821986	18.91792	0.971	0
6.5	8.487049	1	1	1	312.94668	74.891313	18.968914	0.971	0
6.6	8.487049	1	1	1	228.04866	108.23517	196.00256	0.971	0
6.7	8.487049	1	1	1	312.9209	74.821986	18.91792	0.971	0
6.8	8.487049	1	1	1	312.94668	74.891313	18.968914	0.971	0
6.9	8.487049	1	1	1	228.06299	108.28501	195.93323	0.971	0
7	8.487049	1	1	1	312.9209	74.858082	18.934536	0.971	0
7.1	8.487049	1	1	1	312.57884	75.602354	19.435874	0.971	0
7.2	8.487049	1	1	1	312.74328	74.961214	21.293403	0.971	0
7.3	8.487049	1	1	1	312.74386	74.961787	21.291685	0.971	0
7.4	8.487049	1	1	1	312.74214	74.958922	21.297987	0.971	0
7.5	8.487049	1	1	1	312.74328	74.961214	21.293403	0.971	0
7.6	8.487049	1	1	1	312.74386	74.961787	21.291685	0.971	0
7.7	8.487049	1	1	1	313.10768	74.929702	19.416967	0.971	0
7.8	8.487049	1	1	1	313.10826	74.927983	19.415821	0.971	0
7.9	8.487049	1	1	1	313.10826	74.926837	19.414675	0.971	0
8	8.487049	1	1	1	313.10768	74.929702	19.416967	0.971	0
8.1	8.487049	1	1	1	313.10826	74.925691	19.415248	0.971	0
8.2	8.487049	1	1	1	313.10826	74.926837	19.414675	0.971	0
8.3	8.487049	1	1	1	313.10826	74.926837	19.415248	0.971	0
8.4	8.487049	1	1	1	313.10826	74.926837	19.414102	0.971	0
8.5	8.487049	1	1	1	313.04237	74.80537	19.242215	0.971	0
8.6	8.487049	1	1	1	313.04122	74.804224	19.240496	0.971	0
8.7	8.487049	1	1	1	313.04237	74.804797	19.242215	0.971	0
8.8	8.487049	1	1	1	228.13575	109.43437	195.80088	0.971	0
8.9	8.487049	1	1	1	312.75646	75.121069	20.137175	0.971	0
9	8.487049	1	1	1	312.75589	75.122215	20.138321	0.971	0
9.1	8.487049	1	1	1	312.75703	75.120497	20.137175	0.971	0
9.2	8.487049	1	1	1	228.13575	109.43437	195.80088	0.971	0
9.3	8.487049	1	1	1	228.13461	109.43494	195.80031	0.971	0
9.4	8.487049	1	1	1	228.39416	109.26993	196.14809	0.971	0
9.5	8.487049	1	1	1	312.93637	74.778441	19.999665	0.971	0
9.6	8.487049	1	1	1	228.39587	109.26993	196.15153	0.971	0
9.7	8.487049	1	1	1	312.9358	74.779587	20.000238	0.971	0
9.8	8.487049	1	1	1	228.3953	109.2705	196.14924	0.971	0
9.9	8.487049	1	1	1	228.39702	109.26993	196.15382	0.971	0
0.05	8.5736515	1	1	1	230.85615	108.09536	198.90402	0.971	0
0.15	8.5736515	1	1	1	230.82923	108.01572	198.74416	0.971	0
0.25	8.5736515	1	1	1	230.83094	108.02947	198.73729	0.971	0
0.35	8.5736515	1	1	1	230.83553	108.03062	198.77396	0.971	0
0.45	8.5736515	1	1	1	230.90486	109.17997	197.68018	0.971	0
0.55	8.5736515	1	1	1	314.92281	73.333441	20.058679	0.971	0
0.65	8.5736515	1	1	1	314.92396	73.333441	20.057534	0.971	0
0.75	8.5736515	1	1	1	230.90486	109.17997	197.68018	0.971	0
0.85	8.5736515	1	1	1	314.92281	73.333441	20.058679	0.971	0
0.95	8.5736515	1	1	1	314.92396	73.333441	20.057534	0.971	0
1.05	8.5736515	1	1	1	315.24252	72.788558	19.608908	0.971	0
1.15	8.5736515	1	1	1	231.2727	108.68322	198.22105	0.971	0
1.25	8.5736515	1	1	1	231.29447	108.65973	198.25715	0.971	0
1.35	8.5736515	1	1	1	315.24252	72.788558	19.608908	0.971	0
1.45	8.5736515	1	1	1	314.64951	71.691344	19.037096	0.971	0
1.55	8.5736515	1	1	1	314.74405	71.72343	18.941412	0.971	0
1.65	8.5736515	1	1	1	230.8785	107.96244	199.22717	0.971	0
1.75	8.5736515	1	1	1	230.8848	107.94754	199.24607	0.971	0
1.85	8.5736515	1	1	1	230.88022	107.95442	199.24435	0.971	0
1.95	8.5736515	1	1	1	230.83209	108.07073	199.0484	0.971	0
2.05	8.5736515	1	1	1	314.72113	71.929122	19.042252	0.971	0
2.15	8.5736515	1	1	1	230.83266	108.07015	199.04382	0.971	0
2.25	8.5736515	1	1	1	230.83209	108.07073	199.0484	0.971	0
2.35	8.5736515	1	1	1	314.72113	71.928549	19.042252	0.971	0
2.45	8.5736515	1	1	1	230.83266	108.07015	199.04382	0.971	0
2.55	8.5736515	1	1	1	230.83209	108.06901	199.04267	0.971	0
2.65	8.5736515	1	1	1	314.72171	71.929695	19.042252	0.971	0
2.75	8.5736515	1	1	1	315.23393	72.722095	18.651495	0.971	0
2.85	8.5736515	1	1	1	315.23508	72.705479	18.641182	0.971	0
2.95	8.5736515	1	1	1	230.96674	107.7682	198.20501	0.971	0
3.05	8.5736515	1	1	1	315.2133	72.707771	18.666965	0.971	0
3.15	8.5736515	1	1	1	315.20528	72.680269	18.663527	0.971	0
3.25	8.5736515	1	1	1	230.93809	107.82435	198.23137	0.971	0
3.35	8.5736515	1	1	1	313.85711	74.542382	20.641378	0.971	0
3.45	8.5736515	1	1	1	229.59049	109.86122	196.46379	0.971	0
3.55	8.5736515	1	1	1	229.58992	109.86523	196.46035	0.971	0
3.65	8.5736515	1	1	1	313.85654	74.544101	20.643096	0.971	0
3.75	8.5736515	1	1	1	229.58992	109.8658	196.45978	0.971	0
3.85	8.5736515	1	1	1	229.58992	109.86523	196.46035	0.971	0
3.95	8.5736515	1	1	1	313.85654	74.544101	20.643096	0.971	0
4.05	8.5736515	1	1	1	229.58992	109.86752	196.45921	0.971	0
4.15	8.5736515	1	1	1	228.99519	108.25522	195.79916	0.971	0
4.25	8.5736515	1	1	1	313.92988	75.001321	18.940839	0.971	0
4.35	8.5736515	1	1	1	228.99175	108.24605	195.81864	0.971	0
4.45	8.5736515	1	1	1	228.99977	108.26496	195.81062	0.971	0
4.55	8.5736515	1	1	1	313.92988	75.001321	18.940839	0.971	0
4.65	8.5736515	1	1	1	313.60558	73.807277	20.10337	0.971	0
4.75	8.5736515	1	1	1	228.94477	108.1286	195.96303	0.971	0
4.85	8.5736515	1	1	1	313.22743	74.478211	18.479608	0.971	0
4.95	8.5736515	1	1	1	313.13576	74.428936	18.443511	0.971	0
5.05	8.5736515	1	1	1	313.14034	74.430082	18.436636	0.971	0
5.15	8.5736515	1	1	1	313.12831	74.428364	18.445803	0.971	0
5.25	8.5736515	1	1	1	313.13576	74.428936	18.443511	0.971	0
5.35	8.5736515	1	1	1	313.14034	74.430082	18.436636	0.971	0
5.45	8.5736515	1	1	1	313.12831	74.428364	18.445803	0.971	0
5.55	8.5736515	1	1	1	313.12888	74.427791	18.443511	0.971	0
5.65	8.5736515	1	1	1	228.23888	107.74357	196.37154	0.971	0
5.75	8.5736515	1	1	1	313.20165	75.04945	19.610626	0.971	0
5.85	8.5736515	1	1	1	313.22686	75.182376	19.651879	0.971	0
5.95	8.5736515	1	1	1	313.22056	75.213889	19.645577	0.971	0
6.05	8.5736515	1	1	1	313.19076	75.173782	19.56479	0.971	0
6.15	8.5736515	1	1	1	313.22686	75.182376	19.651879	0.971	0
6.25	8.5736515	1	1	1	313.22056	75.213889	19.645577	0.971	0
6.35	8.5736515	1	1	1	312.9209	74.822558	18.918493	0.971	0
6.45	8.5736515	1	1	1	312.9209	74.823131	18.918493	0.971	0
6.55	8.5736515	1	1	1	312.92033	74.822558	18.919066	0.971	0
6.65	8.5736515	1	1	1	312.91746	74.812245	18.911618	0.971	0
6.75	8.5736515	1	1	1	312.9209	74.823131	18.918493	0.971	0
6.85	8.5736515	1	1	1	312.92033	74.823131	18.919639	0.971	0
6.95	8.5736515	1	1	1	312.92262	74.836309	18.925369	0.971	0
7.05	8.5736515	1	1	1	312.63156	75.577717	19.419259	0.971	0
7.15	8.5736515	1	1	1	227.49748	108.8213	195.1987	0.971	0
7.25	8.5736515	1	1	1	312.48431	75.629856	19.449625	0.971	0
7.35	8.5736515	1	1	1	312.74729	74.968663	21.281944	0.971	0
7.45	8.5736515	1	1	1	312.74386	74.961214	21.292831	0.971	0
7.55	8.5736515	1	1	1	312.74557	74.963506	21.286528	0.971	0
7.65	8.5736515	1	1	1	312.74729	74.968663	21.281944	0.971	0
7.75	8.5736515	1	1	1	313.10768	74.931993	19.416967	0.971	0
7.85	8.5736515	1	1	1	313.10826	74.928556	19.415248	0.971	0
7.95	8.5736515	1	1	1	313.10826	74.92741	19.415248	0.971	0
8.05	8.5736515	1	1	1	313.10768	74.92741	19.415821	0.971	0
8.15	8.5736515	1	1	1	313.10826	74.928556	19.415248	0.971	0
8.25	8.5736515	1	1	1	313.10826	74.92741	19.415248	0.971	0
8.35	8.5736515	1	1	1	313.04237	74.805943	19.242788	0.971	0
8.45	8.5736515	1	1	1	313.04179	74.804224	19.240496	0.971	0
8.55	8.5736515	1	1	1	313.04008	74.802505	19.238204	0.971	0
8.65	8.5736515	1	1	1	313.04237	74.805943	19.242788	0.971	0
8.75	8.5736515	1	1	1	313.04179	74.804224	19.240496	0.971	0
8.85	8.5736515	1	1	1	312.75703	75.121069	20.137175	0.971	0
8.95	8.5736515	1	1	1	228.13461	109.43608	195.79916	0.971	0
9.05	8.5736515	1	1	1	228.22341	109.37764	195.91948	0.971	0
9.15	8.5736515	1	1	1	228.13575	109.43437	195.80088	0.971	0
9.25	8.5736515	1	1	1	228.13461	109.43608	195.79916	0.971	0
9.35	8.5736515	1	1	1	228.39416	109.26935	196.14866	0.971	0
9.45	8.5736515	1	1	1	312.93637	74.778441	20.000811	0.971	0
9.55	8.5736515	1	1	1	228.3953	109.26993	196.14981	0.971	0
9.65	8.5736515	1	1	1	228.39473	109.2705	196.14866	0.971	0
9.75	8.5736515	1	1	1	228.3953	109.2705	196.14866	0.971	0
9.85	8.5736515	1	1	1	228.39587	109.26993	196.15096	0.971	0
9.95	8.5736515	1	1	1	228.52479	109.32894	196.28732	0.971	0

