2500									
0	0	1	1	1	352.43264	117.6311	49.005653	0.971	0
0.1	0	1	1	1	352.43264	117.6311	49.005653	0.971	0
0.2	0	1	1	1	220.37217	96.584068	194.23269	0.971	0
0.3	0	1	1	1	220.37733	96.641364	194.07341	0.971	0
0.4	0	1	1	1	308.69534	75.702622	6.7374107	0.971	0
0.5	0	1	1	1	220.36702	96.527919	194.39255	0.971	0
0.6	0	1	1	1	308.69534	75.702622	6.7385566	0.971	0
0.7	0	1	1	1	308.69534	75.702622	6.7374107	0.971	0
0.8	0	1	1	1	220.36702	96.527919	194.39255	0.971	0
0.9	0	1	1	1	308.69534	75.702622	6.7385566	0.971	0
1	0	1	1	1	308.54121	77.15908	8.2345494	0.971	0
1.1	0	1	1	1	308.54178	77.167675	8.2167877	0.971	0
1.2	0	1	1	1	128.54251	102.82988	351.78864	0.971	0
1.3	0	1	1	1	220.37733	98.004431	192.95786	0.971	0
1.4	0	1	1	1	308.54178	77.167675	8.2167877	0.971	0
1.5	0	1	1	1	128.54251	102.82988	351.78864	0.971	0
1.6	0	1	1	1	220.37733	98.004431	192.95786	0.971	0
1.7	0	1	1	1	220.37676	98.003285	192.95786	0.971	0
1.8	0	1	1	1	128.54251	102.82931	351.79093	0.971	0
1.9	0	1	1	1	220.68845	98.475402	192.47658	0.971	0
2	0	1	1	1	308.82024	77.662137	8.6780188	0.971	0
2.1	0	1	1	1	220.68845	98.476548	192.476	0.971	0
2.2	0	1	1	1	220.68845	98.475402	192.47658	0.971	0
2.3	0	1	1	1	308.82024	77.662137	8.6780188	0.971	0
2.4	0	1	1	1	220.68845	98.476548	192.476	0.971	0
2.5	0	1	1	1	309.66249	78.139984	8.7656813	0.971	0
2.6	0	1	1	1	221.47798	98.576816	191.99644	0.971	0
2.7	0	1	1	1	221.47798	98.576243	191.99644	0.971	0
2.8	0	1	1	1	309.66249	78.139984	8.7656813	0.971	0
2.9	0	1	1	1	221.47798	98.576816	191.99644	0.971	0
3	0	1	1	1	221.47798	98.576243	191.99644	0.971	0
3.1	0	1	1	1	309.66363	78.138838	8.7651083	0.971	0
3.2	0	1	1	1	221.48199	98.574524	192.00503	0.971	0
3.3	0	1	1	1	129.45294	104.03768	350.80086	0.971	0
3.4	0	1	1	1	163.1801	16.733232	147.40772	0.971	0
3.5	0	1	1	1	163.17666	16.732086	147.41173	0.971	0
3.6	0	1	1	1	129.45294	104.03768	350.80086	0.971	0
3.7	0	1	1	1	163.1801	16.733232	147.40772	0.971	0
3.8	0	1	1	1	163.17666	16.732086	147.41173	0.971	0
3.9	0	1	1	1	129.45351	104.03825	350.80258	0.971	0
4	0	1	1	1	163.17609	16.732659	147.41287	0.971	0
4.1	0	1	1	1	163.17208	16.731514	147.41688	0.971	0
4.2	0	1	1	1	129.45466	104.03825	350.80831	0.971	0
4.3	0	1	1	1	163.11707	16.720627	147.47132	0.971	0
4.4	0	1	1	1	221.14624	97.370167	195.9063	0.971	0
4.5	0	1	1	1	221.14567	97.369594	195.90745	0.971	0
4.6	0	1	1	1	221.0179	97.344383	196.20481	0.971	0
4.7	0	1	1	1	221.14624	97.370167	195.9063	0.971	0
4.8	0	1	1	1	221.14567	97.369594	195.90745	0.971	0
4.9	0	1	1	1	308.4461	73.120874	7.6083066	0.971	0
0.05	0.08660254	1	1	1	220.92279	97.641176	192.56882	0.971	0
0.15	0.08660254	1	1	1	220.90273	97.625133	192.59231	0.971	0
0.25	0.08660254	1	1	1	220.38019	96.66772	194.0121	0.971	0
0.35	0.08660254	1	1	1	220.37045	96.525054	194.38567	0.971	0
0.45	0.08660254	1	1	1	308.70107	75.708924	6.7328271	0.971	0
0.55	0.08660254	1	1	1	220.36874	96.527919	194.3914	0.971	0
0.65	0.08660254	1	1	1	308.69534	75.703195	6.7374107	0.971	0
0.75	0.08660254	1	1	1	308.69992	75.704913	6.7328271	0.971	0
0.85	0.08660254	1	1	1	220.36816	96.527919	194.39369	0.971	0
0.95	0.08660254	1	1	1	308.54809	77.111525	8.2918452	0.971	0
1.05	0.08660254	1	1	1	308.54579	77.10866	8.295283	0.971	0
1.15	0.08660254	1	1	1	308.54465	77.144183	8.2528841	0.971	0
1.25	0.08660254	1	1	1	128.54308	102.8379	351.76858	0.971	0
1.35	0.08660254	1	1	1	220.37561	98.010733	192.95385	0.971	0
1.45	0.08660254	1	1	1	220.37733	97.999847	192.955	0.971	0
1.55	0.08660254	1	1	1	128.54308	102.82874	351.7852	0.971	0
1.65	0.08660254	1	1	1	220.37561	98.010733	192.95385	0.971	0
1.75	0.08660254	1	1	1	220.37905	98.002139	192.95385	0.971	0
1.85	0.08660254	1	1	1	220.38077	98.002712	192.95213	0.971	0
1.95	0.08660254	1	1	1	220.69131	98.463943	192.48288	0.971	0
2.05	0.08660254	1	1	1	308.82024	77.663283	8.6808836	0.971	0
2.15	0.08660254	1	1	1	220.68902	98.474256	192.47486	0.971	0
2.25	0.08660254	1	1	1	220.68902	98.471391	192.47887	0.971	0
2.35	0.08660254	1	1	1	308.82139	77.669013	8.6871861	0.971	0
2.45	0.08660254	1	1	1	221.4734	98.57968	191.9867	0.971	0
2.55	0.08660254	1	1	1	309.65561	78.161756	8.769692	0.971	0
2.65	0.08660254	1	1	1	221.47741	98.576243	191.99472	0.971	0
2.75	0.08660254	1	1	1	221.4734	98.57968	191.9867	0.971	0
2.85	0.08660254	1	1	1	309.65561	78.161756	8.769692	0.971	0
2.95	0.08660254	1	1	1	221.48199	98.572805	191.99988	0.971	0
3.05	0.08660254	1	1	1	221.48887	98.571086	192.01535	0.971	0
3.15	0.08660254	1	1	1	309.68254	78.086699	8.7610976	0.971	0
3.25	0.08660254	1	1	1	221.50434	98.567648	192.04342	0.971	0
3.35	0.08660254	1	1	1	129.45523	104.02908	350.8043	0.971	0
3.45	0.08660254	1	1	1	163.17666	16.732086	147.41173	0.971	0
3.55	0.08660254	1	1	1	163.18067	16.732086	147.40829	0.971	0
3.65	0.08660254	1	1	1	129.45466	104.03768	350.80086	0.971	0
3.75	0.08660254	1	1	1	163.17666	16.732086	147.41173	0.971	0
3.85	0.08660254	1	1	1	163.1801	16.731514	147.40886	0.971	0
3.95	0.08660254	1	1	1	129.45638	104.03653	350.80487	0.971	0
4.05	0.08660254	1	1	1	163.1589	16.726357	147.42949	0.971	0
4.15	0.08660254	1	1	1	163.12223	16.718336	147.4673	0.971	0
4.25	0.08660254	1	1	1	221.69169	98.835793	194.21894	0.971	0
4.35	0.08660254	1	1	1	162.93545	16.691979	147.65294	0.971	0
4.45	0.08660254	1	1	1	221.20124	97.386209	195.78197	0.971	0
4.55	0.08660254	1	1	1	221.12905	97.363864	195.94985	0.971	0
4.65	0.08660254	1	1	1	221.13192	97.369021	195.94297	0.971	0
4.75	0.08660254	1	1	1	221.19551	97.38048	195.78827	0.971	0
4.85	0.08660254	1	1	1	220.6724	97.279066	197.01383	0.971	0
4.95	0.08660254	1	1	1	308.45126	73.125457	7.6088795	0.971	0
0	0.17320508	1	1	1	220.92279	97.641176	192.56882	0.971	0
0.1	0.17320508	1	1	1	220.92336	97.641749	192.56768	0.971	0
0.2	0.17320508	1	1	1	220.91075	97.631435	192.58257	0.971	0
0.3	0.17320508	1	1	1	220.37618	96.522189	194.36963	0.971	0
0.4	0.17320508	1	1	1	308.70508	75.71007	6.7293893	0.971	0
0.5	0.17320508	1	1	1	308.70221	75.710643	6.7334	0.971	0
0.6	0.17320508	1	1	1	220.37618	96.522189	194.36963	0.971	0
0.7	0.17320508	1	1	1	308.6982	75.70033	6.7316811	0.971	0
0.8	0.17320508	1	1	1	220.37103	96.522189	194.3914	0.971	0
0.9	0.17320508	1	1	1	308.69992	75.699757	6.733973	0.971	0
1	0.17320508	1	1	1	308.5498	77.108087	8.3004396	0.971	0
1.1	0.17320508	1	1	1	308.54866	77.104076	8.2958559	0.971	0
1.2	0.17320508	1	1	1	308.54522	77.141892	8.2603325	0.971	0
1.3	0.17320508	1	1	1	220.37618	98.015317	192.94869	0.971	0
1.4	0.17320508	1	1	1	220.37446	98.009015	192.95385	0.971	0
1.5	0.17320508	1	1	1	220.37848	98.004431	192.95385	0.971	0
1.6	0.17320508	1	1	1	220.37618	98.015317	192.94869	0.971	0
1.7	0.17320508	1	1	1	220.37848	98.006723	192.94984	0.971	0
1.8	0.17320508	1	1	1	220.38363	98.016463	192.94125	0.971	0
1.9	0.17320508	1	1	1	220.69246	98.466235	192.47715	0.971	0
2	0.17320508	1	1	1	308.82482	77.664429	8.675154	0.971	0
2.1	0.17320508	1	1	1	308.82139	77.663283	8.6774458	0.971	0
2.2	0.17320508	1	1	1	220.69246	98.466235	192.47715	0.971	0
2.3	0.17320508	1	1	1	308.82482	77.664429	8.675154	0.971	0
2.4	0.17320508	1	1	1	221.46881	98.581972	191.97638	0.971	0
2.5	0.17320508	1	1	1	309.65848	78.154308	8.7679731	0.971	0
2.6	0.17320508	1	1	1	309.66134	78.14686	8.7662543	0.971	0
2.7	0.17320508	1	1	1	221.47454	98.577962	191.98899	0.971	0
2.8	0.17320508	1	1	1	221.47512	98.579108	191.98956	0.971	0
2.9	0.17320508	1	1	1	221.4734	98.579108	191.98441	0.971	0
3	0.17320508	1	1	1	221.49116	98.568794	192.01535	0.971	0
3.1	0.17320508	1	1	1	221.50778	98.568221	192.05259	0.971	0
3.2	0.17320508	1	1	1	221.50892	98.566502	192.04686	0.971	0
3.3	0.17320508	1	1	1	221.52955	98.562492	192.08238	0.971	0
3.4	0.17320508	1	1	1	129.4558	104.03137	350.80716	0.971	0
3.5	0.17320508	1	1	1	163.21218	16.712033	147.37735	0.971	0
3.6	0.17320508	1	1	1	221.70029	98.918299	194.18399	0.971	0
3.7	0.17320508	1	1	1	129.45351	104.03137	350.802	0.971	0
3.8	0.17320508	1	1	1	163.17208	16.713179	147.41688	0.971	0
3.9	0.17320508	1	1	1	163.17953	16.728649	147.41058	0.971	0
4	0.17320508	1	1	1	163.25286	16.683958	147.33037	0.971	0
4.1	0.17320508	1	1	1	163.17208	16.713179	147.41688	0.971	0
4.2	0.17320508	1	1	1	162.91253	16.689688	147.67643	0.971	0
4.3	0.17320508	1	1	1	162.9555	16.681666	147.63289	0.971	0
4.4	0.17320508	1	1	1	162.80596	16.667915	147.78415	0.971	0
4.5	0.17320508	1	1	1	221.1726	97.377042	195.85302	0.971	0
4.6	0.17320508	1	1	1	221.15598	97.371312	195.89026	0.971	0
4.7	0.17320508	1	1	1	221.16687	97.375323	195.85817	0.971	0
4.8	0.17320508	1	1	1	221.18119	97.377615	195.83468	0.971	0
4.9	0.17320508	1	1	1	308.5223	73.2538	7.6140361	0.971	0
0.05	0.25980762	1	1	1	309.12792	78.013933	8.1405844	0.971	0
0.15	0.25980762	1	1	1	309.12677	78.040862	8.1514706	0.971	0
0.25	0.25980762	1	1	1	309.13422	78.066073	8.172097	0.971	0
0.35	0.25980762	1	1	1	40.998568	81.807487	78.503239	0.971	0
0.45	0.25980762	1	1	1	220.99211	98.173453	191.53349	0.971	0
0.55	0.25980762	1	1	1	221.00185	98.13793	191.53292	0.971	0
0.65	0.25980762	1	1	1	220.36988	96.52047	194.39312	0.971	0
0.75	0.25980762	1	1	1	308.69763	75.699184	6.7374107	0.971	0
0.85	0.25980762	1	1	1	308.66382	76.003997	7.0926445	0.971	0
0.95	0.25980762	1	1	1	310.28988	77.755529	5.5009678	0.971	0
1.05	0.25980762	1	1	1	341.7825	164.73568	212.30092	0.971	0
1.15	0.25980762	1	1	1	308.53777	77.175123	8.2620514	0.971	0
1.25	0.25980762	1	1	1	308.53605	77.193458	8.2397061	0.971	0
1.35	0.25980762	1	1	1	128.53964	102.82243	351.77088	0.971	0
1.45	0.25980762	1	1	1	220.37618	98.011306	192.95213	0.971	0
1.55	0.25980762	1	1	1	220.37676	98.01589	192.94755	0.971	0
1.65	0.25980762	1	1	1	128.54365	102.82014	351.78176	0.971	0
1.75	0.25980762	1	1	1	309.75932	78.927801	7.5280925	0.971	0
1.85	0.25980762	1	1	1	309.78682	78.9702	7.5051742	0.971	0
1.95	0.25980762	1	1	1	309.77422	78.952438	7.5235088	0.971	0
2.05	0.25980762	1	1	1	309.75932	78.927801	7.5280925	0.971	0
2.15	0.25980762	1	1	1	41.252388	82.650308	258.92879	0.971	0
2.25	0.25980762	1	1	1	309.77422	78.952438	7.5235088	0.971	0
2.35	0.25980762	1	1	1	309.64415	78.189258	8.7765675	0.971	0
2.45	0.25980762	1	1	1	309.65218	78.17207	8.7708379	0.971	0
2.55	0.25980762	1	1	1	221.46939	98.57968	191.97581	0.971	0
2.65	0.25980762	1	1	1	309.65905	78.151443	8.7679731	0.971	0
2.75	0.25980762	1	1	1	309.65218	78.17207	8.7708379	0.971	0
2.85	0.25980762	1	1	1	221.46939	98.57968	191.97581	0.971	0
2.95	0.25980762	1	1	1	309.65848	78.157173	8.7674002	0.971	0
3.05	0.25980762	1	1	1	221.60804	98.445035	189.57626	0.971	0
3.15	0.25980762	1	1	1	221.60804	98.441598	189.56996	0.971	0
3.25	0.25980762	1	1	1	310.19018	80.533802	8.5594165	0.971	0
3.35	0.25980762	1	1	1	221.60804	98.445035	189.57626	0.971	0
3.45	0.25980762	1	1	1	221.61033	98.441598	189.56996	0.971	0
3.55	0.25980762	1	1	1	163.17723	16.730368	147.41287	0.971	0
3.65	0.25980762	1	1	1	163.19901	16.723492	147.38881	0.971	0
3.75	0.25980762	1	1	1	221.69685	98.915434	194.16738	0.971	0
3.85	0.25980762	1	1	1	163.23453	16.678228	147.35214	0.971	0
3.95	0.25980762	1	1	1	163.25573	16.68625	147.32979	0.971	0
4.05	0.25980762	1	1	1	221.69685	98.915434	194.16738	0.971	0
4.15	0.25980762	1	1	1	163.23453	16.678228	147.35214	0.971	0
4.25	0.25980762	1	1	1	163.07869	16.67651	147.5097	0.971	0
4.35	0.25980762	1	1	1	221.70946	98.778497	194.18285	0.971	0
4.45	0.25980762	1	1	1	221.88478	98.218717	194.14102	0.971	0
4.55	0.25980762	1	1	1	221.91687	98.092093	194.15993	0.971	0
4.65	0.25980762	1	1	1	221.90254	98.088083	194.19144	0.971	0
4.75	0.25980762	1	1	1	221.92718	98.058862	194.20863	0.971	0
4.85	0.25980762	1	1	1	221.62982	96.932427	196.57781	0.971	0
4.95	0.25980762	1	1	1	221.55017	96.875704	196.69297	0.971	0
0	0.34641016	1	1	1	220.81392	97.960886	192.06863	0.971	0
0.1	0.34641016	1	1	1	220.81622	97.96948	192.05774	0.971	0
0.2	0.34641016	1	1	1	220.82825	97.994118	192.0354	0.971	0
0.3	0.34641016	1	1	1	40.997422	81.805768	78.505531	0.971	0
0.4	0.34641016	1	1	1	220.99612	98.162567	191.46588	0.971	0
0.5	0.34641016	1	1	1	221.01159	98.158557	191.42978	0.971	0
0.6	0.34641016	1	1	1	40.999141	81.824103	78.488915	0.971	0
0.7	0.34641016	1	1	1	220.37332	96.522189	194.39599	0.971	0
0.8	0.34641016	1	1	1	310.28988	77.748654	5.4923734	0.971	0
0.9	0.34641016	1	1	1	334.2355	166.65795	23.308496	0.971	0
1	0.34641016	1	1	1	310.35348	77.796209	5.3731982	0.971	0
1.1	0.34641016	1	1	1	310.38957	77.822565	5.3021514	0.971	0
1.2	0.34641016	1	1	1	310.39015	77.833452	5.2832438	0.971	0
1.3	0.34641016	1	1	1	128.53621	102.79436	351.7428	0.971	0
1.4	0.34641016	1	1	1	128.5385	102.81556	351.75942	0.971	0
1.5	0.34641016	1	1	1	220.37446	98.029068	192.94067	0.971	0
1.6	0.34641016	1	1	1	220.37905	98.024484	192.93666	0.971	0
1.7	0.34641016	1	1	1	309.78052	78.96046	7.5120497	0.971	0
1.8	0.34641016	1	1	1	309.81432	79.012599	7.4845477	0.971	0
1.9	0.34641016	1	1	1	41.246659	82.64687	258.91447	0.971	0
2	0.34641016	1	1	1	309.79542	78.98567	7.5051742	0.971	0
2.1	0.34641016	1	1	1	41.255253	82.65661	258.93452	0.971	0
2.2	0.34641016	1	1	1	41.252961	82.649735	258.92937	0.971	0
2.3	0.34641016	1	1	1	309.79542	78.98567	7.5051742	0.971	0
2.4	0.34641016	1	1	1	309.8275	79.03609	7.4822558	0.971	0
2.5	0.34641016	1	1	1	309.55363	78.134827	8.7685461	0.971	0
2.6	0.34641016	1	1	1	221.46194	98.584264	191.96206	0.971	0
2.7	0.34641016	1	1	1	309.65561	78.161756	8.769692	0.971	0
2.8	0.34641016	1	1	1	310.18846	80.53724	8.5548328	0.971	0
2.9	0.34641016	1	1	1	221.60632	98.438733	189.56538	0.971	0
3	0.34641016	1	1	1	221.6069	98.439306	189.56767	0.971	0
3.1	0.34641016	1	1	1	221.60632	98.437014	189.56481	0.971	0
3.2	0.34641016	1	1	1	310.19305	80.540677	8.5542599	0.971	0
3.3	0.34641016	1	1	1	221.6069	98.439306	189.56767	0.971	0
3.4	0.34641016	1	1	1	221.60804	98.436441	189.56366	0.971	0
3.5	0.34641016	1	1	1	310.19305	80.540677	8.5542599	0.971	0
3.6	0.34641016	1	1	1	292.04174	61.874285	266.60013	0.4	0
3.7	0.34641016	1	1	1	131.23312	99.752525	353.74013	0.971	0
3.8	0.34641016	1	1	1	164.1484	11.575466	327.61841	0.971	0
3.9	0.34641016	1	1	1	311.22552	80.234718	6.2641476	0.971	0
4	0.34641016	1	1	1	131.23312	99.752525	353.74013	0.971	0
4.1	0.34641016	1	1	1	164.1484	11.575466	327.61841	0.971	0
4.2	0.34641016	1	1	1	221.89338	98.216998	194.1267	0.971	0
4.3	0.34641016	1	1	1	161.21944	16.272001	149.68293	0.971	0
4.4	0.34641016	1	1	1	221.91286	98.167151	194.12211	0.971	0
4.5	0.34641016	1	1	1	221.92546	98.09152	194.14789	0.971	0
4.6	0.34641016	1	1	1	221.91458	98.042246	194.17597	0.971	0
4.7	0.34641016	1	1	1	221.91228	98.120741	194.1542	0.971	0
4.8	0.34641016	1	1	1	221.93979	98.012452	194.19373	0.971	0
4.9	0.34641016	1	1	1	221.59429	96.90206	196.63052	0.971	0
0.05	0.4330127	1	1	1	220.81392	97.960886	192.06863	0.971	0
0.15	0.4330127	1	1	1	220.83169	97.995836	192.03712	0.971	0
0.25	0.4330127	1	1	1	40.999714	81.796028	78.520428	0.971	0
0.35	0.4330127	1	1	1	220.98352	98.182621	191.54323	0.971	0
0.45	0.4330127	1	1	1	221.0156	98.159129	191.37191	0.971	0
0.55	0.4330127	1	1	1	40.997422	81.805195	78.502093	0.971	0
0.65	0.4330127	1	1	1	221.00128	98.129336	191.4802	0.971	0
0.75	0.4330127	1	1	1	221.28203	95.606602	192.70519	0.971	0
0.85	0.4330127	1	1	1	310.30592	77.760113	5.4505475	0.971	0
0.95	0.4330127	1	1	1	310.3953	77.833452	5.294703	0.971	0
1.05	0.4330127	1	1	1	310.41478	77.866683	5.2448557	0.971	0
1.15	0.4330127	1	1	1	310.30592	77.760113	5.4505475	0.971	0
1.25	0.4330127	1	1	1	241.96753	20.726748	268.7619	0.371	0
1.35	0.4330127	1	1	1	310.41478	77.866683	5.2448557	0.971	0
1.45	0.4330127	1	1	1	154.35598	12.913896	336.66656	0.971	0
1.55	0.4330127	1	1	1	220.37676	98.04683	192.9252	0.971	0
1.65	0.4330127	1	1	1	343.69217	166.69348	213.20562	0.971	0
1.75	0.4330127	1	1	1	309.83151	79.038955	7.4742344	0.971	0
1.85	0.4330127	1	1	1	309.82693	79.032079	7.480537	0.971	0
1.95	0.4330127	1	1	1	344.46337	166.79718	213.89603	0.971	0
2.05	0.4330127	1	1	1	41.266139	82.669215	258.96203	0.971	0
2.15	0.4330127	1	1	1	41.246086	82.644005	258.91161	0.971	0
2.25	0.4330127	1	1	1	41.26041	82.661767	258.94885	0.971	0
2.35	0.4330127	1	1	1	41.263847	82.663486	258.95744	0.971	0
2.45	0.4330127	1	1	1	309.60233	78.266035	8.7811512	0.971	0
2.55	0.4330127	1	1	1	221.43272	98.594004	191.92711	0.971	0
2.65	0.4330127	1	1	1	309.64415	78.192123	8.7742757	0.971	0
2.75	0.4330127	1	1	1	309.60233	78.266035	8.7811512	0.971	0
2.85	0.4330127	1	1	1	221.60461	98.431284	189.56137	0.971	0
2.95	0.4330127	1	1	1	221.6069	98.440452	189.57111	0.971	0
3.05	0.4330127	1	1	1	221.60632	98.419252	189.5373	0.971	0
3.15	0.4330127	1	1	1	221.60461	98.431284	189.56137	0.971	0
3.25	0.4330127	1	1	1	221.6069	98.440452	189.57111	0.971	0
3.35	0.4330127	1	1	1	221.60632	98.419252	189.5373	0.971	0
3.45	0.4330127	1	1	1	310.19076	80.539531	8.5536869	0.971	0
3.55	0.4330127	1	1	1	221.647	98.223301	189.2915	0.971	0
3.65	0.4330127	1	1	1	311.22323	80.274825	6.299671	0.971	0
3.75	0.4330127	1	1	1	131.23598	99.745077	353.73211	0.971	0
3.85	0.4330127	1	1	1	164.11803	11.590936	327.64133	0.971	0
3.95	0.4330127	1	1	1	131.23369	99.74966	353.73211	0.971	0
4.05	0.4330127	1	1	1	131.2377	99.71471	353.74643	0.971	0
4.15	0.4330127	1	1	1	164.18335	11.565726	327.57716	0.971	0
4.25	0.4330127	1	1	1	221.91859	98.12819	194.12727	0.971	0
4.35	0.4330127	1	1	1	221.92317	98.100115	194.13644	0.971	0
4.45	0.4330127	1	1	1	221.92661	98.068602	194.15076	0.971	0
4.55	0.4330127	1	1	1	221.9289	98.031933	194.16508	0.971	0
4.65	0.4330127	1	1	1	111.90897	114.75027	2.8831236	0.4	0
4.75	0.4330127	1	1	1	111.90897	114.75027	2.8831236	0.4	0
4.85	0.4330127	1	1	1	221.9289	98.031933	194.16508	0.971	0
4.95	0.4330127	1	1	1	221.55247	96.87112	196.68954	0.971	0
0	0.51961524	1	1	1	40.789438	85.212575	82.696717	0.971	0
0.1	0.51961524	1	1	1	40.789438	85.212575	82.696717	0.971	0
0.2	0.51961524	1	1	1	309.34794	78.655073	8.3709134	0.971	0
0.3	0.51961524	1	1	1	309.34163	78.639603	8.3686216	0.971	0
0.4	0.51961524	1	1	1	309.34335	78.644187	8.3691945	0.971	0
0.5	0.51961524	1	1	1	309.34794	78.655073	8.3709134	0.971	0
0.6	0.51961524	1	1	1	220.99211	98.173453	191.53349	0.971	0
0.7	0.51961524	1	1	1	179.05619	9.5741248	42.198915	0.971	0
0.8	0.51961524	1	1	1	310.33342	77.789334	5.4339317	0.971	0
0.9	0.51961524	1	1	1	310.3741	77.838608	5.3479881	0.971	0
1	0.51961524	1	1	1	310.38212	77.890747	5.3560095	0.971	0
1.1	0.51961524	1	1	1	310.41536	77.921114	5.2654821	0.971	0
1.2	0.51961524	1	1	1	310.3741	77.838608	5.3479881	0.971	0
1.3	0.51961524	1	1	1	310.40447	77.898196	5.2952759	0.971	0
1.4	0.51961524	1	1	1	154.73871	12.814774	336.27122	0.971	0
1.5	0.51961524	1	1	1	334.50365	167.08137	23.492416	0.971	0
1.6	0.51961524	1	1	1	342.96222	166.69577	212.50833	0.971	0
1.7	0.51961524	1	1	1	41.133786	82.940797	78.673981	0.971	0
1.8	0.51961524	1	1	1	309.83667	79.047549	7.4702237	0.971	0
1.9	0.51961524	1	1	1	150.79218	89.086916	337.66809	0.343	0
2	0.51961524	1	1	1	41.274161	82.680102	258.98151	0.971	0
2.1	0.51961524	1	1	1	41.252388	82.650881	258.92822	0.971	0
2.2	0.51961524	1	1	1	41.254107	82.660048	258.93281	0.971	0
2.3	0.51961524	1	1	1	41.272442	82.672653	258.97578	0.971	0
2.4	0.51961524	1	1	1	41.302809	82.709895	259.06058	0.971	0
2.5	0.51961524	1	1	1	310.13747	79.869744	7.4868395	0.971	0
2.6	0.51961524	1	1	1	310.15351	79.938499	7.5011635	0.971	0
2.7	0.51961524	1	1	1	310.12945	79.931623	7.5802316	0.971	0
2.8	0.51961524	1	1	1	310.13403	79.984335	7.6197657	0.971	0
2.9	0.51961524	1	1	1	221.60632	98.442171	189.57455	0.971	0
3	0.51961524	1	1	1	221.60804	98.441598	189.56996	0.971	0
3.1	0.51961524	1	1	1	310.19018	80.533802	8.5594165	0.971	0
3.2	0.51961524	1	1	1	221.60632	98.442171	189.57455	0.971	0
3.3	0.51961524	1	1	1	221.60804	98.441598	189.56996	0.971	0
3.4	0.51961524	1	1	1	310.19018	80.533802	8.5594165	0.971	0
3.5	0.51961524	1	1	1	221.60919	98.438733	189.56882	0.971	0
3.6	0.51961524	1	1	1	221.61721	98.409512	189.52928	0.971	0
3.7	0.51961524	1	1	1	60.994795	67.43083	273.14101	0.257	0
3.8	0.51961524	1	1	1	131.22739	99.758255	353.72638	0.971	0
3.9	0.51961524	1	1	1	164.14324	11.585207	327.62071	0.971	0
4	0.51961524	1	1	1	131.22682	99.761692	353.72638	0.971	0
4.1	0.51961524	1	1	1	60.993076	67.461197	273.1307	0.143	0
4.2	0.51961524	1	1	1	311.23297	80.265085	6.2561262	0.971	0
4.3	0.51961524	1	1	1	312.15944	81.293544	5.0466123	0.971	0
4.4	0.51961524	1	1	1	176.1765	11.995444	315.74902	0.971	0
4.5	0.51961524	1	1	1	311.29943	81.439075	8.4339387	0.971	0
4.6	0.51961524	1	1	1	222.57119	98.331017	188.6538	0.971	0
4.7	0.51961524	1	1	1	111.89293	114.72964	2.8613512	0.4	0
4.8	0.51961524	1	1	1	311.29943	81.439075	8.4339387	0.971	0
4.9	0.51961524	1	1	1	222.57119	98.331017	188.6538	0.971	0
0.05	0.60621778	1	1	1	40.81694	85.145539	82.613639	0.971	0
0.15	0.60621778	1	1	1	40.796314	85.193095	82.67781	0.971	0
0.25	0.60621778	1	1	1	40.804335	85.175906	82.655464	0.971	0
0.35	0.60621778	1	1	1	40.988255	85.179917	82.897253	0.971	0
0.45	0.60621778	1	1	1	40.8983	85.172468	82.772921	0.971	0
0.55	0.60621778	1	1	1	220.94398	97.95974	191.78273	0.971	0
0.65	0.60621778	1	1	1	303.17661	121.90422	147.8678	0.171	0
0.75	0.60621778	1	1	1	179.49049	9.7431473	41.592152	0.971	0
0.85	0.60621778	1	1	1	41.847691	83.331555	84.240839	0.971	0
0.95	0.60621778	1	1	1	310.41249	77.913666	5.2752224	0.971	0
1.05	0.60621778	1	1	1	310.39301	77.928563	5.3170483	0.971	0
1.15	0.60621778	1	1	1	334.26186	166.90261	23.279848	0.971	0
1.25	0.60621778	1	1	1	310.41249	77.913666	5.2752224	0.971	0
1.35	0.60621778	1	1	1	310.39015	77.833452	5.2832438	0.971	0
1.45	0.60621778	1	1	1	334.44291	166.81036	23.527366	0.971	0
1.55	0.60621778	1	1	1	342.55485	166.68144	32.108555	0.971	0
1.65	0.60621778	1	1	1	41.148683	82.867459	78.699191	0.971	0
1.75	0.60621778	1	1	1	41.125192	82.921317	258.65836	0.971	0
1.85	0.60621778	1	1	1	150.79218	89.086916	337.66809	0.343	0
1.95	0.60621778	1	1	1	41.26442	82.669788	258.95687	0.971	0
2.05	0.60621778	1	1	1	41.259837	82.661194	258.94598	0.971	0
2.15	0.60621778	1	1	1	41.262702	82.666924	258.95286	0.971	0
2.25	0.60621778	1	1	1	41.26442	82.669788	258.95687	0.971	0
2.35	0.60621778	1	1	1	41.259837	82.661194	258.94598	0.971	0
2.45	0.60621778	1	1	1	41.269004	82.67208	258.97062	0.971	0
2.55	0.60621778	1	1	1	310.1644	79.930477	7.4513161	0.971	0
2.65	0.60621778	1	1	1	310.14034	79.998659	7.6065877	0.971	0
2.75	0.60621778	1	1	1	310.12716	80.012983	7.6753426	0.971	0
2.85	0.60621778	1	1	1	310.14034	79.988346	7.5974204	0.971	0
2.95	0.60621778	1	1	1	258.37532	132.28564	260.08961	0.4	0
3.05	0.60621778	1	1	1	111.53712	116.52128	184.00024	0.4	0
3.15	0.60621778	1	1	1	221.6069	98.439306	189.56767	0.971	0
3.25	0.60621778	1	1	1	221.60632	98.437014	189.56481	0.971	0
3.35	0.60621778	1	1	1	310.19305	80.540677	8.5542599	0.971	0
3.45	0.60621778	1	1	1	221.60862	98.441025	189.56939	0.971	0
3.55	0.60621778	1	1	1	221.61091	98.433003	189.56022	0.971	0
3.65	0.60621778	1	1	1	221.98505	96.54568	187.20422	0.971	0
3.75	0.60621778	1	1	1	311.22552	80.234718	6.2641476	0.971	0
3.85	0.60621778	1	1	1	60.994795	67.43083	273.14101	0.4	0
3.95	0.60621778	1	1	1	164.16329	11.569737	327.6018	0.971	0
4.05	0.60621778	1	1	1	311.22552	80.234718	6.2641476	0.971	0
4.15	0.60621778	1	1	1	42.923706	85.006883	81.258593	0.971	0
4.25	0.60621778	1	1	1	312.15829	81.293544	5.049477	0.971	0
4.35	0.60621778	1	1	1	42.925425	85.011467	81.261458	0.971	0
4.45	0.60621778	1	1	1	176.24296	12.013206	315.63385	0.971	0
4.55	0.60621778	1	1	1	311.2937	81.445951	8.444252	0.971	0
4.65	0.60621778	1	1	1	222.55285	98.377426	188.6326	0.971	0
4.75	0.60621778	1	1	1	222.52993	98.385448	188.61198	0.971	0
4.85	0.60621778	1	1	1	311.31261	81.442513	8.4219066	0.971	0
4.95	0.60621778	1	1	1	222.66286	98.216998	188.60682	0.971	0
0	0.69282032	1	1	1	40.803189	85.178771	82.654892	0.971	0
0.1	0.69282032	1	1	1	40.810065	85.163874	82.635984	0.971	0
0.2	0.69282032	1	1	1	342.67345	172.26721	211.24667	0.971	0
0.3	0.69282032	1	1	1	40.953304	85.255547	82.82506	0.971	0
0.4	0.69282032	1	1	1	131.11967	96.193884	355.94774	0.971	0
0.5	0.69282032	1	1	1	41.252961	85.291643	83.289156	0.971	0
0.6	0.69282032	1	1	1	41.561786	82.719063	83.195764	0.971	0
0.7	0.69282032	1	1	1	180.14882	9.7551794	40.9195	0.971	0
0.8	0.69282032	1	1	1	131.31963	94.305415	353.48517	0.971	0
0.9	0.69282032	1	1	1	41.684398	82.810163	83.021585	0.971	0
1	0.69282032	1	1	1	41.687263	83.179148	83.027887	0.971	0
1.1	0.69282032	1	1	1	334.49964	166.92552	23.53195	0.971	0
1.2	0.69282032	1	1	1	310.39874	78.01909	5.3004326	0.971	0
1.3	0.69282032	1	1	1	154.35598	12.913896	336.66656	0.971	0
1.4	0.69282032	1	1	1	334.37932	166.90031	23.420223	0.971	0
1.5	0.69282032	1	1	1	310.36665	77.987004	5.308454	0.971	0
1.6	0.69282032	1	1	1	153.75036	8.2694999	338.45992	0.971	0
1.7	0.69282032	1	1	1	41.203114	82.760889	258.82165	0.971	0
1.8	0.69282032	1	1	1	153.36247	8.3199201	338.86214	0.971	0
1.9	0.69282032	1	1	1	132.02265	97.744308	356.98594	0.971	0
2	0.69282032	1	1	1	153.33611	8.3033044	338.89537	0.971	0
2.1	0.69282032	1	1	1	153.36247	8.3199201	338.86214	0.971	0
2.2	0.69282032	1	1	1	132.02265	97.744308	356.98594	0.971	0
2.3	0.69282032	1	1	1	153.33611	8.3033044	338.89537	0.971	0
2.4	0.69282032	1	1	1	42.574775	88.293942	264.31403	0.971	0
2.5	0.69282032	1	1	1	42.604569	88.536303	264.39424	0.971	0
2.6	0.69282032	1	1	1	310.13747	80.015848	7.6358085	0.971	0
2.7	0.69282032	1	1	1	310.14034	80.027307	7.6352356	0.971	0
2.8	0.69282032	1	1	1	310.13747	80.021577	7.6415381	0.971	0
2.9	0.69282032	1	1	1	310.13747	80.015848	7.6358085	0.971	0
3	0.69282032	1	1	1	221.60461	98.431284	189.56137	0.971	0
3.1	0.69282032	1	1	1	221.6069	98.440452	189.57111	0.971	0
3.2	0.69282032	1	1	1	221.60403	98.337319	189.4124	0.971	0
3.3	0.69282032	1	1	1	310.19076	80.539531	8.5536869	0.971	0
3.4	0.69282032	1	1	1	131.17009	97.125514	353.42902	0.971	0
3.5	0.69282032	1	1	1	131.15634	97.15187	353.39808	0.971	0
3.6	0.69282032	1	1	1	131.15749	97.117492	353.39636	0.971	0
3.7	0.69282032	1	1	1	131.17009	97.125514	353.42902	0.971	0
3.8	0.69282032	1	1	1	131.14488	97.131816	353.3786	0.971	0
3.9	0.69282032	1	1	1	131.15749	97.117492	353.39636	0.971	0
4	0.69282032	1	1	1	312.1623	81.296409	5.0448934	0.971	0
4.1	0.69282032	1	1	1	342.41046	169.95532	209.86069	0.971	0
4.2	0.69282032	1	1	1	312.1772	81.311878	5.0277047	0.971	0
4.3	0.69282032	1	1	1	312.1623	81.296409	5.0448934	0.971	0
4.4	0.69282032	1	1	1	342.37895	169.97939	209.81657	0.971	0
4.5	0.69282032	1	1	1	312.1646	81.2987	5.0426016	0.971	0
4.6	0.69282032	1	1	1	312.17663	81.363445	5.0150996	0.971	0
4.7	0.69282032	1	1	1	222.5328	98.396334	188.6114	0.971	0
4.8	0.69282032	1	1	1	222.55858	98.35107	188.62057	0.971	0
4.9	0.69282032	1	1	1	311.3911	81.472307	8.3422655	0.971	0
0.05	0.77942286	1	1	1	41.714765	86.014716	83.149354	0.971	0
0.15	0.77942286	1	1	1	41.711327	86.015289	83.148208	0.971	0
0.25	0.77942286	1	1	1	41.7119	86.014143	83.151646	0.971	0
0.35	0.77942286	1	1	1	131.12139	96.205343	355.94831	0.971	0
0.45	0.77942286	1	1	1	131.12598	96.215657	355.94946	0.971	0
0.55	0.77942286	1	1	1	347.90513	172.23913	216.64795	0.971	0
0.65	0.77942286	1	1	1	41.800709	83.135603	86.071439	0.971	0
0.75	0.77942286	1	1	1	191.64006	7.8518136	29.967985	0.971	0
0.85	0.77942286	1	1	1	13.568214	172.30617	331.94482	0.971	0
0.95	0.77942286	1	1	1	41.831076	83.19118	356.37402	0.971	0
1.05	0.77942286	1	1	1	173.71908	9.014345	317.94402	0.971	0
1.15	0.77942286	1	1	1	310.35863	78.078678	5.3714793	0.971	0
1.25	0.77942286	1	1	1	161.74885	9.3048346	330.05234	0.971	0
1.35	0.77942286	1	1	1	157.1056	8.0878722	335.01931	0.971	0
1.45	0.77942286	1	1	1	310.35863	78.078678	5.3714793	0.971	0
1.55	0.77942286	1	1	1	131.96937	97.550648	266.95536	0.971	0
1.65	0.77942286	1	1	1	132.01463	97.678991	356.99969	0.971	0
1.75	0.77942286	1	1	1	153.55899	8.2975748	338.66046	0.971	0
1.85	0.77942286	1	1	1	153.49425	8.389248	338.72004	0.971	0
1.95	0.77942286	1	1	1	132.04615	97.55294	357.08506	0.971	0
2.05	0.77942286	1	1	1	153.3258	8.3204931	338.90224	0.971	0
2.15	0.77942286	1	1	1	153.53837	8.389821	338.68796	0.971	0
2.25	0.77942286	1	1	1	42.613163	88.563805	264.38966	0.971	0
2.35	0.77942286	1	1	1	42.617747	88.624539	264.40226	0.971	0
2.45	0.77942286	1	1	1	42.613736	88.618809	264.40455	0.971	0
2.55	0.77942286	1	1	1	42.563889	88.173621	264.35012	0.971	0
2.65	0.77942286	1	1	1	42.538106	88.066478	84.386943	0.971	0
2.75	0.77942286	1	1	1	42.566181	88.240084	264.37648	0.971	0
2.85	0.77942286	1	1	1	42.547273	88.083667	264.3633	0.971	0
2.95	0.77942286	1	1	1	42.538106	88.066478	84.386943	0.971	0
3.05	0.77942286	1	1	1	42.400596	86.945199	264.34439	0.971	0
3.15	0.77942286	1	1	1	42.465913	87.482634	264.36502	0.971	0
3.25	0.77942286	1	1	1	221.60518	98.403782	189.51725	0.971	0
3.35	0.77942286	1	1	1	310.24461	80.683344	8.4505545	0.971	0
3.45	0.77942286	1	1	1	41.982909	83.452449	82.798704	0.971	0
3.55	0.77942286	1	1	1	221.9839	96.55141	187.20594	0.971	0
3.65	0.77942286	1	1	1	311.25531	82.645151	6.4452022	0.971	0
3.75	0.77942286	1	1	1	131.15634	97.119211	353.39407	0.971	0
3.85	0.77942286	1	1	1	221.9839	96.55141	187.20594	0.971	0
3.95	0.77942286	1	1	1	42.840054	84.856195	81.115927	0.971	0
4.05	0.77942286	1	1	1	42.852086	84.881978	81.14171	0.971	0
4.15	0.77942286	1	1	1	312.15944	81.293544	5.0466123	0.971	0
4.25	0.77942286	1	1	1	42.840054	84.856195	81.115927	0.971	0
4.35	0.77942286	1	1	1	42.852086	84.881978	81.14171	0.971	0
4.45	0.77942286	1	1	1	312.15944	81.293544	5.0466123	0.971	0
4.55	0.77942286	1	1	1	42.868702	85.080222	81.672269	0.971	0
4.65	0.77942286	1	1	1	42.625768	82.017189	81.566272	0.971	0
4.75	0.77942286	1	1	1	222.63708	98.427847	188.00693	0.971	0
4.85	0.77942286	1	1	1	222.6153	98.286326	188.57416	0.971	0
4.95	0.77942286	1	1	1	311.44038	81.496944	8.2855427	0.971	0
0	0.8660254	1	1	1	341.75385	172.07584	210.26921	0.971	0
0.1	0.8660254	1	1	1	341.79453	172.08272	210.31275	0.971	0
0.2	0.8660254	1	1	1	341.79052	172.08214	210.30817	0.971	0
0.3	0.8660254	1	1	1	131.11394	96.165809	355.94373	0.971	0
0.4	0.8660254	1	1	1	131.1317	96.247169	355.95118	0.971	0
0.5	0.8660254	1	1	1	344.19294	172.56056	212.84122	0.971	0
0.6	0.8660254	1	1	1	131.11795	96.14461	355.9294	0.971	0
0.7	0.8660254	1	1	1	194.00981	7.6260683	27.633182	0.971	0
0.8	0.8660254	1	1	1	14.170965	172.45113	332.50402	0.971	0
0.9	0.8660254	1	1	1	41.827638	83.184305	356.34365	0.971	0
1	0.8660254	1	1	1	41.820762	83.157948	86.330416	0.971	0
1.1	0.8660254	1	1	1	13.708015	172.33998	332.08118	0.971	0
1.2	0.8660254	1	1	1	160.7668	6.9092981	331.42572	0.971	0
1.3	0.8660254	1	1	1	132.03469	96.020278	356.82666	0.971	0
1.4	0.8660254	1	1	1	42.390282	86.988171	83.843206	0.971	0
1.5	0.8660254	1	1	1	156.10121	6.869191	336.17783	0.971	0
1.6	0.8660254	1	1	1	132.17964	96.384106	357.39904	0.971	0
1.7	0.8660254	1	1	1	152.50704	6.8989848	339.87914	0.971	0
1.8	0.8660254	1	1	1	132.28335	96.447132	357.70042	0.971	0
1.9	0.8660254	1	1	1	153.33898	8.2397061	338.88677	0.971	0
2	0.8660254	1	1	1	132.02781	97.686439	357.01172	0.971	0
2.1	0.8660254	1	1	1	153.46044	8.3743511	338.76703	0.971	0
2.2	0.8660254	1	1	1	132.02265	97.748319	356.97792	0.971	0
2.3	0.8660254	1	1	1	42.615455	88.619955	84.402413	0.971	0
2.4	0.8660254	1	1	1	42.616028	88.619955	84.402413	0.971	0
2.5	0.8660254	1	1	1	132.47873	95.595143	268.61178	0.971	0
2.6	0.8660254	1	1	1	42.615455	88.619955	84.402413	0.971	0
2.7	0.8660254	1	1	1	42.540397	88.112887	84.398402	0.971	0
2.8	0.8660254	1	1	1	42.543835	88.06304	264.37705	0.971	0
2.9	0.8660254	1	1	1	42.524355	87.959335	264.39539	0.971	0
3	0.8660254	1	1	1	42.271107	86.491417	264.72197	0.971	0
3.1	0.8660254	1	1	1	42.37825	86.791647	264.35356	0.971	0
3.2	0.8660254	1	1	1	42.372521	86.876445	264.43205	0.971	0
3.3	0.8660254	1	1	1	174.84781	5.945583	316.9614	0.971	0
3.4	0.8660254	1	1	1	41.942229	83.245038	82.520819	0.971	0
3.5	0.8660254	1	1	1	221.98505	96.54568	187.20422	0.971	0
3.6	0.8660254	1	1	1	311.16421	82.543738	6.5615127	0.971	0
3.7	0.8660254	1	1	1	41.942229	83.245038	82.520819	0.971	0
3.8	0.8660254	1	1	1	221.98505	96.54568	187.20422	0.971	0
3.9	0.8660254	1	1	1	311.16421	82.543738	6.5615127	0.971	0
4	0.8660254	1	1	1	42.923706	85.006883	81.258593	0.971	0
4.1	0.8660254	1	1	1	312.15829	81.293544	5.049477	0.971	0
4.2	0.8660254	1	1	1	42.925425	85.011467	81.261458	0.971	0
4.3	0.8660254	1	1	1	42.923706	85.006883	81.258593	0.971	0
4.4	0.8660254	1	1	1	312.15829	81.293544	5.049477	0.971	0
4.5	0.8660254	1	1	1	42.925425	85.011467	81.261458	0.971	0
4.6	0.8660254	1	1	1	42.870994	84.653368	81.333078	0.971	0
4.7	0.8660254	1	1	1	312.2322	84.806921	4.0576871	0.971	0
4.8	0.8660254	1	1	1	222.59869	98.349924	188.44811	0.971	0
4.9	0.8660254	1	1	1	222.68005	98.184913	188.48421	0.971	0
0.05	0.95262794	1	1	1	341.75385	172.07584	210.26921	0.971	0
0.15	0.95262794	1	1	1	341.77964	172.07985	210.29728	0.971	0
0.25	0.95262794	1	1	1	131.12655	96.22597	355.94831	0.971	0
0.35	0.95262794	1	1	1	131.12712	96.224824	355.94774	0.971	0
0.45	0.95262794	1	1	1	343.58617	172.44655	212.20351	0.971	0
0.55	0.95262794	1	1	1	131.12655	96.22597	355.94831	0.971	0
0.65	0.95262794	1	1	1	131.12712	96.224824	355.94774	0.971	0
0.75	0.95262794	1	1	1	13.616342	172.28669	332.00039	0.971	0
0.85	0.95262794	1	1	1	41.831649	83.210661	356.39407	0.971	0
0.95	0.95262794	1	1	1	41.805866	83.114404	86.23244	0.971	0
1.05	0.95262794	1	1	1	13.403775	172.23971	331.80272	0.971	0
1.15	0.95262794	1	1	1	41.843108	83.274259	356.49835	0.971	0
1.25	0.95262794	1	1	1	132.02151	95.985328	356.8066	0.971	0
1.35	0.95262794	1	1	1	42.406898	87.067812	83.759554	0.971	0
1.45	0.95262794	1	1	1	157.03799	6.8921093	335.21068	0.971	0
1.55	0.95262794	1	1	1	132.25012	96.429943	357.60645	0.971	0
1.65	0.95262794	1	1	1	152.3701	6.896693	340.02295	0.971	0
1.75	0.95262794	1	1	1	132.28335	96.429943	357.69984	0.971	0
1.85	0.95262794	1	1	1	42.543835	87.709525	263.56975	0.971	0
1.95	0.95262794	1	1	1	151.95127	6.8296569	340.46069	0.971	0
2.05	0.95262794	1	1	1	132.31486	96.383533	357.81042	0.971	0
2.15	0.95262794	1	1	1	42.618893	88.627404	264.40169	0.971	0
2.25	0.95262794	1	1	1	42.621184	88.63829	84.40184	0.971	0
2.35	0.95262794	1	1	1	42.61259	88.616517	264.40455	0.971	0
2.45	0.95262794	1	1	1	132.4793	95.59457	268.6135	0.971	0
2.55	0.95262794	1	1	1	42.61259	88.625112	84.406996	0.971	0
2.65	0.95262794	1	1	1	42.61259	88.616517	264.40455	0.971	0
2.75	0.95262794	1	1	1	42.603996	88.610215	264.41086	0.971	0
2.85	0.95262794	1	1	1	42.60285	88.609069	84.41158	0.971	0
2.95	0.95262794	1	1	1	131.8903	95.076617	356.35568	0.971	0
3.05	0.95262794	1	1	1	131.67831	94.369587	355.97811	0.971	0
3.15	0.95262794	1	1	1	131.65195	94.338647	355.93456	0.971	0
3.25	0.95262794	1	1	1	174.67993	5.9232377	317.11724	0.971	0
3.35	0.95262794	1	1	1	221.93979	94.075086	184.32625	0.971	0
3.45	0.95262794	1	1	1	221.92947	94.101442	184.31594	0.971	0
3.55	0.95262794	1	1	1	131.17009	97.125514	353.42902	0.971	0
3.65	0.95262794	1	1	1	131.14488	97.131816	353.3786	0.971	0
3.75	0.95262794	1	1	1	131.15749	97.117492	353.39636	0.971	0
3.85	0.95262794	1	1	1	131.15863	97.149578	353.40381	0.971	0
3.95	0.95262794	1	1	1	131.14488	97.131816	353.3786	0.971	0
4.05	0.95262794	1	1	1	312.1772	81.311878	5.0277047	0.971	0
4.15	0.95262794	1	1	1	312.1623	81.296409	5.0448934	0.971	0
4.25	0.95262794	1	1	1	342.37895	169.97939	209.81657	0.971	0
4.35	0.95262794	1	1	1	312.1772	81.311878	5.0277047	0.971	0
4.45	0.95262794	1	1	1	312.16631	81.300992	5.0403097	0.971	0
4.55	0.95262794	1	1	1	342.37895	169.97939	209.81657	0.971	0
4.65	0.95262794	1	1	1	312.04084	85.02751	4.3516145	0.971	0
4.75	0.95262794	1	1	1	132.54405	95.562485	356.5419	0.971	0
4.85	0.95262794	1	1	1	222.7425	93.671724	185.3931	0.971	0
4.95	0.95262794	1	1	1	344.71891	173.4962	212.04423	0.971	0
0	1.0392305	1	1	1	133.0047	92.746397	270.52947	0.971	0
0.1	1.0392305	1	1	1	133.0047	92.745824	270.5289	0.971	0
0.2	1.0392305	1	1	1	133.0047	92.746397	270.5289	0.971	0
0.3	1.0392305	1	1	1	133.0047	92.746397	270.52947	0.971	0
0.4	1.0392305	1	1	1	132.7526	92.313241	270.46014	0.971	0
0.5	1.0392305	1	1	1	312.75073	87.684888	359.53961	0.971	0
0.6	1.0392305	1	1	1	301.61644	177.63754	348.87515	0.971	0
0.7	1.0392305	1	1	1	132.7526	92.313241	270.46014	0.971	0
0.8	1.0392305	1	1	1	42.680772	90.230539	357.82074	0.971	0
0.9	1.0392305	1	1	1	308.23812	177.88964	355.54724	0.971	0
1	1.0392305	1	1	1	13.568214	172.30617	331.94482	0.971	0
1.1	1.0392305	1	1	1	13.157403	172.19845	331.56896	0.971	0
1.2	1.0392305	1	1	1	308.23812	177.88964	355.54724	0.971	0
1.3	1.0392305	1	1	1	42.448724	87.303871	83.635795	0.971	0
1.4	1.0392305	1	1	1	42.4344	87.253451	83.617461	0.971	0
1.5	1.0392305	1	1	1	42.416639	87.169799	83.673038	0.971	0
1.6	1.0392305	1	1	1	152.00398	6.8371054	340.41199	0.971	0
1.7	1.0392305	1	1	1	132.32403	96.352021	267.83141	0.971	0
1.8	1.0392305	1	1	1	42.503728	87.536492	83.619752	0.971	0
1.9	1.0392305	1	1	1	152.00398	6.8371054	340.41199	0.971	0
2	1.0392305	1	1	1	132.47071	95.895373	358.42406	0.971	0
2.1	1.0392305	1	1	1	132.4518	95.89079	358.39255	0.971	0
2.2	1.0392305	1	1	1	42.617747	88.624539	264.40226	0.971	0
2.3	1.0392305	1	1	1	42.613736	88.618809	264.40455	0.971	0
2.4	1.0392305	1	1	1	42.598839	88.549481	264.3994	0.971	0
2.5	1.0392305	1	1	1	42.617747	88.624539	264.40226	0.971	0
2.6	1.0392305	1	1	1	42.613736	88.618809	264.40455	0.971	0
2.7	1.0392305	1	1	1	42.571337	88.555784	264.42403	0.971	0
2.8	1.0392305	1	1	1	42.603423	88.607923	84.411007	0.971	0
2.9	1.0392305	1	1	1	42.599985	88.599329	264.41028	0.971	0
3	1.0392305	1	1	1	42.571337	88.555784	264.42403	0.971	0
3.1	1.0392305	1	1	1	131.64278	94.321458	355.92998	0.971	0
3.2	1.0392305	1	1	1	131.62617	94.307134	355.89617	0.971	0
3.3	1.0392305	1	1	1	355.18456	174.05999	43.406137	0.971	0
3.4	1.0392305	1	1	1	221.92718	94.096859	184.31823	0.971	0
3.5	1.0392305	1	1	1	131.62617	94.307134	355.89617	0.971	0
3.6	1.0392305	1	1	1	131.15634	97.119211	353.39407	0.971	0
3.7	1.0392305	1	1	1	221.9839	96.55141	187.20594	0.971	0
3.8	1.0392305	1	1	1	311.25531	82.645151	6.4452022	0.971	0
3.9	1.0392305	1	1	1	131.15634	97.119211	353.39407	0.971	0
4	1.0392305	1	1	1	351.25521	173.37817	219.07729	0.971	0
4.1	1.0392305	1	1	1	222.38211	94.307134	95.00557	0.971	0
4.2	1.0392305	1	1	1	222.39758	94.346668	94.983224	0.971	0
4.3	1.0392305	1	1	1	222.39987	94.351825	184.97656	0.971	0
4.4	1.0392305	1	1	1	222.40274	94.33922	184.98401	0.971	0
4.5	1.0392305	1	1	1	222.37008	94.3587	184.9714	0.971	0
4.6	1.0392305	1	1	1	312.01104	85.041261	4.3676573	0.971	0
4.7	1.0392305	1	1	1	222.40274	94.33922	184.98401	0.971	0
4.8	1.0392305	1	1	1	42.896204	86.677055	84.415018	0.971	0
4.9	1.0392305	1	1	1	222.8909	93.307323	185.5816	0.971	0
0.05	1.125833	1	1	1	132.99611	92.685091	270.48707	0.971	0
0.15	1.125833	1	1	1	133.00528	92.74697	270.52947	0.971	0
0.25	1.125833	1	1	1	133.00069	92.741241	270.53004	0.971	0
0.35	1.125833	1	1	1	132.75088	92.314387	270.45957	0.971	0
0.45	1.125833	1	1	1	132.74745	92.310376	270.4653	0.971	0
0.55	1.125833	1	1	1	301.3907	177.64614	348.64023	0.971	0
0.65	1.125833	1	1	1	301.67889	177.63869	348.94161	0.971	0
0.75	1.125833	1	1	1	132.75031	92.314387	270.459	0.971	0
0.85	1.125833	1	1	1	42.673324	90.189287	357.84767	0.971	0
0.95	1.125833	1	1	1	306.92833	177.82433	354.23116	0.971	0
1.05	1.125833	1	1	1	132.69244	92.163699	270.21492	0.971	0
1.15	1.125833	1	1	1	222.9585	91.096852	90.680884	0.971	0
1.25	1.125833	1	1	1	222.9883	91.057318	90.698646	0.971	0
1.35	1.125833	1	1	1	132.97663	90.699219	268.94467	0.971	0
1.45	1.125833	1	1	1	222.98944	91.056745	90.701511	0.971	0
1.55	1.125833	1	1	1	9.1243529	178.73361	236.13825	0.971	0
1.65	1.125833	1	1	1	132.98179	90.714116	268.94983	0.971	0
1.75	1.125833	1	1	1	222.98944	91.056745	90.701511	0.971	0
1.85	1.125833	1	1	1	9.1243529	178.73361	236.13825	0.971	0
1.95	1.125833	1	1	1	132.98179	90.714116	268.94983	0.971	0
2.05	1.125833	1	1	1	132.43289	95.908551	358.39198	0.971	0
2.15	1.125833	1	1	1	42.620612	88.627977	84.399548	0.971	0
2.25	1.125833	1	1	1	42.616028	88.619955	84.402413	0.971	0
2.35	1.125833	1	1	1	132.47873	95.595143	268.61178	0.971	0
2.45	1.125833	1	1	1	42.615455	88.619955	84.402413	0.971	0
2.55	1.125833	1	1	1	42.616028	88.619955	84.402413	0.971	0
2.65	1.125833	1	1	1	132.47873	95.595143	268.61178	0.971	0
2.75	1.125833	1	1	1	42.606288	88.611361	84.408715	0.971	0
2.85	1.125833	1	1	1	42.595974	88.554638	84.41158	0.971	0
2.95	1.125833	1	1	1	132.44664	95.581392	268.57282	0.971	0
3.05	1.125833	1	1	1	354.32111	174.10239	42.532376	0.971	0
3.15	1.125833	1	1	1	175.19044	5.9427183	316.59069	0.971	0
3.25	1.125833	1	1	1	221.92775	94.100296	184.31708	0.971	0
3.35	1.125833	1	1	1	221.92603	94.10488	184.31594	0.971	0
3.45	1.125833	1	1	1	221.92546	94.101442	184.31766	0.971	0
3.55	1.125833	1	1	1	221.92775	94.100296	184.31708	0.971	0
3.65	1.125833	1	1	1	221.92374	94.101442	184.31651	0.971	0
3.75	1.125833	1	1	1	221.92603	94.106026	184.31766	0.971	0
3.85	1.125833	1	1	1	222.39185	93.691205	185.7661	0.971	0
3.95	1.125833	1	1	1	312.00359	84.148592	3.6205203	0.971	0
4.05	1.125833	1	1	1	311.96521	84.898021	4.2152505	0.971	0
4.15	1.125833	1	1	1	311.96979	85.026937	4.3481767	0.971	0
4.25	1.125833	1	1	1	173.58157	6.6096411	318.60407	0.971	0
4.35	1.125833	1	1	1	132.00317	94.956295	355.62745	0.971	0
4.45	1.125833	1	1	1	222.35174	94.367868	184.96968	0.971	0
4.55	1.125833	1	1	1	311.98698	85.04298	4.3768246	0.971	0
4.65	1.125833	1	1	1	132.00317	94.956295	355.62745	0.971	0
4.75	1.125833	1	1	1	222.38096	94.347814	184.97713	0.971	0
4.85	1.125833	1	1	1	343.30199	173.52714	210.56715	0.971	0
4.95	1.125833	1	1	1	343.27334	173.53115	210.54308	0.971	0
0	1.2124356	1	1	1	133.00012	92.715457	270.5077	0.971	0
0.1	1.2124356	1	1	1	132.99783	92.697696	270.49567	0.971	0
0.2	1.2124356	1	1	1	132.99955	92.716603	270.50999	0.971	0
0.3	1.2124356	1	1	1	132.74916	92.316679	270.46014	0.971	0
0.4	1.2124356	1	1	1	132.74916	92.317825	270.45785	0.971	0
0.5	1.2124356	1	1	1	312.75073	87.685461	359.54133	0.971	0
0.6	1.2124356	1	1	1	132.74916	92.316679	270.46014	0.971	0
0.7	1.2124356	1	1	1	132.74916	92.317825	270.45785	0.971	0
0.8	1.2124356	1	1	1	312.75073	87.685461	359.54133	0.971	0
0.9	1.2124356	1	1	1	132.76406	92.301209	270.46415	0.971	0
1	1.2124356	1	1	1	308.44839	177.88162	355.75694	0.971	0
1.1	1.2124356	1	1	1	222.91668	90.945018	90.857355	0.971	0
1.2	1.2124356	1	1	1	222.96366	91.089976	90.680884	0.971	0
1.3	1.2124356	1	1	1	132.94798	90.684322	268.90685	0.971	0
1.4	1.2124356	1	1	1	132.96059	90.685468	268.92462	0.971	0
1.5	1.2124356	1	1	1	222.96366	91.089976	90.680884	0.971	0
1.6	1.2124356	1	1	1	8.8458954	178.73934	235.85349	0.971	0
1.7	1.2124356	1	1	1	132.97434	90.691198	268.94238	0.971	0
1.8	1.2124356	1	1	1	222.99861	91.046431	90.72271	0.971	0
1.9	1.2124356	1	1	1	43.470308	89.901662	359.41642	0.971	0
2	1.2124356	1	1	1	133.47052	90.584054	269.9038	0.971	0
2.1	1.2124356	1	1	1	223.42604	90.192151	90.628745	0.971	0
2.2	1.2124356	1	1	1	133.38572	90.715835	269.74624	0.971	0
2.3	1.2124356	1	1	1	132.4793	95.59457	268.6135	0.971	0
2.4	1.2124356	1	1	1	42.61259	88.625112	84.406996	0.971	0
2.5	1.2124356	1	1	1	42.616601	88.623966	84.40184	0.971	0
2.6	1.2124356	1	1	1	132.4793	95.59457	268.6135	0.971	0
2.7	1.2124356	1	1	1	42.61259	88.625112	84.406996	0.971	0
2.8	1.2124356	1	1	1	42.605142	88.611934	84.409288	0.971	0
2.9	1.2124356	1	1	1	132.46211	95.585976	268.59345	0.971	0
3	1.2124356	1	1	1	353.07665	174.16771	41.278744	0.971	0
3.1	1.2124356	1	1	1	41.930197	86.020446	265.64959	0.971	0
3.2	1.2124356	1	1	1	354.95538	174.06973	43.174089	0.971	0
3.3	1.2124356	1	1	1	221.92489	94.083681	184.31823	0.971	0
3.4	1.2124356	1	1	1	221.9226	94.098578	184.31479	0.971	0
3.5	1.2124356	1	1	1	355.31118	174.05083	43.540209	0.971	0
3.6	1.2124356	1	1	1	221.92432	94.092275	184.31651	0.971	0
3.7	1.2124356	1	1	1	221.92317	94.102015	184.31938	0.971	0
3.8	1.2124356	1	1	1	312.00932	84.134842	3.61078	0.971	0
3.9	1.2124356	1	1	1	311.96979	84.245995	3.6749513	0.971	0
4	1.2124356	1	1	1	222.38096	93.61672	185.86751	0.971	0
4.1	1.2124356	1	1	1	312.00932	84.134842	3.61078	0.971	0
4.2	1.2124356	1	1	1	222.33627	94.343231	184.97942	0.971	0
4.3	1.2124356	1	1	1	353.54246	173.39021	221.36855	0.971	0
4.4	1.2124356	1	1	1	222.3506	94.377035	184.96625	0.971	0
4.5	1.2124356	1	1	1	311.99385	85.038969	4.3676573	0.971	0
4.6	1.2124356	1	1	1	353.54246	173.39021	221.36855	0.971	0
4.7	1.2124356	1	1	1	222.36893	94.3587	184.97198	0.971	0
4.8	1.2124356	1	1	1	311.99385	85.038969	4.3676573	0.971	0
4.9	1.2124356	1	1	1	42.888183	86.7206	84.425331	0.971	0
0.05	1.2990381	1	1	1	306.08208	177.56879	353.08524	0.971	0
0.15	1.2990381	1	1	1	132.79271	92.274853	270.48306	0.971	0
0.25	1.2990381	1	1	1	301.07099	177.66103	168.3075	0.971	0
0.35	1.2990381	1	1	1	312.75073	87.684888	359.53961	0.971	0
0.45	1.2990381	1	1	1	301.61644	177.63754	348.87515	0.971	0
0.55	1.2990381	1	1	1	301.62962	177.63812	168.89421	0.971	0
0.65	1.2990381	1	1	1	312.75073	87.684888	359.53961	0.971	0
0.75	1.2990381	1	1	1	301.61644	177.63754	348.87515	0.971	0
0.85	1.2990381	1	1	1	301.62962	177.63812	168.89421	0.971	0
0.95	1.2990381	1	1	1	42.699107	90.217934	357.85397	0.971	0
1.05	1.2990381	1	1	1	304.77516	177.77677	352.05105	0.971	0
1.15	1.2990381	1	1	1	132.77151	92.000979	270.16221	0.971	0
1.25	1.2990381	1	1	1	222.95908	91.095706	90.682603	0.971	0
1.35	1.2990381	1	1	1	10.249069	178.71986	327.28266	0.971	0
1.45	1.2990381	1	1	1	132.95543	90.687187	268.91774	0.971	0
1.55	1.2990381	1	1	1	222.95908	91.095706	90.682603	0.971	0
1.65	1.2990381	1	1	1	9.1111749	178.73991	236.12164	0.971	0
1.75	1.2990381	1	1	1	132.9835	90.711824	268.95384	0.971	0
1.85	1.2990381	1	1	1	43.470308	89.903381	359.41757	0.971	0
1.95	1.2990381	1	1	1	133.46937	90.582336	269.9038	0.971	0
2.05	1.2990381	1	1	1	142.7914	0.59071949	350.67882	0.971	0
2.15	1.2990381	1	1	1	133.757	91.917327	1.6168869	0.971	0
2.25	1.2990381	1	1	1	133.78794	92.05541	271.79514	0.971	0
2.35	1.2990381	1	1	1	133.78966	92.05541	1.8008064	0.971	0
2.45	1.2990381	1	1	1	43.724701	91.798152	87.943865	0.971	0
2.55	1.2990381	1	1	1	92.547581	2.7307169	221.21041	0.971	0
2.65	1.2990381	1	1	1	11.894604	138.94055	99.527926	0.314	0
2.75	1.2990381	1	1	1	42.599985	88.599329	264.41028	0.971	0
2.85	1.2990381	1	1	1	42.571337	88.555784	264.42403	0.971	0
2.95	1.2990381	1	1	1	354.83677	174.07948	43.059497	0.971	0
3.05	1.2990381	1	1	1	41.924468	85.920751	265.67881	0.971	0
3.15	1.2990381	1	1	1	355.29686	174.05426	43.527604	0.971	0
3.25	1.2990381	1	1	1	221.92317	94.092848	184.31766	0.971	0
3.35	1.2990381	1	1	1	221.9226	94.093994	184.31708	0.971	0
3.45	1.2990381	1	1	1	355.32264	174.05255	43.55396	0.971	0
3.55	1.2990381	1	1	1	221.92317	94.092848	184.31766	0.971	0
3.65	1.2990381	1	1	1	221.9226	94.093994	184.31708	0.971	0
3.75	1.2990381	1	1	1	355.32264	174.05255	43.55396	0.971	0
3.85	1.2990381	1	1	1	311.95203	84.386943	3.7694893	0.971	0
3.95	1.2990381	1	1	1	222.34086	93.691778	185.74604	0.971	0
4.05	1.2990381	1	1	1	312.02938	84.056919	3.5729648	0.971	0
4.15	1.2990381	1	1	1	222.2721	94.242963	185.0201	0.971	0
4.25	1.2990381	1	1	1	222.31622	94.338074	184.98687	0.971	0
4.35	1.2990381	1	1	1	222.33914	94.369014	184.97427	0.971	0
4.45	1.2990381	1	1	1	311.98526	85.058449	4.4031807	0.971	0
4.55	1.2990381	1	1	1	42.341581	85.650888	85.018342	0.971	0
4.65	1.2990381	1	1	1	222.36377	94.355836	184.97828	0.971	0
4.75	1.2990381	1	1	1	312.01104	85.041261	4.3676573	0.971	0
4.85	1.2990381	1	1	1	42.412628	85.805013	84.85906	0.971	0
4.95	1.2990381	1	1	1	312.56968	84.433353	3.2962262	0.971	0
0	1.3856406	1	1	1	132.99955	92.603731	270.42806	0.971	0
0.1	1.3856406	1	1	1	133.00241	92.476534	270.33925	0.971	0
0.2	1.3856406	1	1	1	301.29616	177.65015	168.54528	0.971	0
0.3	1.3856406	1	1	1	312.75532	87.692909	359.5356	0.971	0
0.4	1.3856406	1	1	1	301.3907	177.64614	348.64023	0.971	0
0.5	1.3856406	1	1	1	132.75088	92.313814	270.46014	0.971	0
0.6	1.3856406	1	1	1	312.75532	87.692909	359.5356	0.971	0
0.7	1.3856406	1	1	1	301.3907	177.64614	348.64023	0.971	0
0.8	1.3856406	1	1	1	301.43539	177.64614	168.68909	0.971	0
0.9	1.3856406	1	1	1	312.75589	87.692336	359.54018	0.971	0
1	1.3856406	1	1	1	302.31717	177.70286	349.56556	0.971	0
1.1	1.3856406	1	1	1	132.76062	92.191774	270.3467	0.971	0
1.2	1.3856406	1	1	1	222.95621	91.098571	90.680884	0.971	0
1.3	1.3856406	1	1	1	222.9585	91.096852	90.680884	0.971	0
1.4	1.3856406	1	1	1	222.97054	91.080236	90.688906	0.971	0
1.5	1.3856406	1	1	1	222.95621	91.098571	90.680884	0.971	0
1.6	1.3856406	1	1	1	11.069545	178.7084	328.11746	0.971	0
1.7	1.3856406	1	1	1	8.5479573	178.73877	235.55326	0.971	0
1.8	1.3856406	1	1	1	43.469735	89.904527	359.417	0.971	0
1.9	1.3856406	1	1	1	133.4688	90.582336	269.90495	0.971	0
2	1.3856406	1	1	1	43.469162	89.905099	359.41814	0.971	0
2.1	1.3856406	1	1	1	43.470308	89.904527	359.41757	0.971	0
2.2	1.3856406	1	1	1	43.703502	91.621681	88.079656	0.971	0
2.3	1.3856406	1	1	1	43.725274	91.799871	87.944438	0.971	0
2.4	1.3856406	1	1	1	43.725847	91.802736	87.944438	0.971	0
2.5	1.3856406	1	1	1	92.561332	2.7324357	221.19609	0.971	0
2.6	1.3856406	1	1	1	43.72642	91.802163	87.945584	0.971	0
2.7	1.3856406	1	1	1	43.726993	91.805028	87.945584	0.971	0
2.8	1.3856406	1	1	1	88.928206	4.752112	224.48429	0.971	0
2.9	1.3856406	1	1	1	88.929925	4.7532579	224.48257	0.971	0
3	1.3856406	1	1	1	88.928779	4.7532579	224.48315	0.971	0
3.1	1.3856406	1	1	1	88.928206	4.752112	224.48429	0.971	0
3.2	1.3856406	1	1	1	88.929925	4.7532579	224.48257	0.971	0
3.3	1.3856406	1	1	1	88.928779	4.7532579	224.48315	0.971	0
3.4	1.3856406	1	1	1	88.931644	4.752112	224.48028	0.971	0
3.5	1.3856406	1	1	1	313.00398	87.602955	358.19373	0.971	0
3.6	1.3856406	1	1	1	133.00356	92.396893	271.80659	0.971	0
3.7	1.3856406	1	1	1	275.98174	176.99812	323.01584	0.971	0
3.8	1.3856406	1	1	1	313.00398	87.602955	358.19373	0.971	0
3.9	1.3856406	1	1	1	168.16712	6.719649	143.97742	0.971	0
4	1.3856406	1	1	1	165.64153	6.7958524	146.50588	0.971	0
4.1	1.3856406	1	1	1	295.06181	66.145113	259.96986	0.143	0
4.2	1.3856406	1	1	1	353.49032	173.3862	41.342916	0.971	0
4.3	1.3856406	1	1	1	353.5373	173.38333	41.387033	0.971	0
4.4	1.3856406	1	1	1	311.98698	85.04298	4.3768246	0.971	0
4.5	1.3856406	1	1	1	278.55947	176.9328	325.2733	0.971	0
4.6	1.3856406	1	1	1	353.5373	173.38333	41.387033	0.971	0
4.7	1.3856406	1	1	1	311.98698	85.04298	4.3768246	0.971	0
4.8	1.3856406	1	1	1	42.419503	85.751728	84.925523	0.971	0
4.9	1.3856406	1	1	1	42.417784	85.830224	84.832131	0.971	0
0.05	1.4722432	1	1	1	132.98637	92.436427	270.43321	0.971	0
0.15	1.4722432	1	1	1	70.036642	4.88733	243.73625	0.971	0
0.25	1.4722432	1	1	1	132.78526	92.282301	270.47905	0.971	0
0.35	1.4722432	1	1	1	132.77323	92.292615	270.4716	0.971	0
0.45	1.4722432	1	1	1	132.75604	92.30923	270.46301	0.971	0
0.55	1.4722432	1	1	1	132.7589	92.306366	270.46415	0.971	0
0.65	1.4722432	1	1	1	312.75073	87.685461	359.54133	0.971	0
0.75	1.4722432	1	1	1	132.76406	92.301209	270.46415	0.971	0
0.85	1.4722432	1	1	1	82.276166	2.2305247	231.40104	0.971	0
0.95	1.4722432	1	1	1	81.572574	2.2345354	232.10062	0.971	0
1.05	1.4722432	1	1	1	133.63037	91.413124	271.69258	0.971	0
1.15	1.4722432	1	1	1	88.982637	2.1422892	224.54216	0.971	0
1.25	1.4722432	1	1	1	43.008504	89.007848	359.3322	0.971	0
1.35	1.4722432	1	1	1	222.95048	91.107165	90.677447	0.971	0
1.45	1.4722432	1	1	1	132.94798	90.684322	268.90685	0.971	0
1.55	1.4722432	1	1	1	322.86	179.41027	9.3913512	0.971	0
1.65	1.4722432	1	1	1	43.467443	89.904527	359.41872	0.971	0
1.75	1.4722432	1	1	1	43.470308	89.901662	359.41642	0.971	0
1.85	1.4722432	1	1	1	133.47052	90.584054	269.9038	0.971	0
1.95	1.4722432	1	1	1	43.469735	89.904527	359.41757	0.971	0
2.05	1.4722432	1	1	1	43.470308	89.901662	359.41642	0.971	0
2.15	1.4722432	1	1	1	133.47052	90.584054	269.9038	0.971	0
2.25	1.4722432	1	1	1	141.00033	0.60103273	352.47218	0.971	0
2.35	1.4722432	1	1	1	43.725274	91.798725	87.945584	0.971	0
2.45	1.4722432	1	1	1	92.403768	2.7364464	221.35651	0.971	0
2.55	1.4722432	1	1	1	92.443875	2.7347276	221.31583	0.971	0
2.65	1.4722432	1	1	1	43.726993	91.803882	87.946157	0.971	0
2.75	1.4722432	1	1	1	92.403768	2.7364464	221.35651	0.971	0
2.85	1.4722432	1	1	1	92.443875	2.7347276	221.31583	0.971	0
2.95	1.4722432	1	1	1	88.927061	4.7544038	224.48773	0.971	0
3.05	1.4722432	1	1	1	88.940811	4.752112	224.47111	0.971	0
3.15	1.4722432	1	1	1	43.31389	93.325085	86.606008	0.971	0
3.25	1.4722432	1	1	1	88.922477	4.7561227	224.49174	0.971	0
3.35	1.4722432	1	1	1	88.940811	4.752112	224.47111	0.971	0
3.45	1.4722432	1	1	1	43.31389	93.325085	86.606008	0.971	0
3.55	1.4722432	1	1	1	313.00455	87.597798	358.18686	0.971	0
3.65	1.4722432	1	1	1	133.00642	92.394601	271.80545	0.971	0
3.75	1.4722432	1	1	1	276.00809	176.9987	323.04105	0.971	0
3.85	1.4722432	1	1	1	313.01085	87.60582	358.20691	0.971	0
3.95	1.4722432	1	1	1	42.904799	91.820497	357.08506	0.971	0
4.05	1.4722432	1	1	1	42.904799	91.823362	87.083282	0.971	0
4.15	1.4722432	1	1	1	100.90704	3.4417575	212.04423	0.971	0
4.25	1.4722432	1	1	1	42.904799	91.820497	357.08506	0.971	0
4.35	1.4722432	1	1	1	42.904799	91.823362	87.083282	0.971	0
4.45	1.4722432	1	1	1	100.90704	3.4417575	212.04423	0.971	0
4.55	1.4722432	1	1	1	279.15421	176.81764	325.86459	0.971	0
4.65	1.4722432	1	1	1	277.55222	177.1723	324.30672	0.971	0
4.75	1.4722432	1	1	1	42.365072	85.652034	85.019488	0.971	0
4.85	1.4722432	1	1	1	42.413774	85.720789	84.959328	0.971	0
4.95	1.4722432	1	1	1	42.417784	85.752301	84.923804	0.971	0
0	1.5588457	1	1	1	70.468079	4.9480635	243.3558	0.971	0
0.1	1.5588457	1	1	1	71.84948	4.9136861	241.8982	0.971	0
0.2	1.5588457	1	1	1	133.87789	92.066869	274.42558	0.971	0
0.3	1.5588457	1	1	1	132.79271	92.274853	270.48306	0.971	0
0.4	1.5588457	1	1	1	301.07099	177.66103	168.3075	0.971	0
0.5	1.5588457	1	1	1	312.77308	87.707806	359.52701	0.971	0
0.6	1.5588457	1	1	1	84.090151	2.2162008	229.58304	0.971	0
0.7	1.5588457	1	1	1	81.934111	2.2333895	231.74367	0.971	0
0.8	1.5588457	1	1	1	261.20688	177.76016	307.5265	0.971	0
0.9	1.5588457	1	1	1	84.090151	2.2162008	229.58304	0.971	0
1	1.5588457	1	1	1	80.011837	2.2511512	233.67167	0.971	0
1.1	1.5588457	1	1	1	79.768903	2.254016	233.91575	0.971	0
1.2	1.5588457	1	1	1	43.097312	89.18661	359.35111	0.971	0
1.3	1.5588457	1	1	1	223.18024	90.653955	90.635048	0.971	0
1.4	1.5588457	1	1	1	133.46364	90.578325	269.90437	0.971	0
1.5	1.5588457	1	1	1	142.76905	0.58900061	350.6983	0.971	0
1.6	1.5588457	1	1	1	43.469162	89.905099	359.41757	0.971	0
1.7	1.5588457	1	1	1	43.470308	89.903381	359.41757	0.971	0
1.8	1.5588457	1	1	1	133.46937	90.582336	269.9038	0.971	0
1.9	1.5588457	1	1	1	43.469162	89.904527	359.41757	0.971	0
2	1.5588457	1	1	1	43.470308	89.903381	359.41757	0.971	0
2.1	1.5588457	1	1	1	133.46937	90.582336	269.9038	0.971	0
2.2	1.5588457	1	1	1	43.470881	89.905099	359.41814	0.971	0
2.3	1.5588457	1	1	1	43.724701	91.798152	87.943865	0.971	0
2.4	1.5588457	1	1	1	92.547581	2.7307169	221.21041	0.971	0
2.5	1.5588457	1	1	1	92.418665	2.7353005	221.34104	0.971	0
2.6	1.5588457	1	1	1	43.727566	91.8056	87.946157	0.971	0
2.7	1.5588457	1	1	1	92.547581	2.7307169	221.21041	0.971	0
2.8	1.5588457	1	1	1	133.79424	92.052545	1.8139844	0.971	0
2.9	1.5588457	1	1	1	43.727566	91.8056	87.946157	0.971	0
3	1.5588457	1	1	1	88.917893	4.7549767	224.49919	0.971	0
3.1	1.5588457	1	1	1	88.941384	4.7549767	224.46997	0.971	0
3.2	1.5588457	1	1	1	88.939666	4.7538308	224.4734	0.971	0
3.3	1.5588457	1	1	1	88.941384	4.7538308	224.4734	0.971	0
3.4	1.5588457	1	1	1	43.315036	93.325085	86.604863	0.971	0
3.5	1.5588457	1	1	1	88.974043	4.7463824	224.44189	0.971	0
3.6	1.5588457	1	1	1	43.574586	93.138873	87.108492	0.971	0
3.7	1.5588457	1	1	1	133.00757	92.395174	271.8043	0.971	0
3.8	1.5588457	1	1	1	276.14102	177.00614	323.16882	0.971	0
3.9	1.5588457	1	1	1	42.911674	91.793568	357.15324	0.971	0
4	1.5588457	1	1	1	42.908809	91.783255	357.116	0.971	0
4.1	1.5588457	1	1	1	42.903653	91.818206	87.086147	0.971	0
4.2	1.5588457	1	1	1	100.89386	3.4400386	212.05913	0.971	0
4.3	1.5588457	1	1	1	42.909382	91.818206	357.0885	0.971	0
4.4	1.5588457	1	1	1	42.934592	91.818779	87.103909	0.971	0
4.5	1.5588457	1	1	1	42.914539	91.823362	357.08792	0.971	0
4.6	1.5588457	1	1	1	277.9212	177.09896	324.65622	0.971	0
4.7	1.5588457	1	1	1	277.56768	177.11271	324.28838	0.971	0
4.8	1.5588457	1	1	1	133.27342	92.27428	271.62497	0.971	0
4.9	1.5588457	1	1	1	133.29577	92.275999	271.62096	0.971	0
0.05	1.6454483	1	1	1	72.533592	4.9159779	241.18315	0.971	0
0.15	1.6454483	1	1	1	133.89451	92.072599	274.4296	0.971	0
0.25	1.6454483	1	1	1	133.83034	92.01473	274.38777	0.971	0
0.35	1.6454483	1	1	1	43.664541	94.380473	87.988556	0.971	0
0.45	1.6454483	1	1	1	312.80001	87.733589	359.51039	0.971	0
0.55	1.6454483	1	1	1	297.39546	177.72635	344.51494	0.971	0
0.65	1.6454483	1	1	1	43.656519	91.748878	358.61314	0.971	0
0.75	1.6454483	1	1	1	80.325245	2.2482864	233.35712	0.971	0
0.85	1.6454483	1	1	1	79.931623	2.2517241	233.75188	0.971	0
0.95	1.6454483	1	1	1	133.70486	91.327181	271.82035	0.971	0
1.05	1.6454483	1	1	1	80.325245	2.2482864	233.35712	0.971	0
1.15	1.6454483	1	1	1	259.64327	177.74526	125.95847	0.971	0
1.25	1.6454483	1	1	1	133.70486	91.327181	271.82035	0.971	0
1.35	1.6454483	1	1	1	223.03929	90.924391	90.656247	0.971	0
1.45	1.6454483	1	1	1	322.88635	179.41429	9.4222909	0.971	0
1.55	1.6454483	1	1	1	43.467443	89.905099	359.41814	0.971	0
1.65	1.6454483	1	1	1	43.469735	89.904527	359.417	0.971	0
1.75	1.6454483	1	1	1	133.4688	90.582336	269.90495	0.971	0
1.85	1.6454483	1	1	1	43.469162	89.905099	359.41814	0.971	0
1.95	1.6454483	1	1	1	43.469735	89.904527	359.417	0.971	0
2.05	1.6454483	1	1	1	133.4688	90.582336	269.90495	0.971	0
2.15	1.6454483	1	1	1	43.469162	89.905099	359.41814	0.971	0
2.25	1.6454483	1	1	1	43.470308	89.905099	359.41757	0.971	0
2.35	1.6454483	1	1	1	92.561332	2.7324357	221.19609	0.971	0
2.45	1.6454483	1	1	1	43.727566	91.806173	87.945584	0.971	0
2.55	1.6454483	1	1	1	43.726993	91.805028	87.945584	0.971	0
2.65	1.6454483	1	1	1	92.561332	2.7324357	221.19609	0.971	0
2.75	1.6454483	1	1	1	43.727566	91.806173	87.945584	0.971	0
2.85	1.6454483	1	1	1	43.726993	91.805028	87.945584	0.971	0
2.95	1.6454483	1	1	1	133.81315	92.040513	271.87363	0.971	0
3.05	1.6454483	1	1	1	43.737306	91.840551	87.952459	0.971	0
3.15	1.6454483	1	1	1	88.939666	4.7555497	224.47283	0.971	0
3.25	1.6454483	1	1	1	88.955135	4.7492472	224.45851	0.971	0
3.35	1.6454483	1	1	1	86.299476	4.2702544	227.35424	0.971	0
3.45	1.6454483	1	1	1	43.574013	93.140592	87.099898	0.971	0
3.55	1.6454483	1	1	1	43.574013	93.139446	87.103336	0.971	0
3.65	1.6454483	1	1	1	86.290309	4.2696815	227.3634	0.971	0
3.75	1.6454483	1	1	1	133.01215	92.394028	271.79743	0.971	0
3.85	1.6454483	1	1	1	43.566565	93.083869	87.134276	0.971	0
3.95	1.6454483	1	1	1	313.01372	87.114795	358.19545	0.971	0
4.05	1.6454483	1	1	1	42.923706	91.819351	87.097033	0.971	0
4.15	1.6454483	1	1	1	42.914539	91.82107	87.090158	0.971	0
4.25	1.6454483	1	1	1	100.895	3.4377468	212.06199	0.971	0
4.35	1.6454483	1	1	1	42.923706	91.819351	87.097033	0.971	0
4.45	1.6454483	1	1	1	42.927717	91.821643	87.097033	0.971	0
4.55	1.6454483	1	1	1	97.523719	2.8476002	215.72491	0.971	0
4.65	1.6454483	1	1	1	277.80718	177.13735	324.55653	0.971	0
4.75	1.6454483	1	1	1	277.61238	177.20439	324.38177	0.971	0
4.85	1.6454483	1	1	1	133.26597	92.270842	271.62726	0.971	0
4.95	1.6454483	1	1	1	133.28431	92.277718	271.6221	0.971	0
0	1.7320508	1	1	1	133.94264	92.104684	274.44793	0.971	0
0.1	1.7320508	1	1	1	133.99477	92.16198	274.49434	0.971	0
0.2	1.7320508	1	1	1	133.81716	92.006136	274.38204	0.971	0
0.3	1.7320508	1	1	1	133.81773	92.006136	274.38261	0.971	0
0.4	1.7320508	1	1	1	133.81773	92.005563	274.38319	0.971	0
0.5	1.7320508	1	1	1	133.81716	92.00499	274.38261	0.971	0
0.6	1.7320508	1	1	1	43.557398	91.589022	358.49855	0.971	0
0.7	1.7320508	1	1	1	82.276166	2.2305247	231.40104	0.971	0
0.8	1.7320508	1	1	1	79.913861	2.2522971	233.77022	0.971	0
0.9	1.7320508	1	1	1	259.70401	177.74583	306.01905	0.971	0
1	1.7320508	1	1	1	313.70585	88.675532	358.1754	0.971	0
1.1	1.7320508	1	1	1	79.676657	2.253443	234.008	0.971	0
1.2	1.7320508	1	1	1	43.663395	91.824508	358.67559	0.971	0
1.3	1.7320508	1	1	1	313.70585	88.675532	358.1754	0.971	0
1.4	1.7320508	1	1	1	322.91099	179.41257	9.4463552	0.971	0
1.5	1.7320508	1	1	1	43.465151	89.904527	359.42101	0.971	0
1.6	1.7320508	1	1	1	43.468016	89.905099	359.41872	0.971	0
1.7	1.7320508	1	1	1	322.86	179.41027	9.3913512	0.971	0
1.8	1.7320508	1	1	1	43.465151	89.904527	359.42101	0.971	0
1.9	1.7320508	1	1	1	43.469735	89.903954	359.41757	0.971	0
2	1.7320508	1	1	1	133.46937	90.581763	269.90495	0.971	0
2.1	1.7320508	1	1	1	43.469735	89.906818	359.41814	0.971	0
2.2	1.7320508	1	1	1	322.74827	179.4097	9.2784785	0.971	0
2.3	1.7320508	1	1	1	133.46937	90.581763	269.90495	0.971	0
2.4	1.7320508	1	1	1	142.48257	0.59014653	350.98764	0.971	0
2.5	1.7320508	1	1	1	43.726993	91.803882	87.946157	0.971	0
2.6	1.7320508	1	1	1	92.403768	2.7364464	221.35651	0.971	0
2.7	1.7320508	1	1	1	92.443875	2.7347276	221.31583	0.971	0
2.8	1.7320508	1	1	1	43.726993	91.803882	87.946157	0.971	0
2.9	1.7320508	1	1	1	92.358505	2.7375923	221.40235	0.971	0
3	1.7320508	1	1	1	43.73215	91.823362	87.948449	0.971	0
3.1	1.7320508	1	1	1	43.744182	91.862896	87.957043	0.971	0
3.2	1.7320508	1	1	1	313.73164	87.094741	356.8553	0.971	0
3.3	1.7320508	1	1	1	86.338437	4.2725463	227.31413	0.971	0
3.4	1.7320508	1	1	1	86.314946	4.2714004	227.33877	0.971	0
3.5	1.7320508	1	1	1	313.73335	87.10792	356.85645	0.971	0
3.6	1.7320508	1	1	1	43.574013	93.1383	87.108492	0.971	0
3.7	1.7320508	1	1	1	86.299476	4.2696815	227.35366	0.971	0
3.8	1.7320508	1	1	1	43.574586	93.138873	87.105628	0.971	0
3.9	1.7320508	1	1	1	43.574013	93.1383	87.108492	0.971	0
4	1.7320508	1	1	1	86.463915	4.2175423	227.18063	0.971	0
4.1	1.7320508	1	1	1	43.555106	92.970424	87.201885	0.971	0
4.2	1.7320508	1	1	1	42.917404	91.820497	87.091877	0.971	0
4.3	1.7320508	1	1	1	100.8612	3.4337361	212.10325	0.971	0
4.4	1.7320508	1	1	1	42.962667	91.821643	357.11772	0.971	0
4.5	1.7320508	1	1	1	97.752902	2.9146363	215.51235	0.971	0
4.6	1.7320508	1	1	1	277.40898	177.18605	324.15889	0.971	0
4.7	1.7320508	1	1	1	277.52299	177.19866	324.29812	0.971	0
4.8	1.7320508	1	1	1	277.55222	177.1723	324.30672	0.971	0
4.9	1.7320508	1	1	1	133.26826	92.272561	271.62726	0.971	0
0.05	1.8186533	1	1	1	133.99936	92.175731	274.50694	0.971	0
0.15	1.8186533	1	1	1	133.81716	92.005563	274.38261	0.971	0
0.25	1.8186533	1	1	1	43.663968	94.3799	87.989129	0.971	0
0.35	1.8186533	1	1	1	133.8183	92.00499	274.38319	0.971	0
0.45	1.8186533	1	1	1	133.81773	92.005563	274.38319	0.971	0
0.55	1.8186533	1	1	1	133.81773	92.004417	274.38261	0.971	0
0.65	1.8186533	1	1	1	133.8183	92.00499	274.38319	0.971	0
0.75	1.8186533	1	1	1	84.090151	2.2162008	229.58304	0.971	0
0.85	1.8186533	1	1	1	79.759163	2.253443	233.92492	0.971	0
0.95	1.8186533	1	1	1	79.616496	2.2557348	234.06873	0.971	0
1.05	1.8186533	1	1	1	259.65301	177.74526	125.96821	0.971	0
1.15	1.8186533	1	1	1	79.759163	2.253443	233.92492	0.971	0
1.25	1.8186533	1	1	1	259.63754	177.74469	215.95295	0.971	0
1.35	1.8186533	1	1	1	79.666917	2.2545889	234.01774	0.971	0
1.45	1.8186533	1	1	1	133.706	91.32317	271.8255	0.971	0
1.55	1.8186533	1	1	1	133.46364	90.578325	269.90437	0.971	0
1.65	1.8186533	1	1	1	142.76905	0.58900061	350.6983	0.971	0
1.75	1.8186533	1	1	1	43.469162	89.904527	359.41757	0.971	0
1.85	1.8186533	1	1	1	133.46651	90.580617	269.90437	0.971	0
1.95	1.8186533	1	1	1	142.79827	0.58957357	350.6708	0.971	0
2.05	1.8186533	1	1	1	43.469162	89.904527	359.41757	0.971	0
2.15	1.8186533	1	1	1	142.68139	0.58957357	350.78711	0.971	0
2.25	1.8186533	1	1	1	142.79827	0.58957357	350.6708	0.971	0
2.35	1.8186533	1	1	1	43.470881	89.905099	359.41814	0.971	0
2.45	1.8186533	1	1	1	92.403768	2.7353005	221.35651	0.971	0
2.55	1.8186533	1	1	1	133.79137	92.053118	271.80545	0.971	0
2.65	1.8186533	1	1	1	133.79424	92.052545	1.8139844	0.971	0
2.75	1.8186533	1	1	1	43.727566	91.8056	87.946157	0.971	0
2.85	1.8186533	1	1	1	133.79424	92.051972	271.81175	0.971	0
2.95	1.8186533	1	1	1	133.79424	92.052545	1.8139844	0.971	0
3.05	1.8186533	1	1	1	43.73616	91.837113	87.951313	0.971	0
3.15	1.8186533	1	1	1	87.119379	4.3859919	226.47933	0.971	0
3.25	1.8186533	1	1	1	86.30406	4.2702544	227.35023	0.971	0
3.35	1.8186533	1	1	1	43.574586	93.139446	87.104482	0.971	0
3.45	1.8186533	1	1	1	43.574586	93.138873	87.108492	0.971	0
3.55	1.8186533	1	1	1	86.276558	4.2679626	227.37716	0.971	0
3.65	1.8186533	1	1	1	43.574586	93.139446	87.104482	0.971	0
3.75	1.8186533	1	1	1	43.574586	93.138873	87.108492	0.971	0
3.85	1.8186533	1	1	1	86.283433	4.2685356	227.37028	0.971	0
3.95	1.8186533	1	1	1	86.457612	4.2255637	227.18751	0.971	0
4.05	1.8186533	1	1	1	43.566565	93.071837	87.144589	0.971	0
4.15	1.8186533	1	1	1	43.55797	93.011677	87.177247	0.971	0
4.25	1.8186533	1	1	1	42.934592	91.818779	87.103909	0.971	0
4.35	1.8186533	1	1	1	100.72426	3.4257147	212.26711	0.971	0
4.45	1.8186533	1	1	1	97.739724	2.9232307	215.52953	0.971	0
4.55	1.8186533	1	1	1	97.553513	2.8665078	215.70085	0.971	0
4.65	1.8186533	1	1	1	97.408555	2.8052014	215.81487	0.971	0
4.75	1.8186533	1	1	1	97.65951	2.8000447	215.58396	0.971	0
4.85	1.8186533	1	1	1	277.59347	177.18319	324.35141	0.971	0
4.95	1.8186533	1	1	1	133.25738	92.270842	271.63012	0.971	0
0	1.9052559	1	1	1	133.92888	92.078328	274.42387	0.971	0
0.1	1.9052559	1	1	1	133.92545	92.077182	274.42272	0.971	0
0.2	1.9052559	1	1	1	133.81773	92.00499	274.38319	0.971	0
0.3	1.9052559	1	1	1	133.81773	92.004417	274.38319	0.971	0
0.4	1.9052559	1	1	1	133.8183	92.00499	274.38319	0.971	0
0.5	1.9052559	1	1	1	133.81773	92.00499	274.38319	0.971	0
0.6	1.9052559	1	1	1	133.81773	92.004417	274.38319	0.971	0
0.7	1.9052559	1	1	1	133.8183	92.00499	274.38319	0.971	0
0.8	1.9052559	1	1	1	80.001524	2.2517241	233.68198	0.971	0
0.9	1.9052559	1	1	1	80.325245	2.2482864	233.35712	0.971	0
1	1.9052559	1	1	1	259.64327	177.74526	125.95847	0.971	0
1.1	1.9052559	1	1	1	133.70486	91.327181	271.82035	0.971	0
1.2	1.9052559	1	1	1	79.634831	2.2545889	234.05039	0.971	0
1.3	1.9052559	1	1	1	259.64327	177.74526	125.95847	0.971	0
1.4	1.9052559	1	1	1	133.706	91.323743	271.82607	0.971	0
1.5	1.9052559	1	1	1	79.634831	2.2545889	234.05039	0.971	0
1.6	1.9052559	1	1	1	322.88635	179.41429	9.4222909	0.971	0
1.7	1.9052559	1	1	1	43.468589	89.905672	359.41757	0.971	0
1.8	1.9052559	1	1	1	142.69743	0.58957357	350.77164	0.971	0
1.9	1.9052559	1	1	1	133.46823	90.582336	269.90495	0.971	0
2	1.9052559	1	1	1	43.468589	89.905672	359.41757	0.971	0
2.1	1.9052559	1	1	1	142.69743	0.58957357	350.77164	0.971	0
2.2	1.9052559	1	1	1	142.72264	0.59014653	350.74643	0.971	0
2.3	1.9052559	1	1	1	43.469162	89.905672	359.41814	0.971	0
2.4	1.9052559	1	1	1	322.61535	179.41027	9.1449794	0.971	0
2.5	1.9052559	1	1	1	133.79882	92.048535	271.82665	0.971	0
2.6	1.9052559	1	1	1	43.727566	91.806173	87.945584	0.971	0
2.7	1.9052559	1	1	1	43.727566	91.809038	87.945584	0.971	0
2.8	1.9052559	1	1	1	133.81315	92.040513	271.87363	0.971	0
2.9	1.9052559	1	1	1	43.737306	91.840551	87.952459	0.971	0
3	1.9052559	1	1	1	43.737306	91.839405	87.953605	0.971	0
3.1	1.9052559	1	1	1	133.81315	92.040513	271.87363	0.971	0
3.2	1.9052559	1	1	1	86.446726	4.2834325	227.20412	0.971	0
3.3	1.9052559	1	1	1	43.574013	93.140592	87.099898	0.971	0
3.4	1.9052559	1	1	1	43.574013	93.139446	87.103336	0.971	0
3.5	1.9052559	1	1	1	86.299476	4.2702544	227.35424	0.971	0
3.6	1.9052559	1	1	1	43.574013	93.140592	87.099898	0.971	0
3.7	1.9052559	1	1	1	43.574013	93.139446	87.103336	0.971	0
3.8	1.9052559	1	1	1	86.290309	4.2696815	227.3634	0.971	0
3.9	1.9052559	1	1	1	88.130649	4.0061209	225.42795	0.971	0
4	1.9052559	1	1	1	43.566565	93.083869	87.134276	0.971	0
4.1	1.9052559	1	1	1	43.496664	92.90969	87.160632	0.971	0
4.2	1.9052559	1	1	1	88.130649	4.0061209	225.42795	0.971	0
4.3	1.9052559	1	1	1	42.972408	91.824508	87.122243	0.971	0
4.4	1.9052559	1	1	1	134.18843	91.209151	274.35969	0.971	0
4.5	1.9052559	1	1	1	97.566118	2.8602053	215.70314	0.971	0
4.6	1.9052559	1	1	1	97.416003	2.8120769	215.82747	0.971	0
4.7	1.9052559	1	1	1	97.654927	2.8006177	215.59772	0.971	0
4.8	1.9052559	1	1	1	277.98594	177.20897	324.7118	0.971	0
4.9	1.9052559	1	1	1	277.43705	177.19579	324.21734	0.971	0
0.05	1.9918584	1	1	1	133.95123	92.092079	274.43131	0.971	0
0.15	1.9918584	1	1	1	133.81773	92.006136	274.38261	0.971	0
0.25	1.9918584	1	1	1	133.81773	92.005563	274.38319	0.971	0
0.35	1.9918584	1	1	1	133.81716	92.006136	274.38204	0.971	0
0.45	1.9918584	1	1	1	133.81773	92.006136	274.38261	0.971	0
0.55	1.9918584	1	1	1	133.81773	92.005563	274.38319	0.971	0
0.65	1.9918584	1	1	1	133.81716	92.00499	274.38261	0.971	0
0.75	1.9918584	1	1	1	133.87216	91.988947	274.47199	0.971	0
0.85	1.9918584	1	1	1	313.70528	88.672667	358.17884	0.971	0
0.95	1.9918584	1	1	1	79.676657	2.253443	234.008	0.971	0
1.05	1.9918584	1	1	1	43.663395	91.824508	358.67559	0.971	0
1.15	1.9918584	1	1	1	313.70585	88.675532	358.1754	0.971	0
1.25	1.9918584	1	1	1	79.676657	2.253443	234.008	0.971	0
1.35	1.9918584	1	1	1	43.663395	91.824508	358.67559	0.971	0
1.45	1.9918584	1	1	1	259.66333	177.74526	215.97873	0.971	0
1.55	1.9918584	1	1	1	43.46687	89.906245	359.41986	0.971	0
1.65	1.9918584	1	1	1	43.465151	89.904527	359.42101	0.971	0
1.75	1.9918584	1	1	1	43.468016	89.905099	359.41872	0.971	0
1.85	1.9918584	1	1	1	43.46687	89.906245	359.41986	0.971	0
1.95	1.9918584	1	1	1	43.469735	89.906818	359.41814	0.971	0
2.05	1.9918584	1	1	1	43.468589	89.905672	359.41814	0.971	0
2.15	1.9918584	1	1	1	133.46937	90.582336	269.90495	0.971	0
2.25	1.9918584	1	1	1	43.469735	89.906818	359.41814	0.971	0
2.35	1.9918584	1	1	1	322.47898	179.41027	9.0091884	0.971	0
2.45	1.9918584	1	1	1	133.47166	90.583481	269.91297	0.971	0
2.55	1.9918584	1	1	1	313.80555	87.961627	358.15878	0.971	0
2.65	1.9918584	1	1	1	43.729858	91.812476	87.950167	0.971	0
2.75	1.9918584	1	1	1	91.987228	2.7479056	221.77993	0.971	0
2.85	1.9918584	1	1	1	313.80555	87.961627	358.15878	0.971	0
2.95	1.9918584	1	1	1	43.744182	91.862896	87.957043	0.971	0
3.05	1.9918584	1	1	1	91.120916	2.7702509	222.66114	0.971	0
3.15	1.9918584	1	1	1	86.520638	4.2885891	227.12964	0.971	0
3.25	1.9918584	1	1	1	86.314946	4.2714004	227.33877	0.971	0
3.35	1.9918584	1	1	1	313.73335	87.10792	356.85645	0.971	0
3.45	1.9918584	1	1	1	86.287444	4.2685356	227.36627	0.971	0
3.55	1.9918584	1	1	1	86.314946	4.2714004	227.33877	0.971	0
3.65	1.9918584	1	1	1	313.73335	87.10792	356.85645	0.971	0
3.75	1.9918584	1	1	1	86.287444	4.2685356	227.36627	0.971	0
3.85	1.9918584	1	1	1	86.299476	4.2696815	227.35366	0.971	0
3.95	1.9918584	1	1	1	43.555106	92.970424	87.201885	0.971	0
4.05	1.9918584	1	1	1	43.565992	93.071837	87.144589	0.971	0
4.15	1.9918584	1	1	1	86.746383	4.127588	226.88556	0.971	0
4.25	1.9918584	1	1	1	43.555106	92.970424	87.201885	0.971	0
4.35	1.9918584	1	1	1	134.22338	91.296241	274.27031	0.971	0
4.45	1.9918584	1	1	1	61.72016	4.4581846	252.48187	0.971	0
4.55	1.9918584	1	1	1	63.160003	4.4020347	251.08042	0.971	0
4.65	1.9918584	1	1	1	44.195672	94.134101	88.568962	0.971	0
4.75	1.9918584	1	1	1	277.40898	177.18605	324.15889	0.971	0
4.85	1.9918584	1	1	1	277.4233	177.19293	324.19155	0.971	0
4.95	1.9918584	1	1	1	278.95883	177.23246	325.58842	0.971	0
0	2.078461	1	1	1	133.85956	92.034211	274.39866	0.971	0
0.1	2.078461	1	1	1	133.92487	92.077182	274.42272	0.971	0
0.2	2.078461	1	1	1	133.81773	92.005563	274.38261	0.971	0
0.3	2.078461	1	1	1	133.81773	92.005563	274.38319	0.971	0
0.4	2.078461	1	1	1	133.81773	92.004417	274.38261	0.971	0
0.5	2.078461	1	1	1	133.81773	92.005563	274.38261	0.971	0
0.6	2.078461	1	1	1	133.81773	92.005563	274.38319	0.971	0
0.7	2.078461	1	1	1	133.81773	92.004417	274.38261	0.971	0
0.8	2.078461	1	1	1	133.82403	92.001552	274.39293	0.971	0
0.9	2.078461	1	1	1	134.16666	91.697884	275.10053	0.971	0
1	2.078461	1	1	1	79.759163	2.253443	233.92492	0.971	0
1.1	2.078461	1	1	1	259.63754	177.74469	215.95295	0.971	0
1.2	2.078461	1	1	1	79.666917	2.2545889	234.01774	0.971	0
1.3	2.078461	1	1	1	133.706	91.32317	271.8255	0.971	0
1.4	2.078461	1	1	1	259.63754	177.74469	215.95295	0.971	0
1.5	2.078461	1	1	1	79.666917	2.2545889	234.01774	0.971	0
1.6	2.078461	1	1	1	43.642768	91.614233	358.75867	0.971	0
1.7	2.078461	1	1	1	226.32177	176.97177	181.66601	0.971	0
1.8	2.078461	1	1	1	226.29369	176.97177	181.63851	0.971	0
1.9	2.078461	1	1	1	43.468589	89.905672	359.41814	0.971	0
2	2.078461	1	1	1	142.68139	0.58957357	350.78711	0.971	0
2.1	2.078461	1	1	1	142.65962	0.58957357	350.80945	0.971	0
2.2	2.078461	1	1	1	43.468589	89.909683	359.41814	0.971	0
2.3	2.078461	1	1	1	44.062746	92.648421	0.28361411	0.971	0
2.4	2.078461	1	1	1	44.062173	92.652432	0.28418707	0.971	0
2.5	2.078461	1	1	1	134.04863	89.71545	272.65457	0.971	0
2.6	2.078461	1	1	1	44.062746	92.648421	0.28361411	0.971	0
2.7	2.078461	1	1	1	224.06145	87.342832	179.71623	0.971	0
2.8	2.078461	1	1	1	224.06546	87.333092	179.72368	0.971	0
2.9	2.078461	1	1	1	218.04367	177.31955	173.9878	0.971	0
3	2.078461	1	1	1	44.063319	92.662172	0.28017636	0.971	0
3.1	2.078461	1	1	1	224.06603	87.329081	179.72597	0.971	0
3.2	2.078461	1	1	1	87.333092	3.9677327	226.34411	0.971	0
3.3	2.078461	1	1	1	224.3485	86.614603	180.15054	0.971	0
3.4	2.078461	1	1	1	86.30406	4.2702544	227.35023	0.971	0
3.5	2.078461	1	1	1	43.574586	93.139446	87.104482	0.971	0
3.6	2.078461	1	1	1	43.574586	93.138873	87.109065	0.971	0
3.7	2.078461	1	1	1	86.276558	4.2679626	227.37716	0.971	0
3.8	2.078461	1	1	1	86.287444	4.2679626	227.36627	0.971	0
3.9	2.078461	1	1	1	43.574586	93.138873	87.109065	0.971	0
4	2.078461	1	1	1	43.55797	93.011677	87.177247	0.971	0
4.1	2.078461	1	1	1	238.65239	175.4328	194.53292	0.971	0
4.2	2.078461	1	1	1	60.558774	4.4971457	253.60888	0.971	0
4.3	2.078461	1	1	1	134.25089	91.335775	274.2537	0.971	0
4.4	2.078461	1	1	1	238.65239	175.4328	194.53292	0.971	0
4.5	2.078461	1	1	1	44.20484	94.152436	88.546044	0.971	0
4.6	2.078461	1	1	1	44.222029	94.127798	88.528282	0.971	0
4.7	2.078461	1	1	1	134.33683	91.473858	274.09327	0.971	0
4.8	2.078461	1	1	1	97.327195	2.8120769	215.92487	0.971	0
4.9	2.078461	1	1	1	64.724177	2.6562323	248.97079	0.971	0
0.05	2.1650635	1	1	1	133.89336	92.05541	274.41069	0.971	0
0.15	2.1650635	1	1	1	133.92888	92.078328	274.42387	0.971	0
0.25	2.1650635	1	1	1	133.81773	92.00499	274.38319	0.971	0
0.35	2.1650635	1	1	1	133.81773	92.00499	274.38319	0.971	0
0.45	2.1650635	1	1	1	133.81773	92.004417	274.38319	0.971	0
0.55	2.1650635	1	1	1	133.8183	92.00499	274.38319	0.971	0
0.65	2.1650635	1	1	1	133.8183	92.00499	274.38376	0.971	0
0.75	2.1650635	1	1	1	133.81773	92.003271	274.38319	0.971	0
0.85	2.1650635	1	1	1	134.11739	91.619962	275.06042	0.971	0
0.95	2.1650635	1	1	1	134.09332	91.585585	275.03578	0.971	0
1.05	2.1650635	1	1	1	134.09562	91.591314	275.0375	0.971	0
1.15	2.1650635	1	1	1	134.07556	91.553499	275.01344	0.971	0
1.25	2.1650635	1	1	1	134.06869	91.546051	275.00484	0.971	0
1.35	2.1650635	1	1	1	79.634831	2.2545889	234.05039	0.971	0
1.45	2.1650635	1	1	1	44.65232	93.030011	359.9063	0.971	0
1.55	2.1650635	1	1	1	44.653466	93.027719	359.91146	0.971	0
1.65	2.1650635	1	1	1	44.654039	93.024855	359.91547	0.971	0
1.75	2.1650635	1	1	1	44.65232	93.030011	359.9063	0.971	0
1.85	2.1650635	1	1	1	44.653466	93.027719	359.91146	0.971	0
1.95	2.1650635	1	1	1	44.654039	93.024855	359.91547	0.971	0
2.05	2.1650635	1	1	1	226.24556	176.97406	181.58981	0.971	0
2.15	2.1650635	1	1	1	44.063892	92.645557	0.28476002	0.971	0
2.25	2.1650635	1	1	1	217.93252	177.33273	173.87722	0.971	0
2.35	2.1650635	1	1	1	37.933817	2.6728481	276.12097	0.971	0
2.45	2.1650635	1	1	1	37.942411	2.6728481	276.11295	0.971	0
2.55	2.1650635	1	1	1	217.95601	177.32528	173.90071	0.971	0
2.65	2.1650635	1	1	1	224.06145	87.33653	179.71623	0.971	0
2.75	2.1650635	1	1	1	134.04863	89.717169	272.66087	0.971	0
2.85	2.1650635	1	1	1	218.09295	177.31726	174.03593	0.971	0
2.95	2.1650635	1	1	1	224.06202	87.331373	179.71853	0.971	0
3.05	2.1650635	1	1	1	224.06259	87.329654	179.72082	0.971	0
3.15	2.1650635	1	1	1	218.09295	177.31726	174.03593	0.971	0
3.25	2.1650635	1	1	1	44.490746	93.742198	359.6416	0.971	0
3.35	2.1650635	1	1	1	134.51617	90.353725	273.74491	0.971	0
3.45	2.1650635	1	1	1	44.493611	93.745636	359.64561	0.971	0
3.55	2.1650635	1	1	1	44.494183	93.746209	359.64675	0.971	0
3.65	2.1650635	1	1	1	134.51731	90.350288	273.74663	0.971	0
3.75	2.1650635	1	1	1	134.51789	90.351434	273.7472	0.971	0
3.85	2.1650635	1	1	1	229.85577	176.23666	185.34955	0.971	0
3.95	2.1650635	1	1	1	134.51674	90.352007	273.74606	0.971	0
4.05	2.1650635	1	1	1	58.696088	4.5670466	255.42459	0.971	0
4.15	2.1650635	1	1	1	60.588568	4.4959998	253.58253	0.971	0
4.25	2.1650635	1	1	1	134.18843	91.209151	274.35969	0.971	0
4.35	2.1650635	1	1	1	58.696088	4.5670466	255.42459	0.971	0
4.45	2.1650635	1	1	1	63.849844	4.3779705	250.42381	0.971	0
4.55	2.1650635	1	1	1	44.228331	94.120923	88.523125	0.971	0
4.65	2.1650635	1	1	1	134.34886	91.481879	274.10416	0.971	0
4.75	2.1650635	1	1	1	44.248385	94.091129	88.511666	0.971	0
4.85	2.1650635	1	1	1	44.228331	94.107172	88.524271	0.971	0
4.95	2.1650635	1	1	1	64.780327	2.6676915	248.91865	0.971	0
0	2.251666	1	1	1	134.2973	91.874928	275.18876	0.971	0
0.1	2.251666	1	1	1	134.31105	91.884669	275.18991	0.971	0
0.2	2.251666	1	1	1	134.31219	91.866907	275.18819	0.971	0
0.3	2.251666	1	1	1	134.30704	91.873782	275.17616	0.971	0
0.4	2.251666	1	1	1	134.30704	91.874355	275.17731	0.971	0
0.5	2.251666	1	1	1	134.31219	91.866907	275.18819	0.971	0
0.6	2.251666	1	1	1	134.30073	91.864042	275.17329	0.971	0
0.7	2.251666	1	1	1	134.27896	91.850864	275.15439	0.971	0
0.8	2.251666	1	1	1	134.26464	91.829665	275.1498	0.971	0
0.9	2.251666	1	1	1	134.23313	91.788985	275.13777	0.971	0
1	2.251666	1	1	1	43.945863	95.018175	88.42916	0.971	0
1.1	2.251666	1	1	1	134.0641	91.527143	274.99912	0.971	0
1.2	2.251666	1	1	1	134.07041	91.543186	275.00599	0.971	0
1.3	2.251666	1	1	1	43.932112	94.999267	88.458954	0.971	0
1.4	2.251666	1	1	1	134.0641	91.527143	274.99912	0.971	0
1.5	2.251666	1	1	1	134.65769	90.087873	273.02871	0.971	0
1.6	2.251666	1	1	1	134.65769	90.085581	273.02699	0.971	0
1.7	2.251666	1	1	1	134.65711	90.086154	273.02642	0.971	0
1.8	2.251666	1	1	1	134.65711	90.083862	273.02585	0.971	0
1.9	2.251666	1	1	1	134.65769	90.085581	273.02699	0.971	0
2	2.251666	1	1	1	134.65711	90.083862	273.0247	0.971	0
2.1	2.251666	1	1	1	134.65711	90.083862	273.02585	0.971	0
2.2	2.251666	1	1	1	134.04978	89.714877	272.64942	0.971	0
2.3	2.251666	1	1	1	217.92794	177.32872	173.87321	0.971	0
2.4	2.251666	1	1	1	37.914909	2.6688374	276.14102	0.971	0
2.5	2.251666	1	1	1	134.04978	89.714877	272.64942	0.971	0
2.6	2.251666	1	1	1	217.97836	177.32299	173.92363	0.971	0
2.7	2.251666	1	1	1	44.0616	92.658735	0.28418707	0.971	0
2.8	2.251666	1	1	1	38.063878	2.6831614	275.99205	0.971	0
2.9	2.251666	1	1	1	224.06202	87.330227	179.72024	0.971	0
3	2.251666	1	1	1	224.06259	87.330227	179.71967	0.971	0
3.1	2.251666	1	1	1	38.113725	2.6871721	275.9422	0.971	0
3.2	2.251666	1	1	1	224.06202	87.330227	179.72024	0.971	0
3.3	2.251666	1	1	1	134.51559	90.353725	273.74434	0.971	0
3.4	2.251666	1	1	1	134.51789	90.351434	273.7472	0.971	0
3.5	2.251666	1	1	1	44.493611	93.745636	359.64618	0.971	0
3.6	2.251666	1	1	1	134.51731	90.350861	273.74663	0.971	0
3.7	2.251666	1	1	1	134.51789	90.351434	273.74663	0.971	0
3.8	2.251666	1	1	1	229.85921	176.23666	185.35299	0.971	0
3.9	2.251666	1	1	1	134.51789	90.350861	273.74778	0.971	0
4	2.251666	1	1	1	134.51789	90.350861	273.7472	0.971	0
4.1	2.251666	1	1	1	134.22797	91.28822	274.30641	0.971	0
4.2	2.251666	1	1	1	134.27724	91.385622	274.2176	0.971	0
4.3	2.251666	1	1	1	63.796559	4.3928674	250.47308	0.971	0
4.4	2.251666	1	1	1	64.081319	4.3733869	250.20838	0.971	0
4.5	2.251666	1	1	1	44.242655	94.103734	358.51402	0.971	0
4.6	2.251666	1	1	1	134.35287	91.483598	274.09843	0.971	0
4.7	2.251666	1	1	1	64.081319	4.3733869	250.20838	0.971	0
4.8	2.251666	1	1	1	64.325399	4.3476037	249.98091	0.971	0
4.9	2.251666	1	1	1	68.520023	2.6482109	245.13999	0.971	0
0.05	2.3382686	1	1	1	134.32193	91.894982	275.1922	0.971	0
0.15	2.3382686	1	1	1	134.29099	91.870345	275.18991	0.971	0
0.25	2.3382686	1	1	1	134.30704	91.872637	275.17616	0.971	0
0.35	2.3382686	1	1	1	134.31162	91.865761	275.18819	0.971	0
0.45	2.3382686	1	1	1	134.30646	91.871491	275.17616	0.971	0
0.55	2.3382686	1	1	1	134.29902	91.863469	275.17329	0.971	0
0.65	2.3382686	1	1	1	134.28297	91.853729	275.15782	0.971	0
0.75	2.3382686	1	1	1	134.25891	91.831384	275.14121	0.971	0
0.85	2.3382686	1	1	1	134.10249	91.605065	275.04266	0.971	0
0.95	2.3382686	1	1	1	134.07671	91.556937	275.01459	0.971	0
1.05	2.3382686	1	1	1	134.06811	91.539175	275.0037	0.971	0
1.15	2.3382686	1	1	1	134.06582	91.537456	275.00198	0.971	0
1.25	2.3382686	1	1	1	43.932112	94.99984	88.4601	0.971	0
1.35	2.3382686	1	1	1	134.06009	91.523705	274.99453	0.971	0
1.45	2.3382686	1	1	1	134.06582	91.537456	275.00198	0.971	0
1.55	2.3382686	1	1	1	226.32177	176.97177	181.66601	0.971	0
1.65	2.3382686	1	1	1	226.26791	176.97234	181.61272	0.971	0
1.75	2.3382686	1	1	1	134.65769	90.083289	273.02585	0.971	0
1.85	2.3382686	1	1	1	134.65769	90.080998	273.02413	0.971	0
1.95	2.3382686	1	1	1	134.65711	90.084435	273.02642	0.971	0
2.05	2.3382686	1	1	1	134.65769	90.083289	273.02585	0.971	0
2.15	2.3382686	1	1	1	46.195868	3.0257901	268.46052	0.971	0
2.25	2.3382686	1	1	1	44.062173	92.649567	0.28476002	0.971	0
2.35	2.3382686	1	1	1	134.04863	89.71545	272.65457	0.971	0
2.45	2.3382686	1	1	1	44.062746	92.648421	0.28361411	0.971	0
2.55	2.3382686	1	1	1	44.062173	92.649567	0.28476002	0.971	0
2.65	2.3382686	1	1	1	134.04863	89.71545	272.65457	0.971	0
2.75	2.3382686	1	1	1	218.04367	177.31955	173.9878	0.971	0
2.85	2.3382686	1	1	1	224.06145	87.342832	179.71623	0.971	0
2.95	2.3382686	1	1	1	224.06546	87.333092	179.72368	0.971	0
3.05	2.3382686	1	1	1	218.04367	177.31955	173.9878	0.971	0
3.15	2.3382686	1	1	1	224.06317	87.323925	179.72311	0.971	0
3.25	2.3382686	1	1	1	224.06603	87.329081	179.72597	0.971	0
3.35	2.3382686	1	1	1	134.51674	90.35258	273.74606	0.971	0
3.45	2.3382686	1	1	1	229.85577	176.23666	185.34955	0.971	0
3.55	2.3382686	1	1	1	134.51789	90.350861	273.7472	0.971	0
3.65	2.3382686	1	1	1	134.51674	90.35258	273.74606	0.971	0
3.75	2.3382686	1	1	1	229.84603	176.23552	185.33867	0.971	0
3.85	2.3382686	1	1	1	134.51789	90.350861	273.7472	0.971	0
3.95	2.3382686	1	1	1	134.51903	90.349142	273.74949	0.971	0
4.05	2.3382686	1	1	1	229.84603	176.23552	185.33867	0.971	0
4.15	2.3382686	1	1	1	134.26292	91.351245	274.25083	0.971	0
4.25	2.3382686	1	1	1	238.65239	175.4328	194.53292	0.971	0
4.35	2.3382686	1	1	1	44.234634	94.11462	88.519688	0.971	0
4.45	2.3382686	1	1	1	44.248385	94.093994	88.511666	0.971	0
4.55	2.3382686	1	1	1	134.35459	91.484744	274.09728	0.971	0
4.65	2.3382686	1	1	1	44.251822	94.0854	88.512239	0.971	0
4.75	2.3382686	1	1	1	64.319096	4.343593	249.98779	0.971	0
4.85	2.3382686	1	1	1	134.35688	91.48589	274.09098	0.971	0
4.95	2.3382686	1	1	1	44.251822	94.0854	88.512239	0.971	0
0	2.4248711	1	1	1	44.122907	95.173446	88.122628	0.971	0
0.1	2.4248711	1	1	1	134.31047	91.884669	275.19048	0.971	0
0.2	2.4248711	1	1	1	134.25776	91.909879	275.08105	0.971	0
0.3	2.4248711	1	1	1	44.122907	95.173446	88.122628	0.971	0
0.4	2.4248711	1	1	1	134.30646	91.874355	275.17731	0.971	0
0.5	2.4248711	1	1	1	134.2463	91.884096	275.08277	0.971	0
0.6	2.4248711	1	1	1	134.23542	91.869199	275.0799	0.971	0
0.7	2.4248711	1	1	1	134.15692	91.682415	275.0885	0.971	0
0.8	2.4248711	1	1	1	134.12598	91.644599	275.07016	0.971	0
0.9	2.4248711	1	1	1	134.09562	91.591314	275.0375	0.971	0
1	2.4248711	1	1	1	134.06983	91.542613	275.00599	0.971	0
1.1	2.4248711	1	1	1	134.06754	91.543186	275.0037	0.971	0
1.2	2.4248711	1	1	1	241.19231	174.76015	287.18937	0.971	0
1.3	2.4248711	1	1	1	43.930966	95.000413	88.456089	0.971	0
1.4	2.4248711	1	1	1	43.930966	94.99984	88.452651	0.971	0
1.5	2.4248711	1	1	1	226.30171	176.97005	181.6471	0.971	0
1.6	2.4248711	1	1	1	226.22379	176.97406	181.56861	0.971	0
1.7	2.4248711	1	1	1	44.653466	93.027719	359.91146	0.971	0
1.8	2.4248711	1	1	1	44.654039	93.024855	359.91547	0.971	0
1.9	2.4248711	1	1	1	226.22379	176.97406	181.56861	0.971	0
2	2.4248711	1	1	1	226.24556	176.97177	181.59095	0.971	0
2.1	2.4248711	1	1	1	44.653466	93.024282	359.91834	0.971	0
2.2	2.4248711	1	1	1	226.18311	176.97463	181.52793	0.971	0
2.3	2.4248711	1	1	1	44.063892	92.645557	0.28476002	0.971	0
2.4	2.4248711	1	1	1	217.93252	177.33273	173.87722	0.971	0
2.5	2.4248711	1	1	1	224.06145	87.339394	179.71509	0.971	0
2.6	2.4248711	1	1	1	134.04863	89.714877	272.65514	0.971	0
2.7	2.4248711	1	1	1	217.9371	177.32757	173.8818	0.971	0
2.8	2.4248711	1	1	1	224.06145	87.33653	179.71623	0.971	0
2.9	2.4248711	1	1	1	134.04863	89.717169	272.66087	0.971	0
3	2.4248711	1	1	1	217.99784	177.3207	173.94254	0.971	0
3.1	2.4248711	1	1	1	224.06202	87.331373	179.71853	0.971	0
3.2	2.4248711	1	1	1	224.06259	87.329654	179.72082	0.971	0
3.3	2.4248711	1	1	1	218.17832	177.31096	174.12016	0.971	0
3.4	2.4248711	1	1	1	44.494183	93.746209	359.6479	0.971	0
3.5	2.4248711	1	1	1	134.51617	90.353725	273.74491	0.971	0
3.6	2.4248711	1	1	1	44.493611	93.745636	359.64561	0.971	0
3.7	2.4248711	1	1	1	44.494183	93.746209	359.64675	0.971	0
3.8	2.4248711	1	1	1	134.51731	90.350288	273.74663	0.971	0
3.9	2.4248711	1	1	1	134.51789	90.351434	273.7472	0.971	0
4	2.4248711	1	1	1	229.85577	176.23666	185.34955	0.971	0
4.1	2.4248711	1	1	1	134.25662	91.352391	274.25828	0.971	0
4.2	2.4248711	1	1	1	58.696088	4.5670466	255.42459	0.971	0
4.3	2.4248711	1	1	1	63.967873	4.3751057	250.31781	0.971	0
4.4	2.4248711	1	1	1	44.228331	94.120923	88.523125	0.971	0
4.5	2.4248711	1	1	1	244.1843	175.63964	199.88664	0.971	0
4.6	2.4248711	1	1	1	44.248385	94.091129	88.511666	0.971	0
4.7	2.4248711	1	1	1	64.289302	4.343593	250.01586	0.971	0
4.8	2.4248711	1	1	1	244.31493	175.65568	110.0079	0.971	0
4.9	2.4248711	1	1	1	44.248385	94.091129	88.511666	0.971	0
0.05	2.5114737	1	1	1	44.086238	95.187197	88.146119	0.971	0
0.15	2.5114737	1	1	1	134.2973	91.874928	275.18876	0.971	0
0.25	2.5114737	1	1	1	134.30704	91.874355	275.17731	0.971	0
0.35	2.5114737	1	1	1	134.31219	91.866907	275.18819	0.971	0
0.45	2.5114737	1	1	1	134.30704	91.873782	275.17616	0.971	0
0.55	2.5114737	1	1	1	134.29844	91.863469	275.17272	0.971	0
0.65	2.5114737	1	1	1	134.28183	91.853156	275.15668	0.971	0
0.75	2.5114737	1	1	1	134.25834	91.831384	275.14064	0.971	0
0.85	2.5114737	1	1	1	134.23943	91.806746	275.13548	0.971	0
0.95	2.5114737	1	1	1	134.08645	91.567823	275.02146	0.971	0
1.05	2.5114737	1	1	1	134.07041	91.543186	275.00599	0.971	0
1.15	2.5114737	1	1	1	43.932112	94.999267	88.458954	0.971	0
1.25	2.5114737	1	1	1	134.0641	91.527143	274.99912	0.971	0
1.35	2.5114737	1	1	1	134.07041	91.543186	275.00599	0.971	0
1.45	2.5114737	1	1	1	43.932112	94.999267	88.458954	0.971	0
1.55	2.5114737	1	1	1	134.65711	90.086154	273.02642	0.971	0
1.65	2.5114737	1	1	1	134.65769	90.082716	273.02528	0.971	0
1.75	2.5114737	1	1	1	134.65769	90.085581	273.02699	0.971	0
1.85	2.5114737	1	1	1	134.65711	90.086154	273.02642	0.971	0
1.95	2.5114737	1	1	1	134.65769	90.082716	273.02528	0.971	0
2.05	2.5114737	1	1	1	134.65654	90.083862	273.02642	0.971	0
2.15	2.5114737	1	1	1	134.65711	90.083862	273.0247	0.971	0
2.25	2.5114737	1	1	1	37.914909	2.6688374	276.14102	0.971	0
2.35	2.5114737	1	1	1	134.04978	89.714877	272.64942	0.971	0
2.45	2.5114737	1	1	1	217.92794	177.32872	173.87321	0.971	0
2.55	2.5114737	1	1	1	37.914909	2.6688374	276.14102	0.971	0
2.65	2.5114737	1	1	1	38.008301	2.6791507	276.04705	0.971	0
2.75	2.5114737	1	1	1	217.97836	177.32299	173.92363	0.971	0
2.85	2.5114737	1	1	1	44.0616	92.658735	0.28418707	0.971	0
2.95	2.5114737	1	1	1	38.008301	2.6791507	276.04705	0.971	0
3.05	2.5114737	1	1	1	224.06145	87.331946	179.71795	0.971	0
3.15	2.5114737	1	1	1	224.06259	87.330227	179.71967	0.971	0
3.25	2.5114737	1	1	1	38.113725	2.6871721	275.9422	0.971	0
3.35	2.5114737	1	1	1	44.493611	93.745636	359.64618	0.971	0
3.45	2.5114737	1	1	1	134.51559	90.353725	273.74434	0.971	0
3.55	2.5114737	1	1	1	134.51789	90.351434	273.7472	0.971	0
3.65	2.5114737	1	1	1	44.493611	93.745636	359.64618	0.971	0
3.75	2.5114737	1	1	1	134.51674	90.352007	273.74606	0.971	0
3.85	2.5114737	1	1	1	134.51789	90.351434	273.74663	0.971	0
3.95	2.5114737	1	1	1	229.85921	176.23666	185.35299	0.971	0
4.05	2.5114737	1	1	1	134.51789	90.350861	273.74778	0.971	0
4.15	2.5114737	1	1	1	61.940175	4.4581846	252.27332	0.971	0
4.25	2.5114737	1	1	1	63.94209	4.3831271	250.34073	0.971	0
4.35	2.5114737	1	1	1	244.18716	175.64079	199.88893	0.971	0
4.45	2.5114737	1	1	1	134.3586	91.485317	274.08754	0.971	0
4.55	2.5114737	1	1	1	44.250103	94.08941	358.5123	0.971	0
4.65	2.5114737	1	1	1	64.325399	4.3476037	249.98091	0.971	0
4.75	2.5114737	1	1	1	134.3586	91.485317	274.08754	0.971	0
4.85	2.5114737	1	1	1	134.35975	91.483598	274.08066	0.971	0
4.95	2.5114737	1	1	1	64.325399	4.3476037	249.98091	0.971	0
0	2.5980762	1	1	1	134.29099	91.870345	275.18991	0.971	0
0.1	2.5980762	1	1	1	44.108583	95.18376	88.136379	0.971	0
0.2	2.5980762	1	1	1	134.31162	91.865761	275.18819	0.971	0
0.3	2.5980762	1	1	1	44.127491	95.175165	88.120909	0.971	0
0.4	2.5980762	1	1	1	134.30704	91.872637	275.17616	0.971	0
0.5	2.5980762	1	1	1	134.31162	91.865761	275.18819	0.971	0
0.6	2.5980762	1	1	1	134.30016	91.862896	275.17329	0.971	0
0.7	2.5980762	1	1	1	134.22396	90.698646	274.97161	0.971	0
0.8	2.5980762	1	1	1	43.984251	95.060574	88.348373	0.971	0
0.9	2.5980762	1	1	1	134.09275	91.58272	275.02948	0.971	0
1	2.5980762	1	1	1	134.07041	91.544905	275.00771	0.971	0
1.1	2.5980762	1	1	1	43.932112	94.99984	88.4601	0.971	0
1.2	2.5980762	1	1	1	134.06009	91.523705	274.99453	0.971	0
1.3	2.5980762	1	1	1	134.06582	91.537456	275.00198	0.971	0
1.4	2.5980762	1	1	1	43.932112	94.99984	88.4601	0.971	0
1.5	2.5980762	1	1	1	134.06009	91.523705	274.99453	0.971	0
1.6	2.5980762	1	1	1	134.65769	90.083862	273.02699	0.971	0
1.7	2.5980762	1	1	1	134.65769	90.080998	273.02413	0.971	0
1.8	2.5980762	1	1	1	134.65711	90.084435	273.02642	0.971	0
1.9	2.5980762	1	1	1	134.65769	90.083289	273.02585	0.971	0
2	2.5980762	1	1	1	134.65769	90.080998	273.02413	0.971	0
2.1	2.5980762	1	1	1	134.65711	90.084435	273.02642	0.971	0
2.2	2.5980762	1	1	1	37.901158	2.6688374	276.15592	0.971	0
2.3	2.5980762	1	1	1	134.04921	89.714305	272.65629	0.971	0
2.4	2.5980762	1	1	1	44.062746	92.653578	0.28533298	0.971	0
2.5	2.5980762	1	1	1	44.0616	92.658162	0.28476002	0.971	0
2.6	2.5980762	1	1	1	134.04921	89.714305	272.65629	0.971	0
2.7	2.5980762	1	1	1	224.06145	87.34054	179.71623	0.971	0
2.8	2.5980762	1	1	1	44.0616	92.658162	0.28476002	0.971	0
2.9	2.5980762	1	1	1	37.952724	2.6762859	276.10206	0.971	0
3	2.5980762	1	1	1	224.06202	87.331373	179.7191	0.971	0
3.1	2.5980762	1	1	1	224.06259	87.327935	179.72082	0.971	0
3.2	2.5980762	1	1	1	38.0719	2.6854532	275.98346	0.971	0
3.3	2.5980762	1	1	1	224.06317	87.323925	179.72311	0.971	0
3.4	2.5980762	1	1	1	224.10385	87.331946	179.68759	0.971	0
3.5	2.5980762	1	1	1	134.51674	90.35258	273.74606	0.971	0
3.6	2.5980762	1	1	1	229.85577	176.23666	185.34955	0.971	0
3.7	2.5980762	1	1	1	134.51789	90.350861	273.7472	0.971	0
3.8	2.5980762	1	1	1	134.51789	90.349715	273.7472	0.971	0
3.9	2.5980762	1	1	1	229.84603	176.23552	185.33867	0.971	0
4	2.5980762	1	1	1	134.51789	90.350861	273.7472	0.971	0
4.1	2.5980762	1	1	1	134.51903	90.349142	273.74949	0.971	0
4.2	2.5980762	1	1	1	63.498621	4.4071914	250.76014	0.971	0
4.3	2.5980762	1	1	1	244.01986	175.62532	199.73366	0.971	0
4.4	2.5980762	1	1	1	134.35459	91.484744	274.09728	0.971	0
4.5	2.5980762	1	1	1	44.252395	94.084254	88.512239	0.971	0
4.6	2.5980762	1	1	1	64.319096	4.343593	249.98779	0.971	0
4.7	2.5980762	1	1	1	134.35459	91.484744	274.09728	0.971	0
4.8	2.5980762	1	1	1	44.251822	94.0854	88.512239	0.971	0
4.9	2.5980762	1	1	1	64.319096	4.343593	249.98779	0.971	0
0.05	2.6846788	1	1	1	82.724219	2.2969878	230.2322	0.971	0
0.15	2.6846788	1	1	1	44.122907	95.173446	88.122628	0.971	0
0.25	2.6846788	1	1	1	134.30646	91.874355	275.17731	0.971	0
0.35	2.6846788	1	1	1	134.22281	90.691198	274.97333	0.971	0
0.45	2.6846788	1	1	1	232.10406	174.9773	277.92349	0.971	0
0.55	2.6846788	1	1	1	44.165306	94.970619	359.29897	0.971	0
0.65	2.6846788	1	1	1	134.22109	90.690625	274.97104	0.971	0
0.75	2.6846788	1	1	1	232.20948	174.97902	278.02261	0.971	0
0.85	2.6846788	1	1	1	44.165306	94.970619	359.29897	0.971	0
0.95	2.6846788	1	1	1	43.943571	95.018175	88.425149	0.971	0
1.05	2.6846788	1	1	1	241.19231	174.76015	287.18937	0.971	0
1.15	2.6846788	1	1	1	43.930966	95.000413	88.456089	0.971	0
1.25	2.6846788	1	1	1	43.930966	94.99984	88.452651	0.971	0
1.35	2.6846788	1	1	1	241.19231	174.76015	287.18937	0.971	0
1.45	2.6846788	1	1	1	43.930966	95.000413	88.456089	0.971	0
1.55	2.6846788	1	1	1	43.930966	94.99984	88.452651	0.971	0
1.65	2.6846788	1	1	1	134.65654	90.083862	273.02699	0.971	0
1.75	2.6846788	1	1	1	226.22379	176.97406	181.56861	0.971	0
1.85	2.6846788	1	1	1	226.24556	176.97177	181.59095	0.971	0
1.95	2.6846788	1	1	1	134.65654	90.083862	273.02699	0.971	0
2.05	2.6846788	1	1	1	134.11968	89.188329	272.26324	0.971	0
2.15	2.6846788	1	1	1	44.138377	92.237038	270.8383	0.971	0
2.25	2.6846788	1	1	1	23.495853	2.3984013	290.61794	0.971	0
2.35	2.6846788	1	1	1	134.09848	89.149368	92.23933	0.971	0
2.45	2.6846788	1	1	1	44.136658	92.237611	270.85033	0.971	0
2.55	2.6846788	1	1	1	217.93137	177.32643	173.8755	0.971	0
2.65	2.6846788	1	1	1	224.06145	87.339394	179.71509	0.971	0
2.75	2.6846788	1	1	1	37.991113	2.6785777	276.06424	0.971	0
2.85	2.6846788	1	1	1	218.05399	177.31439	173.99869	0.971	0
2.95	2.6846788	1	1	1	44.062173	92.667902	0.28304115	0.971	0
3.05	2.6846788	1	1	1	224.06259	87.3308	179.71853	0.971	0
3.15	2.6846788	1	1	1	218.05399	177.31439	173.99869	0.971	0
3.25	2.6846788	1	1	1	44.062173	92.674204	0.2796034	0.971	0
3.35	2.6846788	1	1	1	224.06546	87.318195	179.7254	0.971	0
3.45	2.6846788	1	1	1	216.11452	177.32643	171.96927	0.971	0
3.55	2.6846788	1	1	1	44.494183	93.746209	359.6479	0.971	0
3.65	2.6846788	1	1	1	134.51731	90.350861	273.7472	0.971	0
3.75	2.6846788	1	1	1	134.51846	90.349142	273.74835	0.971	0
3.85	2.6846788	1	1	1	44.494756	93.747354	359.64905	0.971	0
3.95	2.6846788	1	1	1	229.85004	176.23666	95.343615	0.971	0
4.05	2.6846788	1	1	1	134.51846	90.349142	273.74835	0.971	0
4.15	2.6846788	1	1	1	44.498767	93.753657	359.65592	0.971	0
4.25	2.6846788	1	1	1	134.32766	91.465264	274.13567	0.971	0
4.35	2.6846788	1	1	1	244.1843	175.63964	199.88664	0.971	0
4.45	2.6846788	1	1	1	44.252395	94.087118	358.51172	0.971	0
4.55	2.6846788	1	1	1	64.296178	4.344166	250.00956	0.971	0
4.65	2.6846788	1	1	1	244.1843	175.63964	199.88664	0.971	0
4.75	2.6846788	1	1	1	44.252395	94.087118	358.51172	0.971	0
4.85	2.6846788	1	1	1	64.296178	4.344166	250.00956	0.971	0
4.95	2.6846788	1	1	1	244.31493	175.65568	110.0079	0.971	0
0	2.7712813	1	1	1	132.90386	91.605065	271.50579	0.971	0
0.1	2.7712813	1	1	1	132.88954	91.497349	271.52012	0.971	0
0.2	2.7712813	1	1	1	44.131501	95.184333	88.129503	0.971	0
0.3	2.7712813	1	1	1	52.062383	5.0185373	262.12418	0.971	0
0.4	2.7712813	1	1	1	232.09718	174.98074	277.91146	0.971	0
0.5	2.7712813	1	1	1	44.152128	94.975776	359.30642	0.971	0
0.6	2.7712813	1	1	1	52.080145	5.0122348	262.11444	0.971	0
0.7	2.7712813	1	1	1	232.09718	174.98074	277.91146	0.971	0
0.8	2.7712813	1	1	1	44.152701	94.969473	359.29553	0.971	0
0.9	2.7712813	1	1	1	232.44726	174.98303	278.26383	0.971	0
1	2.7712813	1	1	1	232.83114	174.99506	278.64485	0.971	0
1.1	2.7712813	1	1	1	43.948728	93.178407	88.45036	0.971	0
1.2	2.7712813	1	1	1	43.950447	93.177261	88.446922	0.971	0
1.3	2.7712813	1	1	1	43.933831	93.172105	88.462965	0.971	0
1.4	2.7712813	1	1	1	43.948728	93.178407	88.45036	0.971	0
1.5	2.7712813	1	1	1	43.932685	93.170386	268.46224	0.971	0
1.6	2.7712813	1	1	1	43.930966	93.16924	88.464684	0.971	0
1.7	2.7712813	1	1	1	134.65482	90.089592	273.03215	0.971	0
1.8	2.7712813	1	1	1	134.65597	90.085581	273.02814	0.971	0
1.9	2.7712813	1	1	1	134.65654	90.083862	273.02642	0.971	0
2	2.7712813	1	1	1	134.11624	89.179735	272.26611	0.971	0
2.1	2.7712813	1	1	1	44.140669	92.238184	270.83486	0.971	0
2.2	2.7712813	1	1	1	23.193905	2.3915258	290.92219	0.971	0
2.3	2.7712813	1	1	1	134.09791	89.139628	92.2336	0.971	0
2.4	2.7712813	1	1	1	44.134939	92.238757	270.84345	0.971	0
2.5	2.7712813	1	1	1	23.099366	2.3932447	291.02016	0.971	0
2.6	2.7712813	1	1	1	218.1193	177.31554	174.06057	0.971	0
2.7	2.7712813	1	1	1	44.062746	92.664464	0.28304115	0.971	0
2.8	2.7712813	1	1	1	38.022625	2.6814425	276.0333	0.971	0
2.9	2.7712813	1	1	1	218.1193	177.31554	174.06057	0.971	0
3	2.7712813	1	1	1	224.06374	87.329654	179.71967	0.971	0
3.1	2.7712813	1	1	1	218.09409	177.31382	174.03822	0.971	0
3.2	2.7712813	1	1	1	44.062173	92.674204	0.27845749	0.971	0
3.3	2.7712813	1	1	1	44.201975	92.628368	0.42112398	0.971	0
3.4	2.7712813	1	1	1	314.23584	90.506132	357.36123	0.971	0
3.5	2.7712813	1	1	1	44.495329	93.747927	359.65019	0.971	0
3.6	2.7712813	1	1	1	134.51674	90.352007	273.74606	0.971	0
3.7	2.7712813	1	1	1	134.51789	90.351434	273.7472	0.971	0
3.8	2.7712813	1	1	1	44.495329	93.747927	359.65019	0.971	0
3.9	2.7712813	1	1	1	229.82827	176.23609	95.321842	0.971	0
4	2.7712813	1	1	1	44.173327	92.960683	269.97485	0.971	0
4.1	2.7712813	1	1	1	44.162441	92.954381	269.97026	0.971	0
4.2	2.7712813	1	1	1	44.180776	92.945786	269.97542	0.971	0
4.3	2.7712813	1	1	1	44.173327	92.960683	269.97485	0.971	0
4.4	2.7712813	1	1	1	44.250103	94.08941	358.5123	0.971	0
4.5	2.7712813	1	1	1	244.18716	175.64079	199.88893	0.971	0
4.6	2.7712813	1	1	1	134.3586	91.485317	274.08754	0.971	0
4.7	2.7712813	1	1	1	134.35975	91.483598	274.08066	0.971	0
4.8	2.7712813	1	1	1	64.320242	4.3453119	249.98664	0.971	0
4.9	2.7712813	1	1	1	134.35975	91.484744	274.08066	0.971	0
0.05	2.8578838	1	1	1	132.86777	91.464691	271.40724	0.971	0
0.15	2.8578838	1	1	1	42.646968	91.080236	358.26593	0.971	0
0.25	2.8578838	1	1	1	132.795	91.595325	271.33906	0.971	0
0.35	2.8578838	1	1	1	232.10234	174.98131	277.92177	0.971	0
0.45	2.8578838	1	1	1	44.149836	94.970619	359.30584	0.971	0
0.55	2.8578838	1	1	1	133.31697	94.744301	270.59307	0.971	0
0.65	2.8578838	1	1	1	232.15849	174.98131	277.97678	0.971	0
0.75	2.8578838	1	1	1	44.151555	94.968328	359.29496	0.971	0
0.85	2.8578838	1	1	1	232.13385	174.98131	277.95271	0.971	0
0.95	2.8578838	1	1	1	232.15849	174.98131	277.97678	0.971	0
1.05	2.8578838	1	1	1	44.151555	94.968328	359.29496	0.971	0
1.15	2.8578838	1	1	1	43.948155	93.177261	88.452078	0.971	0
1.25	2.8578838	1	1	1	43.943571	93.16924	88.449214	0.971	0
1.35	2.8578838	1	1	1	43.940706	93.16924	268.45365	0.971	0
1.45	2.8578838	1	1	1	43.934977	93.168667	268.45995	0.971	0
1.55	2.8578838	1	1	1	43.936123	93.16924	88.456662	0.971	0
1.65	2.8578838	1	1	1	43.932112	93.168094	268.46453	0.971	0
1.75	2.8578838	1	1	1	134.65138	90.094748	273.03903	0.971	0
1.85	2.8578838	1	1	1	203.84349	177.59801	159.71714	0.971	0
1.95	2.8578838	1	1	1	134.10249	89.150514	272.23803	0.971	0
2.05	2.8578838	1	1	1	44.134939	92.234746	270.85205	0.971	0
2.15	2.8578838	1	1	1	23.24146	2.3915258	290.87692	0.971	0
2.25	2.8578838	1	1	1	134.10077	89.146503	92.234173	0.971	0
2.35	2.8578838	1	1	1	44.134939	92.234746	270.85205	0.971	0
2.45	2.8578838	1	1	1	23.24146	2.3915258	290.87692	0.971	0
2.55	2.8578838	1	1	1	134.10077	89.146503	92.234173	0.971	0
2.65	2.8578838	1	1	1	224.06374	87.334238	179.71738	0.971	0
2.75	2.8578838	1	1	1	38.032938	2.6825884	276.02414	0.971	0
2.85	2.8578838	1	1	1	224.06202	87.331373	179.7191	0.971	0
2.95	2.8578838	1	1	1	224.06489	87.329081	179.72139	0.971	0
3.05	2.8578838	1	1	1	314.14073	90.379509	357.34518	0.971	0
3.15	2.8578838	1	1	1	314.15906	90.381227	357.31711	0.971	0
3.25	2.8578838	1	1	1	44.201975	92.669621	0.40278933	0.971	0
3.35	2.8578838	1	1	1	314.16078	90.395551	357.34862	0.971	0
3.45	2.8578838	1	1	1	213.18384	177.28403	78.918061	0.971	0
3.55	2.8578838	1	1	1	44.250676	92.63467	0.48816004	0.971	0
3.65	2.8578838	1	1	1	134.51789	90.349715	273.7472	0.971	0
3.75	2.8578838	1	1	1	44.15442	92.914847	0.000268879	0.971	0
3.85	2.8578838	1	1	1	134.16437	90.026567	272.96225	0.971	0
3.95	2.8578838	1	1	1	44.164733	92.957246	359.97219	0.971	0
4.05	2.8578838	1	1	1	44.171608	92.954381	269.97313	0.971	0
4.15	2.8578838	1	1	1	44.165879	92.952089	269.96855	0.971	0
4.25	2.8578838	1	1	1	44.164733	92.957246	359.97219	0.971	0
4.35	2.8578838	1	1	1	44.171608	92.954381	269.97313	0.971	0
4.45	2.8578838	1	1	1	44.20484	92.936046	269.98402	0.971	0
4.55	2.8578838	1	1	1	44.24552	92.906825	0.000572958	0.971	0
4.65	2.8578838	1	1	1	134.35918	91.482452	274.08009	0.971	0
4.75	2.8578838	1	1	1	134.35975	91.484744	274.08238	0.971	0
4.85	2.8578838	1	1	1	134.36032	91.484744	274.08124	0.971	0
4.95	2.8578838	1	1	1	134.35918	91.482452	274.08009	0.971	0
0	2.9444864	1	1	1	107.09613	2.7880126	205.85457	0.971	0
0.1	2.9444864	1	1	1	90.334245	2.3697534	222.5815	0.971	0
0.2	2.9444864	1	1	1	93.795483	2.267194	219.04348	0.971	0
0.3	2.9444864	1	1	1	43.262897	90.586346	265.25138	0.971	0
0.4	2.9444864	1	1	1	43.262897	90.586346	85.251536	0.971	0
0.5	2.9444864	1	1	1	133.31238	94.736853	270.58734	0.971	0
0.6	2.9444864	1	1	1	43.262897	90.586346	265.25138	0.971	0
0.7	2.9444864	1	1	1	43.262897	90.586346	85.251536	0.971	0
0.8	2.9444864	1	1	1	133.31181	94.748885	270.58849	0.971	0
0.9	2.9444864	1	1	1	146.20794	5.4665903	347.3528	0.971	0
1	2.9444864	1	1	1	43.616412	88.805593	84.672276	0.971	0
1.1	2.9444864	1	1	1	133.51005	95.313248	268.80315	0.971	0
1.2	2.9444864	1	1	1	43.93956	93.167521	268.45365	0.971	0
1.3	2.9444864	1	1	1	43.93956	93.168094	268.45365	0.971	0
1.4	2.9444864	1	1	1	43.93956	93.167521	268.45365	0.971	0
1.5	2.9444864	1	1	1	43.93956	93.167521	268.45365	0.971	0
1.6	2.9444864	1	1	1	43.93956	93.168094	268.45365	0.971	0
1.7	2.9444864	1	1	1	43.733296	89.138482	85.506502	0.971	0
1.8	2.9444864	1	1	1	313.66746	85.512232	90.859074	0.971	0
1.9	2.9444864	1	1	1	324.76909	175.45687	11.078712	0.971	0
2	2.9444864	1	1	1	43.733296	89.138482	85.506502	0.971	0
2.1	2.9444864	1	1	1	313.66746	85.512232	90.859074	0.971	0
2.2	2.9444864	1	1	1	133.64126	94.406256	269.10567	0.971	0
2.3	2.9444864	1	1	1	133.64011	94.39938	269.10395	0.971	0
2.4	2.9444864	1	1	1	313.65199	85.564371	90.879128	0.971	0
2.5	2.9444864	1	1	1	133.64126	94.406256	269.10567	0.971	0
2.6	2.9444864	1	1	1	133.64011	94.39938	269.10395	0.971	0
2.7	2.9444864	1	1	1	313.62908	85.651461	90.915797	0.971	0
2.8	2.9444864	1	1	1	132.85917	93.150905	268.01018	0.971	0
2.9	2.9444864	1	1	1	42.927717	87.949022	86.92973	0.971	0
3	2.9444864	1	1	1	132.74802	92.736084	267.81079	0.971	0
3.1	2.9444864	1	1	1	44.178484	92.695404	0.37700623	0.971	0
3.2	2.9444864	1	1	1	44.178484	92.695404	0.37700623	0.971	0
3.3	2.9444864	1	1	1	42.828022	87.769113	267.3719	0.971	0
3.4	2.9444864	1	1	1	42.828022	87.769113	267.3719	0.971	0
3.5	2.9444864	1	1	1	44.200829	92.675923	0.41482144	0.971	0
3.6	2.9444864	1	1	1	224.26141	177.06287	0.10198649	0.971	0
3.7	2.9444864	1	1	1	224.48028	177.05714	0.32372115	0.971	0
3.8	2.9444864	1	1	1	44.371571	2.9117715	269.7789	0.971	0
3.9	2.9444864	1	1	1	224.26141	177.06287	0.10198649	0.971	0
4	2.9444864	1	1	1	44.153274	92.952089	269.97026	0.971	0
4.1	2.9444864	1	1	1	44.152128	92.952089	269.96511	0.971	0
4.2	2.9444864	1	1	1	44.170462	92.950943	269.96969	0.971	0
4.3	2.9444864	1	1	1	44.163587	92.951516	269.97084	0.971	0
4.4	2.9444864	1	1	1	44.256406	92.891355	270.00464	0.971	0
4.5	2.9444864	1	1	1	44.231196	92.910263	269.99433	0.971	0
4.6	2.9444864	1	1	1	44.431731	92.738376	0.15126086	0.971	0
4.7	2.9444864	1	1	1	44.39277	92.775045	270.1135	0.971	0
4.8	2.9444864	1	1	1	44.440325	92.741814	270.15189	0.971	0
4.9	2.9444864	1	1	1	134.3586	91.481879	274.07894	0.971	0
0.05	3.0310889	1	1	1	42.885318	88.441192	83.343014	0.971	0
0.15	3.0310889	1	1	1	42.891048	88.452651	83.34416	0.971	0
0.25	3.0310889	1	1	1	42.898496	88.462392	83.347025	0.971	0
0.35	3.0310889	1	1	1	126.22948	4.7870624	277.05833	0.971	0
0.45	3.0310889	1	1	1	43.265762	90.582336	85.259558	0.971	0
0.55	3.0310889	1	1	1	133.31009	94.751176	270.58906	0.971	0
0.65	3.0310889	1	1	1	133.31295	94.751749	270.59593	0.971	0
0.75	3.0310889	1	1	1	43.266335	90.586346	85.254401	0.971	0
0.85	3.0310889	1	1	1	326.13617	174.52982	12.575851	0.971	0
0.95	3.0310889	1	1	1	146.15237	5.4814872	347.40952	0.971	0
1.05	3.0310889	1	1	1	43.620423	88.810177	84.678578	0.971	0
1.15	3.0310889	1	1	1	133.49802	95.313248	268.80945	0.971	0
1.25	3.0310889	1	1	1	133.5175	95.314394	268.80487	0.971	0
1.35	3.0310889	1	1	1	43.620423	88.810177	84.678578	0.971	0
1.45	3.0310889	1	1	1	133.51005	95.313248	268.80888	0.971	0
1.55	3.0310889	1	1	1	133.5175	95.314394	268.80487	0.971	0
1.65	3.0310889	1	1	1	43.628444	88.811323	84.6866	0.971	0
1.75	3.0310889	1	1	1	43.743036	89.147076	85.471552	0.971	0
1.85	3.0310889	1	1	1	313.67377	85.506502	90.852199	0.971	0
1.95	3.0310889	1	1	1	324.67398	175.44311	10.981309	0.971	0
2.05	3.0310889	1	1	1	43.738452	89.149368	85.499627	0.971	0
2.15	3.0310889	1	1	1	313.66059	85.539161	90.867096	0.971	0
2.25	3.0310889	1	1	1	133.63267	94.393651	269.09822	0.971	0
2.35	3.0310889	1	1	1	133.64871	94.42058	269.11484	0.971	0
2.45	3.0310889	1	1	1	313.63939	85.626824	90.904911	0.971	0
2.55	3.0310889	1	1	1	133.61949	94.30828	269.06957	0.971	0
2.65	3.0310889	1	1	1	313.12373	85.154133	1.3338457	0.971	0
2.75	3.0310889	1	1	1	148.55764	5.0248399	344.62208	0.971	0
2.85	3.0310889	1	1	1	132.96116	93.333679	268.16717	0.971	0
2.95	3.0310889	1	1	1	42.958657	88.000015	86.855245	0.971	0
3.05	3.0310889	1	1	1	132.80302	92.988758	267.90189	0.971	0
3.15	3.0310889	1	1	1	132.74114	92.5493	357.79839	0.971	0
3.25	3.0310889	1	1	1	42.8412	87.816095	267.36961	0.971	0
3.35	3.0310889	1	1	1	42.830314	87.782864	267.38737	0.971	0
3.45	3.0310889	1	1	1	42.833179	87.761664	267.50311	0.971	0
3.55	3.0310889	1	1	1	132.75661	91.823362	357.27356	0.971	0
3.65	3.0310889	1	1	1	222.84449	92.699415	91.837686	0.971	0
3.75	3.0310889	1	1	1	42.842919	87.394971	268.0394	0.971	0
3.85	3.0310889	1	1	1	44.151555	92.949224	269.96568	0.971	0
3.95	3.0310889	1	1	1	44.15843	92.949797	269.9674	0.971	0
4.05	3.0310889	1	1	1	44.152128	92.949224	269.96568	0.971	0
4.15	3.0310889	1	1	1	44.151555	92.949224	269.96568	0.971	0
4.25	3.0310889	1	1	1	44.176192	92.952662	269.97084	0.971	0
4.35	3.0310889	1	1	1	44.225466	92.920003	269.99204	0.971	0
4.45	3.0310889	1	1	1	44.278178	92.871302	270.01553	0.971	0
4.55	3.0310889	1	1	1	44.378446	92.759002	0.13120734	0.971	0
4.65	3.0310889	1	1	1	44.376727	92.799682	270.08944	0.971	0
4.75	3.0310889	1	1	1	44.404802	92.760721	270.12153	0.971	0
4.85	3.0310889	1	1	1	44.246666	93.938149	359.33449	0.971	0
4.95	3.0310889	1	1	1	54.305513	4.0582601	259.93491	0.971	0
0	3.1176915	1	1	1	42.885318	88.441192	83.343014	0.971	0
0.1	3.1176915	1	1	1	42.886464	88.440619	83.344733	0.971	0
0.2	3.1176915	1	1	1	42.890475	88.448068	83.347025	0.971	0
0.3	3.1176915	1	1	1	132.8036	97.820511	269.32225	0.971	0
0.4	3.1176915	1	1	1	132.8036	97.819938	269.3234	0.971	0
0.5	3.1176915	1	1	1	42.89735	89.32985	82.178764	0.971	0
0.6	3.1176915	1	1	1	133.31066	94.75576	270.59307	0.971	0
0.7	3.1176915	1	1	1	133.31697	94.744301	270.59307	0.971	0
0.8	3.1176915	1	1	1	43.194142	89.264533	83.098934	0.971	0
0.9	3.1176915	1	1	1	43.229093	89.254219	83.209515	0.971	0
1	3.1176915	1	1	1	146.15638	5.4763306	347.4078	0.971	0
1.1	3.1176915	1	1	1	133.51349	95.314394	268.80487	0.971	0
1.2	3.1176915	1	1	1	133.50432	95.313821	268.80716	0.971	0
1.3	3.1176915	1	1	1	43.632455	88.803875	84.684308	0.971	0
1.4	3.1176915	1	1	1	133.51349	95.314394	268.80487	0.971	0
1.5	3.1176915	1	1	1	133.51865	95.31554	268.80086	0.971	0
1.6	3.1176915	1	1	1	43.632455	88.803875	84.684308	0.971	0
1.7	3.1176915	1	1	1	43.743609	89.150514	85.481865	0.971	0
1.8	3.1176915	1	1	1	43.744755	89.148222	85.475563	0.971	0
1.9	3.1176915	1	1	1	313.6709	85.503638	90.856209	0.971	0
2	3.1176915	1	1	1	324.52272	175.43681	10.823746	0.971	0
2.1	3.1176915	1	1	1	43.731004	89.139628	85.525983	0.971	0
2.2	3.1176915	1	1	1	324.44881	175.42822	10.746396	0.971	0
2.3	3.1176915	1	1	1	133.63668	94.393651	269.09937	0.971	0
2.4	3.1176915	1	1	1	133.64126	94.3799	269.0988	0.971	0
2.5	3.1176915	1	1	1	133.6384	94.369014	269.09536	0.971	0
2.6	3.1176915	1	1	1	313.1243	85.15356	1.3338457	0.971	0
2.7	3.1176915	1	1	1	148.55764	5.0236939	344.62265	0.971	0
2.8	3.1176915	1	1	1	223.23639	91.331191	184.84535	0.971	0
2.9	3.1176915	1	1	1	132.92621	93.229401	268.10758	0.971	0
3	3.1176915	1	1	1	42.964386	88.000015	86.856391	0.971	0
3.1	3.1176915	1	1	1	132.76349	92.56878	357.86027	0.971	0
3.2	3.1176915	1	1	1	132.75432	92.568207	357.83965	0.971	0
3.3	3.1176915	1	1	1	42.839481	87.816095	267.39138	0.971	0
3.4	3.1176915	1	1	1	132.76349	92.56878	357.86027	0.971	0
3.5	3.1176915	1	1	1	132.75489	91.807892	357.2432	0.971	0
3.6	3.1176915	1	1	1	132.75661	91.791849	357.20538	0.971	0
3.7	3.1176915	1	1	1	222.84449	92.729208	91.823362	0.971	0
3.8	3.1176915	1	1	1	132.75203	91.846853	357.33544	0.971	0
3.9	3.1176915	1	1	1	132.61796	92.364807	357.65573	0.971	0
4	3.1176915	1	1	1	132.6191	92.367099	357.65974	0.971	0
4.1	3.1176915	1	1	1	133.04309	92.96584	358.50084	0.971	0
4.2	3.1176915	1	1	1	133.07403	93.004228	268.56079	0.971	0
4.3	3.1176915	1	1	1	44.165879	92.952089	269.96855	0.971	0
4.4	3.1176915	1	1	1	44.208278	92.933181	269.98459	0.971	0
4.5	3.1176915	1	1	1	133.07403	93.004228	268.56079	0.971	0
4.6	3.1176915	1	1	1	44.231769	92.913701	269.99834	0.971	0
4.7	3.1176915	1	1	1	44.295367	92.859843	270.03615	0.971	0
4.8	3.1176915	1	1	1	234.35578	175.92497	100.12839	0.971	0
4.9	3.1176915	1	1	1	54.382862	4.0788865	259.84094	0.971	0
0.05	3.204294	1	1	1	42.931728	88.479008	83.35963	0.971	0
0.15	3.204294	1	1	1	42.904799	88.453797	83.351608	0.971	0
0.25	3.204294	1	1	1	132.80474	97.820511	269.3234	0.971	0
0.35	3.204294	1	1	1	132.80302	97.819938	269.3234	0.971	0
0.45	3.204294	1	1	1	42.896204	89.32985	82.179337	0.971	0
0.55	3.204294	1	1	1	132.80474	97.819365	269.32397	0.971	0
0.65	3.204294	1	1	1	133.13648	96.804084	359.24396	0.971	0
0.75	3.204294	1	1	1	43.229093	89.254219	263.21108	0.971	0
0.85	3.204294	1	1	1	43.19758	89.269116	83.11956	0.971	0
0.95	3.204294	1	1	1	133.13648	96.804084	359.24396	0.971	0
1.05	3.204294	1	1	1	133.14852	96.754237	269.25464	0.971	0
1.15	3.204294	1	1	1	43.619277	88.807885	84.676287	0.971	0
1.25	3.204294	1	1	1	133.52037	95.314394	268.79685	0.971	0
1.35	3.204294	1	1	1	133.51922	95.314967	268.80086	0.971	0
1.45	3.204294	1	1	1	43.62959	88.803302	84.684308	0.971	0
1.55	3.204294	1	1	1	133.52037	95.314394	268.79685	0.971	0
1.65	3.204294	1	1	1	313.47151	85.127777	1.1825849	0.971	0
1.75	3.204294	1	1	1	223.57673	91.170763	184.86884	0.971	0
1.85	3.204294	1	1	1	133.47739	94.865195	268.82664	0.971	0
1.95	3.204294	1	1	1	313.67205	85.502492	90.852199	0.971	0
2.05	3.204294	1	1	1	324.70263	175.45687	11.01053	0.971	0
2.15	3.204294	1	1	1	133.63267	94.377035	269.09192	0.971	0
2.25	3.204294	1	1	1	313.64741	85.574684	90.884857	0.971	0
2.35	3.204294	1	1	1	133.63438	94.370733	269.09135	0.971	0
2.45	3.204294	1	1	1	133.63267	94.377035	269.09192	0.971	0
2.55	3.204294	1	1	1	313.12373	85.15356	1.3344187	0.971	0
2.65	3.204294	1	1	1	148.55077	5.0248399	344.6301	0.971	0
2.75	3.204294	1	1	1	223.23696	91.331191	184.84478	0.971	0
2.85	3.204294	1	1	1	313.12373	85.155279	1.3349917	0.971	0
2.95	3.204294	1	1	1	148.68312	5.0150996	344.49489	0.971	0
3.05	3.204294	1	1	1	223.23582	91.33291	184.84306	0.971	0
3.15	3.204294	1	1	1	42.829168	87.811512	267.46128	0.971	0
3.25	3.204294	1	1	1	132.75146	92.572791	357.83621	0.971	0
3.35	3.204294	1	1	1	132.63744	92.375121	267.63202	0.971	0
3.45	3.204294	1	1	1	132.64431	92.372256	357.6265	0.971	0
3.55	3.204294	1	1	1	42.733484	87.638478	267.60911	0.971	0
3.65	3.204294	1	1	1	222.72245	92.363088	182.38049	0.971	0
3.75	3.204294	1	1	1	222.84048	92.728063	91.819351	0.971	0
3.85	3.204294	1	1	1	132.61738	92.369964	357.64369	0.971	0
3.95	3.204294	1	1	1	132.61796	92.36538	357.67291	0.971	0
4.05	3.204294	1	1	1	132.62082	92.372256	357.66317	0.971	0
4.15	3.204294	1	1	1	133.02075	92.936046	358.46016	0.971	0
4.25	3.204294	1	1	1	133.04309	92.968132	268.50521	0.971	0
4.35	3.204294	1	1	1	339.18529	176.17478	205.97031	0.971	0
4.45	3.204294	1	1	1	338.6616	176.60622	205.5446	0.971	0
4.55	3.204294	1	1	1	43.318474	88.222322	86.491417	0.971	0
4.65	3.204294	1	1	1	340.18567	176.07108	206.92027	0.971	0
4.75	3.204294	1	1	1	341.0686	176.12608	207.76939	0.971	0
4.85	3.204294	1	1	1	43.318474	88.222322	86.491417	0.971	0
4.95	3.204294	1	1	1	340.18567	176.07108	206.92027	0.971	0
0	3.2908965	1	1	1	42.90308	88.457235	83.349889	0.971	0
0.1	3.2908965	1	1	1	42.920841	88.472132	83.350462	0.971	0
0.2	3.2908965	1	1	1	132.80474	97.821084	359.32189	0.971	0
0.3	3.2908965	1	1	1	132.80417	97.821084	269.32282	0.971	0
0.4	3.2908965	1	1	1	137.77572	7.8512407	355.07455	0.971	0
0.5	3.2908965	1	1	1	132.8036	97.819938	359.32246	0.971	0
0.6	3.2908965	1	1	1	132.8036	97.820511	269.32282	0.971	0
0.7	3.2908965	1	1	1	43.23253	89.251928	83.22212	0.971	0
0.8	3.2908965	1	1	1	43.235968	89.260522	83.238736	0.971	0
0.9	3.2908965	1	1	1	43.243417	89.261668	83.277124	0.971	0
1	3.2908965	1	1	1	43.23253	89.251928	83.22212	0.971	0
1.1	3.2908965	1	1	1	43.235968	89.260522	83.238736	0.971	0
1.2	3.2908965	1	1	1	43.243417	89.261668	83.277124	0.971	0
1.3	3.2908965	1	1	1	319.52195	173.28765	6.312849	0.971	0
1.4	3.2908965	1	1	1	133.52208	95.314967	268.79685	0.971	0
1.5	3.2908965	1	1	1	313.47094	85.127204	1.1831578	0.971	0
1.6	3.2908965	1	1	1	223.56985	91.181649	184.874	0.971	0
1.7	3.2908965	1	1	1	147.21291	5.0202562	346.30314	0.971	0
1.8	3.2908965	1	1	1	313.4675	85.126058	1.1877415	0.971	0
1.9	3.2908965	1	1	1	223.57214	91.169044	184.8528	0.971	0
2	3.2908965	1	1	1	313.66804	85.513951	90.857355	0.971	0
2.1	3.2908965	1	1	1	324.88082	175.47176	11.199033	0.971	0
2.2	3.2908965	1	1	1	133.63553	94.453811	269.0965	0.971	0
2.3	3.2908965	1	1	1	313.6371	85.614219	90.904338	0.971	0
2.4	3.2908965	1	1	1	328.54603	174.97501	15.365582	0.971	0
2.5	3.2908965	1	1	1	313.12373	85.154133	1.3338457	0.971	0
2.6	3.2908965	1	1	1	148.55764	5.0248399	344.62208	0.971	0
2.7	3.2908965	1	1	1	328.55405	174.97558	15.373604	0.971	0
2.8	3.2908965	1	1	1	313.12373	85.154133	1.3338457	0.971	0
2.9	3.2908965	1	1	1	148.55764	5.0248399	344.62208	0.971	0
3	3.2908965	1	1	1	328.55405	174.97558	15.373604	0.971	0
3.1	3.2908965	1	1	1	313.12029	85.166738	1.3430131	0.971	0
3.2	3.2908965	1	1	1	132.7675	92.603731	267.8698	0.971	0
3.3	3.2908965	1	1	1	132.75031	92.508047	357.83449	0.971	0
3.4	3.2908965	1	1	1	132.66093	92.188336	357.48556	0.971	0
3.5	3.2908965	1	1	1	132.62254	92.38085	267.63947	0.971	0
3.6	3.2908965	1	1	1	132.61509	92.374548	357.63739	0.971	0
3.7	3.2908965	1	1	1	132.61681	92.371683	267.65208	0.971	0
3.8	3.2908965	1	1	1	132.61395	92.377985	357.6626	0.971	0
3.9	3.2908965	1	1	1	132.61509	92.374548	357.63739	0.971	0
4	3.2908965	1	1	1	132.61681	92.371683	267.65208	0.971	0
4.1	3.2908965	1	1	1	132.61395	92.377985	357.6626	0.971	0
4.2	3.2908965	1	1	1	133.0047	92.917139	358.43208	0.971	0
4.3	3.2908965	1	1	1	133.06486	93.117674	268.43359	0.971	0
4.4	3.2908965	1	1	1	339.08387	176.15587	205.86488	0.971	0
4.5	3.2908965	1	1	1	43.317328	88.232636	86.497146	0.971	0
4.6	3.2908965	1	1	1	340.20859	176.07681	206.93918	0.971	0
4.7	3.2908965	1	1	1	340.28823	176.08024	207.02054	0.971	0
4.8	3.2908965	1	1	1	340.40855	176.08368	207.12825	0.971	0
4.9	3.2908965	1	1	1	43.315609	88.225187	86.48225	0.971	0
0.05	3.3774991	1	1	1	324.52902	172.99888	11.66714	0.971	0
0.15	3.3774991	1	1	1	132.8036	97.820511	269.32225	0.971	0
0.25	3.3774991	1	1	1	132.8036	97.819938	269.3234	0.971	0
0.35	3.3774991	1	1	1	42.89735	89.32985	82.178764	0.971	0
0.45	3.3774991	1	1	1	132.8036	97.820511	269.32225	0.971	0
0.55	3.3774991	1	1	1	132.8036	97.819938	269.3234	0.971	0
0.65	3.3774991	1	1	1	42.89735	89.32985	82.178764	0.971	0
0.75	3.3774991	1	1	1	43.229093	89.254219	83.209515	0.971	0
0.85	3.3774991	1	1	1	43.239406	89.268543	83.219828	0.971	0
0.95	3.3774991	1	1	1	133.15826	96.7084	269.27928	0.971	0
1.05	3.3774991	1	1	1	43.229093	89.254219	83.209515	0.971	0
1.15	3.3774991	1	1	1	43.239406	89.268543	83.219828	0.971	0
1.25	3.3774991	1	1	1	133.15826	96.7084	269.27928	0.971	0
1.35	3.3774991	1	1	1	43.246281	89.263387	83.292021	0.971	0
1.45	3.3774991	1	1	1	43.629017	88.793561	84.733582	0.971	0
1.55	3.3774991	1	1	1	313.49615	85.15929	1.1459156	0.971	0
1.65	3.3774991	1	1	1	223.59563	91.137532	184.83962	0.971	0
1.75	3.3774991	1	1	1	133.48599	95.004997	268.802	0.971	0
1.85	3.3774991	1	1	1	313.49615	85.15929	1.1459156	0.971	0
1.95	3.3774991	1	1	1	223.59563	91.137532	184.83962	0.971	0
2.05	3.3774991	1	1	1	313.65199	85.534577	90.879128	0.971	0
2.15	3.3774991	1	1	1	325.25668	175.43166	11.596093	0.971	0
2.25	3.3774991	1	1	1	313.22399	85.196532	1.2576424	0.971	0
2.35	3.3774991	1	1	1	313.56777	85.45952	90.975958	0.971	0
2.45	3.3774991	1	1	1	313.1243	85.15356	1.3338457	0.971	0
2.55	3.3774991	1	1	1	148.55764	5.0236939	344.62265	0.971	0
2.65	3.3774991	1	1	1	223.23639	91.331191	184.84535	0.971	0
2.75	3.3774991	1	1	1	313.1243	85.15356	1.3338457	0.971	0
2.85	3.3774991	1	1	1	148.55764	5.0236939	344.62265	0.971	0
2.95	3.3774991	1	1	1	223.23639	91.331191	184.84535	0.971	0
3.05	3.3774991	1	1	1	313.12144	85.166166	1.3424401	0.971	0
3.15	3.3774991	1	1	1	42.805677	87.742757	267.5753	0.971	0
3.25	3.3774991	1	1	1	132.7463	92.502317	357.83735	0.971	0
3.35	3.3774991	1	1	1	132.65749	92.304074	357.58239	0.971	0
3.45	3.3774991	1	1	1	42.805677	87.742757	267.5753	0.971	0
3.55	3.3774991	1	1	1	222.77917	92.305793	182.39882	0.971	0
3.65	3.3774991	1	1	1	132.65749	92.304074	357.58239	0.971	0
3.75	3.3774991	1	1	1	132.61796	92.364807	357.65573	0.971	0
3.85	3.3774991	1	1	1	132.6191	92.367099	357.65974	0.971	0
3.95	3.3774991	1	1	1	132.64661	92.249643	357.56692	0.971	0
4.05	3.3774991	1	1	1	132.61796	92.364807	357.65573	0.971	0
4.15	3.3774991	1	1	1	132.6191	92.367099	357.65974	0.971	0
4.25	3.3774991	1	1	1	133.01731	93.002509	358.39312	0.971	0
4.35	3.3774991	1	1	1	133.08893	93.176688	268.44391	0.971	0
4.45	3.3774991	1	1	1	339.53823	176.11462	206.30491	0.971	0
4.55	3.3774991	1	1	1	340.37933	176.15244	207.11106	0.971	0
4.65	3.3774991	1	1	1	133.17831	93.408736	268.29494	0.971	0
4.75	3.3774991	1	1	1	340.15129	176.06649	206.8836	0.971	0
4.85	3.3774991	1	1	1	340.9987	176.12837	207.69777	0.971	0
4.95	3.3774991	1	1	1	133.36739	93.171532	358.11638	0.971	0
0	3.4641016	1	1	1	42.934019	88.512812	83.283426	0.971	0
0.1	3.4641016	1	1	1	42.936311	88.560368	83.187742	0.971	0
0.2	3.4641016	1	1	1	132.80302	97.819938	269.3234	0.971	0
0.3	3.4641016	1	1	1	101.73668	138.72798	290.00259	0.143	0
0.4	3.4641016	1	1	1	132.80474	97.819365	269.32397	0.971	0
0.5	3.4641016	1	1	1	132.80302	97.819938	269.3234	0.971	0
0.6	3.4641016	1	1	1	42.896204	89.32985	82.179337	0.971	0
0.7	3.4641016	1	1	1	132.80474	97.819365	269.32397	0.971	0
0.8	3.4641016	1	1	1	133.13648	96.804084	359.24396	0.971	0
0.9	3.4641016	1	1	1	133.14852	96.754237	269.25464	0.971	0
1	3.4641016	1	1	1	43.239979	89.298337	83.294312	0.971	0
1.1	3.4641016	1	1	1	43.249719	89.270835	83.31322	0.971	0
1.2	3.4641016	1	1	1	133.14852	96.754237	269.25464	0.971	0
1.3	3.4641016	1	1	1	43.239979	89.298337	83.294312	0.971	0
1.4	3.4641016	1	1	1	43.249719	89.270835	83.31322	0.971	0
1.5	3.4641016	1	1	1	313.47151	85.127777	1.1825849	0.971	0
1.6	3.4641016	1	1	1	223.57673	91.170763	184.86884	0.971	0
1.7	3.4641016	1	1	1	133.47739	94.865195	268.82664	0.971	0
1.8	3.4641016	1	1	1	313.47151	85.127777	1.1825849	0.971	0
1.9	3.4641016	1	1	1	223.57673	91.170763	184.86884	0.971	0
2	3.4641016	1	1	1	133.47739	94.865195	268.82664	0.971	0
2.1	3.4641016	1	1	1	313.61647	85.477282	90.936996	0.971	0
2.2	3.4641016	1	1	1	223.65408	91.008043	184.64367	0.971	0
2.3	3.4641016	1	1	1	313.53396	85.350658	91.033826	0.971	0
2.4	3.4641016	1	1	1	313.12373	85.154706	1.3349917	0.971	0
2.5	3.4641016	1	1	1	148.55077	5.0248399	344.6301	0.971	0
2.6	3.4641016	1	1	1	223.23696	91.331191	184.84478	0.971	0
2.7	3.4641016	1	1	1	313.12373	85.154706	1.3349917	0.971	0
2.8	3.4641016	1	1	1	148.55077	5.0248399	344.6301	0.971	0
2.9	3.4641016	1	1	1	223.23696	91.331191	184.84478	0.971	0
3	3.4641016	1	1	1	313.12373	85.155279	1.3349917	0.971	0
3.1	3.4641016	1	1	1	148.68312	5.0150996	344.49489	0.971	0
3.2	3.4641016	1	1	1	131.92812	95.923448	356.41527	0.971	0
3.3	3.4641016	1	1	1	132.64431	92.372256	357.6265	0.971	0
3.4	3.4641016	1	1	1	42.733484	87.638478	267.60911	0.971	0
3.5	3.4641016	1	1	1	222.72245	92.363088	182.38049	0.971	0
3.6	3.4641016	1	1	1	132.64431	92.372256	357.6265	0.971	0
3.7	3.4641016	1	1	1	132.61738	92.369964	357.64369	0.971	0
3.8	3.4641016	1	1	1	222.72245	92.363088	182.38049	0.971	0
3.9	3.4641016	1	1	1	132.62082	92.372256	357.66317	0.971	0
4	3.4641016	1	1	1	132.61738	92.369964	357.64369	0.971	0
4.1	3.4641016	1	1	1	132.61853	92.366526	357.65401	0.971	0
4.2	3.4641016	1	1	1	132.62082	92.372256	357.66317	0.971	0
4.3	3.4641016	1	1	1	133.01043	93.049492	358.31978	0.971	0
4.4	3.4641016	1	1	1	339.48953	176.16791	206.27856	0.971	0
4.5	3.4641016	1	1	1	339.51817	176.13697	206.28257	0.971	0
4.6	3.4641016	1	1	1	339.5749	176.1702	206.34903	0.971	0
4.7	3.4641016	1	1	1	43.30988	88.243522	86.506887	0.971	0
4.8	3.4641016	1	1	1	339.51817	176.13697	206.28257	0.971	0
4.9	3.4641016	1	1	1	133.38744	93.136008	358.1055	0.971	0
0.05	3.5507042	1	1	1	42.93803	88.586151	83.155657	0.971	0
0.15	3.5507042	1	1	1	132.80417	97.821084	269.32282	0.971	0
0.25	3.5507042	1	1	1	137.77572	7.8512407	355.07455	0.971	0
0.35	3.5507042	1	1	1	132.8036	97.819938	359.32246	0.971	0
0.45	3.5507042	1	1	1	132.80417	97.821084	269.32282	0.971	0
0.55	3.5507042	1	1	1	137.77572	7.8512407	355.07455	0.971	0
0.65	3.5507042	1	1	1	132.8036	97.819938	359.32246	0.971	0
0.75	3.5507042	1	1	1	132.80417	97.820511	269.32397	0.971	0
0.85	3.5507042	1	1	1	43.23253	89.251928	83.22212	0.971	0
0.95	3.5507042	1	1	1	43.235968	89.260522	83.238736	0.971	0
1.05	3.5507042	1	1	1	43.243417	89.261668	83.277124	0.971	0
1.15	3.5507042	1	1	1	319.52195	173.28765	6.312849	0.971	0
1.25	3.5507042	1	1	1	43.243417	89.259376	83.274832	0.971	0
1.35	3.5507042	1	1	1	43.250292	89.264533	83.310928	0.971	0
1.45	3.5507042	1	1	1	319.52195	173.28765	6.312849	0.971	0
1.55	3.5507042	1	1	1	147.21291	5.0202562	346.30314	0.971	0
1.65	3.5507042	1	1	1	313.4675	85.126058	1.1877415	0.971	0
1.75	3.5507042	1	1	1	223.57214	91.169044	184.8528	0.971	0
1.85	3.5507042	1	1	1	147.21291	5.0202562	346.30314	0.971	0
1.95	3.5507042	1	1	1	313.4675	85.126058	1.1877415	0.971	0
2.05	3.5507042	1	1	1	223.57214	91.169044	184.8528	0.971	0
2.15	3.5507042	1	1	1	146.39587	4.8781627	347.17346	0.971	0
2.25	3.5507042	1	1	1	313.54199	85.293935	1.0490857	0.971	0
2.35	3.5507042	1	1	1	328.53744	174.97501	15.357561	0.971	0
2.45	3.5507042	1	1	1	43.235968	88.669802	265.15341	0.971	0
2.55	3.5507042	1	1	1	328.54603	174.97501	15.365582	0.971	0
2.65	3.5507042	1	1	1	313.12315	85.154706	1.3344187	0.971	0
2.75	3.5507042	1	1	1	43.235968	88.669802	265.15341	0.971	0
2.85	3.5507042	1	1	1	328.54317	174.97444	15.362717	0.971	0
2.95	3.5507042	1	1	1	313.12373	85.154133	1.3344187	0.971	0
3.05	3.5507042	1	1	1	43.235968	88.668657	265.15513	0.971	0
3.15	3.5507042	1	1	1	131.8777	95.860996	356.37975	0.971	0
3.25	3.5507042	1	1	1	131.87827	95.866152	356.37287	0.971	0
3.35	3.5507042	1	1	1	42.201779	86.353334	84.176094	0.971	0
3.45	3.5507042	1	1	1	131.81066	95.791668	356.32417	0.971	0
3.55	3.5507042	1	1	1	131.78545	95.766458	356.3024	0.971	0
3.65	3.5507042	1	1	1	132.61165	92.381996	267.64921	0.971	0
3.75	3.5507042	1	1	1	132.61509	92.374548	357.63739	0.971	0
3.85	3.5507042	1	1	1	132.61681	92.371683	267.65208	0.971	0
3.95	3.5507042	1	1	1	132.61165	92.381996	267.64921	0.971	0
4.05	3.5507042	1	1	1	132.61624	92.373402	357.64656	0.971	0
4.15	3.5507042	1	1	1	131.81009	95.812867	356.31558	0.971	0
4.25	3.5507042	1	1	1	163.31818	6.9826366	328.77751	0.971	0
4.35	3.5507042	1	1	1	131.99859	96.115389	356.41699	0.971	0
4.45	3.5507042	1	1	1	222.448	93.526766	186.23019	0.971	0
4.55	3.5507042	1	1	1	339.08387	176.15587	205.86488	0.971	0
4.65	3.5507042	1	1	1	43.310453	88.267013	86.55215	0.971	0
4.75	3.5507042	1	1	1	340.51111	176.14728	207.22738	0.971	0
4.85	3.5507042	1	1	1	340.12436	176.16103	206.84579	0.971	0
4.95	3.5507042	1	1	1	343.73572	176.29396	210.32536	0.971	0
0	3.6373067	1	1	1	42.636654	86.007841	79.693273	0.971	0
0.1	3.6373067	1	1	1	42.650978	86.036488	79.572952	0.971	0
0.2	3.6373067	1	1	1	42.648113	86.029613	79.586703	0.971	0
0.3	3.6373067	1	1	1	132.8036	97.819938	269.32282	0.971	0
0.4	3.6373067	1	1	1	222.50529	93.014541	101.3654	0.971	0
0.5	3.6373067	1	1	1	42.89735	89.330423	82.178764	0.971	0
0.6	3.6373067	1	1	1	132.84084	97.707066	269.3148	0.971	0
0.7	3.6373067	1	1	1	133.10841	97.297974	269.28157	0.971	0
0.8	3.6373067	1	1	1	137.88745	7.7962367	355.00179	0.971	0
0.9	3.6373067	1	1	1	43.220498	89.336152	83.053097	0.971	0
1	3.6373067	1	1	1	133.1468	96.938156	269.32855	0.971	0
1.1	3.6373067	1	1	1	138.39165	6.7843933	354.79036	0.971	0
1.2	3.6373067	1	1	1	43.246281	89.263387	83.292021	0.971	0
1.3	3.6373067	1	1	1	133.15253	96.790333	269.32855	0.971	0
1.4	3.6373067	1	1	1	319.23088	173.26129	6.0292349	0.971	0
1.5	3.6373067	1	1	1	163.2162	8.5955128	330.14401	0.971	0
1.6	3.6373067	1	1	1	163.14859	8.5834807	330.20818	0.971	0
1.7	3.6373067	1	1	1	165.69252	8.4476897	327.48262	0.971	0
1.8	3.6373067	1	1	1	163.17494	8.5743134	330.16922	0.971	0
1.9	3.6373067	1	1	1	42.931728	84.557111	263.86483	0.971	0
2	3.6373067	1	1	1	312.34909	83.89821	5.4642985	0.971	0
2.1	3.6373067	1	1	1	174.36194	8.1978801	318.28092	0.971	0
2.2	3.6373067	1	1	1	42.940895	84.546225	263.85394	0.971	0
2.3	3.6373067	1	1	1	132.35726	96.120546	354.51133	0.971	0
2.4	3.6373067	1	1	1	313.22399	85.196532	1.2576424	0.971	0
2.5	3.6373067	1	1	1	43.054341	84.517577	263.8442	0.971	0
2.6	3.6373067	1	1	1	132.61624	96.14461	354.44487	0.971	0
2.7	3.6373067	1	1	1	148.55764	5.0236939	344.62265	0.971	0
2.8	3.6373067	1	1	1	223.23639	91.331191	184.84535	0.971	0
2.9	3.6373067	1	1	1	313.12144	85.166166	1.3424401	0.971	0
3	3.6373067	1	1	1	43.234822	88.6635	265.16372	0.971	0
3.1	3.6373067	1	1	1	131.87197	95.860423	356.36485	0.971	0
3.2	3.6373067	1	1	1	131.81925	95.798543	356.32589	0.971	0
3.3	3.6373067	1	1	1	131.79404	95.772187	356.30698	0.971	0
3.4	3.6373067	1	1	1	131.78258	95.763593	356.30068	0.971	0
3.5	3.6373067	1	1	1	131.77915	95.761301	356.29896	0.971	0
3.6	3.6373067	1	1	1	131.78087	95.76302	356.29953	0.971	0
3.7	3.6373067	1	1	1	42.150213	86.317238	264.22694	0.971	0
3.8	3.6373067	1	1	1	164.57353	6.8451268	327.39152	0.971	0
3.9	3.6373067	1	1	1	164.589	6.8439809	327.37548	0.971	0
4	3.6373067	1	1	1	131.77743	95.761301	356.29839	0.971	0
4.1	3.6373067	1	1	1	164.5827	6.8445538	327.38178	0.971	0
4.2	3.6373067	1	1	1	164.589	6.8439809	327.37548	0.971	0
4.3	3.6373067	1	1	1	161.8623	7.153951	330.39439	0.971	0
4.4	3.6373067	1	1	1	222.44685	93.527339	186.2279	0.971	0
4.5	3.6373067	1	1	1	161.82276	7.1579617	150.43694	0.971	0
4.6	3.6373067	1	1	1	161.8623	7.153951	330.39439	0.971	0
4.7	3.6373067	1	1	1	222.44685	93.527339	186.2279	0.971	0
4.8	3.6373067	1	1	1	161.82276	7.1579617	150.43694	0.971	0
4.9	3.6373067	1	1	1	132.45867	96.42937	357.12402	0.971	0
0.05	3.7239092	1	1	1	42.669313	86.062844	79.470965	0.971	0
0.15	3.7239092	1	1	1	42.650978	86.042791	79.674938	0.971	0
0.25	3.7239092	1	1	1	222.65426	93.918669	100.11234	0.971	0
0.35	3.7239092	1	1	1	131.90692	102.09821	267.47503	0.971	0
0.45	3.7239092	1	1	1	42.60285	86.438132	79.36726	0.971	0
0.55	3.7239092	1	1	1	311.83858	77.634635	2.5559647	0.971	0
0.65	3.7239092	1	1	1	311.9188	77.723444	2.4373625	0.971	0
0.75	3.7239092	1	1	1	133.13878	96.951334	269.32511	0.971	0
0.85	3.7239092	1	1	1	131.66169	102.52679	267.17996	0.971	0
0.95	3.7239092	1	1	1	133.15482	96.727881	269.33027	0.971	0
1.05	3.7239092	1	1	1	131.66169	102.52679	267.17996	0.971	0
1.15	3.7239092	1	1	1	133.14221	96.796063	269.3784	0.971	0
1.25	3.7239092	1	1	1	43.249719	89.270835	83.31322	0.971	0
1.35	3.7239092	1	1	1	133.15654	96.711265	269.3234	0.971	0
1.45	3.7239092	1	1	1	163.12509	8.5617083	330.22766	0.971	0
1.55	3.7239092	1	1	1	163.2626	8.5788971	330.09073	0.971	0
1.65	3.7239092	1	1	1	163.14286	8.5886373	330.21334	0.971	0
1.75	3.7239092	1	1	1	163.12509	8.5617083	330.22766	0.971	0
1.85	3.7239092	1	1	1	174.22844	8.1869939	318.41843	0.971	0
1.95	3.7239092	1	1	1	132.34981	96.109659	354.52222	0.971	0
2.05	3.7239092	1	1	1	174.3797	8.21335	318.27003	0.971	0
2.15	3.7239092	1	1	1	42.930582	84.547944	263.85394	0.971	0
2.25	3.7239092	1	1	1	132.36356	96.12341	354.50618	0.971	0
2.35	3.7239092	1	1	1	174.3797	8.21335	318.27003	0.971	0
2.45	3.7239092	1	1	1	42.94376	84.542787	263.85165	0.971	0
2.55	3.7239092	1	1	1	132.36356	96.12341	354.50618	0.971	0
2.65	3.7239092	1	1	1	175.22195	8.3256497	317.89245	0.971	0
2.75	3.7239092	1	1	1	223.36244	95.559047	186.19008	0.971	0
2.85	3.7239092	1	1	1	223.41572	95.571652	186.19811	0.971	0
2.95	3.7239092	1	1	1	312.81318	83.83232	5.6046732	0.971	0
3.05	3.7239092	1	1	1	131.92812	95.923448	356.41527	0.971	0
3.15	3.7239092	1	1	1	131.84618	95.833494	356.3448	0.971	0
3.25	3.7239092	1	1	1	42.177142	86.333854	84.201305	0.971	0
3.35	3.7239092	1	1	1	131.78774	95.76875	356.30297	0.971	0
3.45	3.7239092	1	1	1	131.78201	95.764739	356.30011	0.971	0
3.55	3.7239092	1	1	1	131.7843	95.765885	356.30125	0.971	0
3.65	3.7239092	1	1	1	222.15293	93.682037	185.77526	0.971	0
3.75	3.7239092	1	1	1	131.77857	95.761874	356.29839	0.971	0
3.85	3.7239092	1	1	1	131.778	95.761301	356.29839	0.971	0
3.95	3.7239092	1	1	1	131.778	95.760728	356.29782	0.971	0
4.05	3.7239092	1	1	1	131.77857	95.761874	356.29839	0.971	0
4.15	3.7239092	1	1	1	131.778	95.761301	356.29839	0.971	0
4.25	3.7239092	1	1	1	131.77743	95.761301	356.29782	0.971	0
4.35	3.7239092	1	1	1	222.45201	93.525047	186.23535	0.971	0
4.45	3.7239092	1	1	1	161.86344	7.153951	150.39283	0.971	0
4.55	3.7239092	1	1	1	161.85886	7.154524	330.39669	0.971	0
4.65	3.7239092	1	1	1	222.448	93.527339	186.23019	0.971	0
4.75	3.7239092	1	1	1	161.85542	7.1550969	150.40028	0.971	0
4.85	3.7239092	1	1	1	161.8199	7.1831719	330.43908	0.971	0
4.95	3.7239092	1	1	1	42.751819	87.086147	83.581937	0.971	0
0	3.8105118	1	1	1	222.61015	94.025812	100.08771	0.971	0
0.1	3.8105118	1	1	1	222.63937	93.977683	100.21032	0.971	0
0.2	3.8105118	1	1	1	222.65426	93.937576	100.10432	0.971	0
0.3	3.8105118	1	1	1	222.61817	94.009769	100.14615	0.971	0
0.4	3.8105118	1	1	1	131.90634	102.28557	267.569	0.971	0
0.5	3.8105118	1	1	1	222.41878	92.427833	102.32453	0.971	0
0.6	3.8105118	1	1	1	311.96177	77.769853	2.3880881	0.971	0
0.7	3.8105118	1	1	1	131.62158	102.54971	267.13642	0.971	0
0.8	3.8105118	1	1	1	131.65653	102.53996	267.17595	0.971	0
0.9	3.8105118	1	1	1	131.64164	102.53996	267.15303	0.971	0
1	3.8105118	1	1	1	131.62216	102.53882	267.141	0.971	0
1.1	3.8105118	1	1	1	151.51124	88.277326	341.34648	0.229	0
1.2	3.8105118	1	1	1	43.241698	89.303494	83.293167	0.971	0
1.3	3.8105118	1	1	1	131.60096	102.54627	267.11522	0.971	0
1.4	3.8105118	1	1	1	163.22192	8.6573923	330.16235	0.971	0
1.5	3.8105118	1	1	1	163.35542	8.5823348	329.99676	0.971	0
1.6	3.8105118	1	1	1	163.32735	8.5995235	330.03228	0.971	0
1.7	3.8105118	1	1	1	163.25458	8.5823348	330.1039	0.971	0
1.8	3.8105118	1	1	1	354.11599	171.92114	41.464956	0.971	0
1.9	3.8105118	1	1	1	174.29949	8.0970396	318.35655	0.971	0
2	3.8105118	1	1	1	174.44617	8.1090717	318.22706	0.971	0
2.1	3.8105118	1	1	1	132.35841	96.122265	354.51019	0.971	0
2.2	3.8105118	1	1	1	174.3946	8.2202255	318.26259	0.971	0
2.3	3.8105118	1	1	1	174.50919	8.2248091	318.20644	0.971	0
2.4	3.8105118	1	1	1	132.36356	96.125129	354.5056	0.971	0
2.5	3.8105118	1	1	1	174.3946	8.2202255	318.26259	0.971	0
2.6	3.8105118	1	1	1	312.81949	83.833466	5.6052461	0.971	0
2.7	3.8105118	1	1	1	223.41802	95.573371	96.195603	0.971	0
2.8	3.8105118	1	1	1	132.81276	96.166955	354.39502	0.971	0
2.9	3.8105118	1	1	1	312.81949	83.833466	5.6052461	0.971	0
3	3.8105118	1	1	1	223.41859	95.580246	96.205916	0.971	0
3.1	3.8105118	1	1	1	131.87827	95.866152	356.37287	0.971	0
3.2	3.8105118	1	1	1	42.197196	86.348177	84.178959	0.971	0
3.3	3.8105118	1	1	1	131.79462	95.776771	356.3087	0.971	0
3.4	3.8105118	1	1	1	131.7843	95.766458	356.30125	0.971	0
3.5	3.8105118	1	1	1	164.55749	6.8462727	327.41043	0.971	0
3.6	3.8105118	1	1	1	311.78243	84.234536	3.6995885	0.971	0
3.7	3.8105118	1	1	1	42.150786	86.317238	84.225942	0.971	0
3.8	3.8105118	1	1	1	164.57582	6.8451268	327.38866	0.971	0
3.9	3.8105118	1	1	1	222.14949	93.68261	95.773906	0.971	0
4	3.8105118	1	1	1	42.150786	86.317238	84.225942	0.971	0
4.1	3.8105118	1	1	1	164.57582	6.8451268	327.38866	0.971	0
4.2	3.8105118	1	1	1	222.14949	93.68261	95.773333	0.971	0
4.3	3.8105118	1	1	1	222.448	93.526766	186.23019	0.971	0
4.4	3.8105118	1	1	1	222.44857	93.526766	186.22962	0.971	0
4.5	3.8105118	1	1	1	132.0301	96.165809	356.43475	0.971	0
4.6	3.8105118	1	1	1	222.448	93.526766	186.23019	0.971	0
4.7	3.8105118	1	1	1	222.44857	93.526766	186.22962	0.971	0
4.8	3.8105118	1	1	1	132.05016	96.407025	356.33563	0.971	0
4.9	3.8105118	1	1	1	42.78104	87.142297	83.56704	0.971	0
0.05	3.8971143	1	1	1	222.60041	94.071076	100.09114	0.971	0
0.15	3.8971143	1	1	1	222.62504	93.993726	100.08427	0.971	0
0.25	3.8971143	1	1	1	222.62562	93.99258	100.08026	0.971	0
0.35	3.8971143	1	1	1	222.64682	93.955911	100.08828	0.971	0
0.45	3.8971143	1	1	1	311.96177	77.762978	2.3852233	0.971	0
0.55	3.8971143	1	1	1	311.96177	77.767562	2.4058498	0.971	0
0.65	3.8971143	1	1	1	222.47493	92.365953	192.23995	0.971	0
0.75	3.8971143	1	1	1	222.47951	92.368245	192.2388	0.971	0
0.85	3.8971143	1	1	1	311.95547	77.78074	182.43033	0.971	0
0.95	3.8971143	1	1	1	222.47264	92.371683	192.22448	0.971	0
1.05	3.8971143	1	1	1	222.18215	92.913701	102.58064	0.971	0
1.15	3.8971143	1	1	1	151.51124	88.277326	341.34648	0.229	0
1.25	3.8971143	1	1	1	222.18501	92.901669	102.58122	0.971	0
1.35	3.8971143	1	1	1	163.33594	8.6321821	330.02713	0.971	0
1.45	3.8971143	1	1	1	163.2437	8.6717162	330.13656	0.971	0
1.55	3.8971143	1	1	1	163.41444	8.6602571	329.9515	0.971	0
1.65	3.8971143	1	1	1	163.33594	8.6321821	330.02713	0.971	0
1.75	3.8971143	1	1	1	279.34214	45.394873	254.29586	0.171	0
1.85	3.8971143	1	1	1	312.34909	83.89821	5.4642985	0.971	0
1.95	3.8971143	1	1	1	174.36194	8.1978801	318.28092	0.971	0
2.05	3.8971143	1	1	1	42.940895	84.546225	263.85394	0.971	0
2.15	3.8971143	1	1	1	132.35726	96.120546	354.51133	0.971	0
2.25	3.8971143	1	1	1	174.36194	8.1978801	318.28092	0.971	0
2.35	3.8971143	1	1	1	42.940895	84.546225	263.85394	0.971	0
2.45	3.8971143	1	1	1	132.35726	96.120546	354.51133	0.971	0
2.55	3.8971143	1	1	1	174.48226	8.1102176	318.19097	0.971	0
2.65	3.8971143	1	1	1	223.41687	95.572798	186.19696	0.971	0
2.75	3.8971143	1	1	1	223.41572	95.572798	186.19639	0.971	0
2.85	3.8971143	1	1	1	312.80402	83.923993	5.5301886	0.971	0
2.95	3.8971143	1	1	1	223.41744	95.572798	96.195603	0.971	0
3.05	3.8971143	1	1	1	132.82136	96.16409	354.39273	0.971	0
3.15	3.8971143	1	1	1	42.217249	86.36422	84.157187	0.971	0
3.25	3.8971143	1	1	1	131.81123	95.795679	356.31902	0.971	0
3.35	3.8971143	1	1	1	42.162245	86.324113	84.216202	0.971	0
3.45	3.8971143	1	1	1	131.78316	95.764739	356.30068	0.971	0
3.55	3.8971143	1	1	1	222.15293	93.681464	185.77526	0.971	0
3.65	3.8971143	1	1	1	164.57353	6.8451268	327.39152	0.971	0
3.75	3.8971143	1	1	1	164.58098	6.8445538	327.38407	0.971	0
3.85	3.8971143	1	1	1	42.150213	86.317238	264.22694	0.971	0
3.95	3.8971143	1	1	1	164.57353	6.8451268	327.39152	0.971	0
4.05	3.8971143	1	1	1	164.58098	6.8445538	327.38407	0.971	0
4.15	3.8971143	1	1	1	131.77743	95.761301	356.29839	0.971	0
4.25	3.8971143	1	1	1	222.44743	93.527339	186.22847	0.971	0
4.35	3.8971143	1	1	1	161.82563	7.1585347	150.43408	0.971	0
4.45	3.8971143	1	1	1	161.8623	7.153951	330.39439	0.971	0
4.55	3.8971143	1	1	1	222.44743	93.527339	186.22847	0.971	0
4.65	3.8971143	1	1	1	161.82276	7.1579617	150.43694	0.971	0
4.75	3.8971143	1	1	1	161.85771	7.153951	330.39783	0.971	0
4.85	3.8971143	1	1	1	336.57661	172.96221	23.952501	0.971	0
4.95	3.8971143	1	1	1	42.78505	87.149745	83.563603	0.971	0
0	3.9837169	1	1	1	42.66874	86.094357	79.896673	0.971	0
0.1	3.9837169	1	1	1	311.85405	79.951677	4.1419119	0.971	0
0.2	3.9837169	1	1	1	222.65083	93.9519	100.10661	0.971	0
0.3	3.9837169	1	1	1	222.7276	93.807515	100.12839	0.971	0
0.4	3.9837169	1	1	1	311.98239	79.916726	3.9534088	0.971	0
0.5	3.9837169	1	1	1	311.95375	77.779021	2.4012661	0.971	0
0.6	3.9837169	1	1	1	222.47034	92.353348	192.23536	0.971	0
0.7	3.9837169	1	1	1	222.48238	92.358505	192.23479	0.971	0
0.8	3.9837169	1	1	1	311.95948	77.780167	182.43377	0.971	0
0.9	3.9837169	1	1	1	222.46977	92.366526	192.22963	0.971	0
1	3.9837169	1	1	1	222.47779	92.369964	192.21989	0.971	0
1.1	3.9837169	1	1	1	311.95833	77.784177	182.43091	0.971	0
1.2	3.9837169	1	1	1	222.45889	92.15797	102.04321	0.971	0
1.3	3.9837169	1	1	1	311.99385	77.959502	2.2053146	0.971	0
1.4	3.9837169	1	1	1	222.45258	92.151667	192.05144	0.971	0
1.5	3.9837169	1	1	1	222.45659	92.147656	102.04264	0.971	0
1.6	3.9837169	1	1	1	163.12509	8.5617083	330.22766	0.971	0
1.7	3.9837169	1	1	1	277.64847	153.0714	73.786651	0.143	0
1.8	3.9837169	1	1	1	163.14286	8.5886373	330.21334	0.971	0
1.9	3.9837169	1	1	1	174.3608	8.1961613	318.28035	0.971	0
2	3.9837169	1	1	1	42.930582	84.547944	263.85394	0.971	0
2.1	3.9837169	1	1	1	132.35612	96.119973	354.51191	0.971	0
2.2	3.9837169	1	1	1	174.3797	8.21335	318.27003	0.971	0
2.3	3.9837169	1	1	1	42.930582	84.547944	263.85394	0.971	0
2.4	3.9837169	1	1	1	132.36356	96.12341	354.50618	0.971	0
2.5	3.9837169	1	1	1	174.38715	8.2167877	318.26602	0.971	0
2.6	3.9837169	1	1	1	42.945479	84.545079	263.8568	0.971	0
2.7	3.9837169	1	1	1	223.41572	95.571652	186.19811	0.971	0
2.8	3.9837169	1	1	1	312.81318	83.83232	5.6046732	0.971	0
2.9	3.9837169	1	1	1	223.36244	95.559047	186.19008	0.971	0
3	3.9837169	1	1	1	223.41572	95.571652	186.19811	0.971	0
3.1	3.9837169	1	1	1	312.81318	83.83232	5.6046732	0.971	0
3.2	3.9837169	1	1	1	131.83931	95.826618	356.3385	0.971	0
3.3	3.9837169	1	1	1	42.167975	86.326978	84.212191	0.971	0
3.4	3.9837169	1	1	1	131.7843	95.765885	356.30125	0.971	0
3.5	3.9837169	1	1	1	222.15293	93.682037	185.77526	0.971	0
3.6	3.9837169	1	1	1	131.78087	95.764166	356.30011	0.971	0
3.7	3.9837169	1	1	1	131.7843	95.765885	356.30125	0.971	0
3.8	3.9837169	1	1	1	222.15293	93.682037	185.77526	0.971	0
3.9	3.9837169	1	1	1	131.77857	95.761874	356.29839	0.971	0
4	3.9837169	1	1	1	131.778	95.761301	356.29839	0.971	0
4.1	3.9837169	1	1	1	131.778	95.760728	356.29782	0.971	0
4.2	3.9837169	1	1	1	222.45201	93.525047	186.23535	0.971	0
4.3	3.9837169	1	1	1	161.86344	7.153951	150.39283	0.971	0
4.4	3.9837169	1	1	1	161.85886	7.154524	330.39669	0.971	0
4.5	3.9837169	1	1	1	222.45201	93.525047	186.23535	0.971	0
4.6	3.9837169	1	1	1	161.86344	7.153951	150.39283	0.971	0
4.7	3.9837169	1	1	1	161.85886	7.154524	330.39669	0.971	0
4.8	3.9837169	1	1	1	162.59224	9.1959726	329.65299	0.971	0
4.9	3.9837169	1	1	1	42.78104	87.141724	83.561311	0.971	0
0.05	4.0703194	1	1	1	317.31606	103.62285	69.631561	0.971	0
0.15	4.0703194	1	1	1	222.61015	94.025812	100.08771	0.971	0
0.25	4.0703194	1	1	1	222.63421	93.98857	100.1089	0.971	0
0.35	4.0703194	1	1	1	222.65827	93.943306	100.11349	0.971	0
0.45	4.0703194	1	1	1	311.96177	77.782458	2.4207467	0.971	0
0.55	4.0703194	1	1	1	222.47493	92.368818	192.22849	0.971	0
0.65	4.0703194	1	1	1	222.47493	92.367672	192.22677	0.971	0
0.75	4.0703194	1	1	1	311.96177	77.782458	2.4207467	0.971	0
0.85	4.0703194	1	1	1	222.47493	92.368818	192.22849	0.971	0
0.95	4.0703194	1	1	1	222.47493	92.367672	192.22677	0.971	0
1.05	4.0703194	1	1	1	311.96291	77.784177	182.42403	0.971	0
1.15	4.0703194	1	1	1	222.45831	92.161407	102.03061	0.971	0
1.25	4.0703194	1	1	1	311.99786	77.975545	2.2047416	0.971	0
1.35	4.0703194	1	1	1	222.45602	92.158542	192.02967	0.971	0
1.45	4.0703194	1	1	1	222.45831	92.161407	102.03061	0.971	0
1.55	4.0703194	1	1	1	222.45487	92.141354	102.04665	0.971	0
1.65	4.0703194	1	1	1	222.45602	92.158542	192.02967	0.971	0
1.75	4.0703194	1	1	1	132.29595	97.99068	356.18666	0.971	0
1.85	4.0703194	1	1	1	312.18637	82.277312	3.8921023	0.971	0
1.95	4.0703194	1	1	1	173.94311	7.2880232	318.86534	0.971	0
2.05	4.0703194	1	1	1	354.63051	172.72672	221.82176	0.971	0
2.15	4.0703194	1	1	1	175.17039	7.2570834	317.66041	0.971	0
2.25	4.0703194	1	1	1	132.36356	96.125129	354.5056	0.971	0
2.35	4.0703194	1	1	1	174.3946	8.2202255	318.26259	0.971	0
2.45	4.0703194	1	1	1	174.50919	8.2248091	318.20644	0.971	0
2.55	4.0703194	1	1	1	132.36356	96.125129	354.5056	0.971	0
2.65	4.0703194	1	1	1	132.81276	96.166955	354.39502	0.971	0
2.75	4.0703194	1	1	1	312.81949	83.833466	5.6052461	0.971	0
2.85	4.0703194	1	1	1	223.41859	95.580246	96.205916	0.971	0
2.95	4.0703194	1	1	1	132.81276	96.166955	354.39502	0.971	0
3.05	4.0703194	1	1	1	312.81433	83.832893	5.6041002	0.971	0
3.15	4.0703194	1	1	1	223.41859	95.580246	96.205916	0.971	0
3.25	4.0703194	1	1	1	312.48488	84.478616	6.3340484	0.971	0
3.35	4.0703194	1	1	1	131.79003	95.772187	356.30469	0.971	0
3.45	4.0703194	1	1	1	311.78243	84.234536	3.6995885	0.971	0
3.55	4.0703194	1	1	1	131.7843	95.766458	356.30125	0.971	0
3.65	4.0703194	1	1	1	164.55749	6.8462727	327.41043	0.971	0
3.75	4.0703194	1	1	1	222.14949	93.68261	95.773906	0.971	0
3.85	4.0703194	1	1	1	131.78029	95.763593	356.29896	0.971	0
3.95	4.0703194	1	1	1	164.57582	6.8451268	327.38866	0.971	0
4.05	4.0703194	1	1	1	222.14949	93.68261	95.773906	0.971	0
4.15	4.0703194	1	1	1	222.44743	93.526766	186.23076	0.971	0
4.25	4.0703194	1	1	1	222.448	93.527339	186.22962	0.971	0
4.35	4.0703194	1	1	1	132.0301	96.165809	356.43475	0.971	0
4.45	4.0703194	1	1	1	222.44743	93.526766	186.22962	0.971	0
4.55	4.0703194	1	1	1	222.448	93.527339	186.22962	0.971	0
4.65	4.0703194	1	1	1	42.566181	85.367847	262.04683	0.971	0
4.75	4.0703194	1	1	1	162.73835	9.203994	329.49943	0.971	0
4.85	4.0703194	1	1	1	222.56202	94.654347	97.949427	0.971	0
4.95	4.0703194	1	1	1	42.566181	85.367847	262.04683	0.971	0
0	4.1569219	1	1	1	317.31606	103.62285	69.631561	0.971	0
0.1	4.1569219	1	1	1	317.3533	103.6028	69.660782	0.971	0
0.2	4.1569219	1	1	1	317.35387	103.6028	69.661355	0.971	0
0.3	4.1569219	1	1	1	317.3682	103.59535	69.675106	0.971	0
0.4	4.1569219	1	1	1	317.45414	103.55238	69.754174	0.971	0
0.5	4.1569219	1	1	1	234.30708	68.74233	345.62017	0.971	0
0.6	4.1569219	1	1	1	54.471671	111.55603	284.52339	0.971	0
0.7	4.1569219	1	1	1	54.252801	111.12975	284.35036	0.971	0
0.8	4.1569219	1	1	1	234.30708	68.74233	345.62017	0.971	0
0.9	4.1569219	1	1	1	54.942069	112.40458	284.92905	0.971	0
1	4.1569219	1	1	1	54.943788	112.40401	284.93191	0.971	0
1.1	4.1569219	1	1	1	54.943788	112.40458	284.93306	0.971	0
1.2	4.1569219	1	1	1	54.942069	112.40458	284.92905	0.971	0
1.3	4.1569219	1	1	1	54.943788	112.40401	284.93191	0.971	0
1.4	4.1569219	1	1	1	54.943788	112.40458	284.93306	0.971	0
1.5	4.1569219	1	1	1	319.36209	104.2428	67.197063	0.971	0
1.6	4.1569219	1	1	1	55.107081	112.23441	285.16568	0.971	0
1.7	4.1569219	1	1	1	163.22422	8.5462385	330.01624	0.971	0
1.8	4.1569219	1	1	1	159.61344	8.6774458	333.08099	0.971	0
1.9	4.1569219	1	1	1	43.062935	85.138091	174.59113	0.971	0
2	4.1569219	1	1	1	43.052049	85.12434	174.6255	0.971	0
2.1	4.1569219	1	1	1	223.04559	94.880092	95.360804	0.971	0
2.2	4.1569219	1	1	1	312.58629	84.663109	4.9068106	0.971	0
2.3	4.1569219	1	1	1	43.038871	85.119756	174.64785	0.971	0
2.4	4.1569219	1	1	1	43.041735	85.114026	174.64957	0.971	0
2.5	4.1569219	1	1	1	43.040017	85.107724	174.64728	0.971	0
2.6	4.1569219	1	1	1	43.042308	85.109443	174.64613	0.971	0
2.7	4.1569219	1	1	1	43.085853	85.101994	174.63983	0.971	0
2.8	4.1569219	1	1	1	223.41744	95.572798	96.195603	0.971	0
2.9	4.1569219	1	1	1	132.82136	96.16409	354.39273	0.971	0
3	4.1569219	1	1	1	312.80402	83.923993	5.5301886	0.971	0
3.1	4.1569219	1	1	1	223.41744	95.572798	96.195603	0.971	0
3.2	4.1569219	1	1	1	132.82136	96.16409	354.39273	0.971	0
3.3	4.1569219	1	1	1	312.44534	84.587478	6.4457752	0.971	0
3.4	4.1569219	1	1	1	311.78931	84.225942	3.6944319	0.971	0
3.5	4.1569219	1	1	1	131.78316	95.767604	356.30183	0.971	0
3.6	4.1569219	1	1	1	131.78316	95.764739	356.30068	0.971	0
3.7	4.1569219	1	1	1	222.15293	93.681464	185.77526	0.971	0
3.8	4.1569219	1	1	1	131.78316	95.767604	356.30183	0.971	0
3.9	4.1569219	1	1	1	164.56551	6.8456997	327.40069	0.971	0
4	4.1569219	1	1	1	131.77743	95.760728	356.29839	0.971	0
4.1	4.1569219	1	1	1	222.44571	93.524474	186.23649	0.971	0
4.2	4.1569219	1	1	1	222.44628	93.52562	186.23248	0.971	0
4.3	4.1569219	1	1	1	132.06219	96.221386	356.45366	0.971	0
4.4	4.1569219	1	1	1	222.44571	93.524474	186.23649	0.971	0
4.5	4.1569219	1	1	1	161.82563	7.1585347	150.43408	0.971	0
4.6	4.1569219	1	1	1	132.06219	96.221386	356.45366	0.971	0
4.7	4.1569219	1	1	1	162.86898	9.1988374	329.36593	0.971	0
4.8	4.1569219	1	1	1	222.55686	94.693308	187.92615	0.971	0
4.9	4.1569219	1	1	1	311.88557	82.087663	4.7721655	0.971	0
0.05	4.2435245	1	1	1	317.48222	103.50311	249.78668	0.971	0
0.15	4.2435245	1	1	1	317.40888	103.57816	69.712348	0.971	0
0.25	4.2435245	1	1	1	317.51144	103.52717	69.82121	0.971	0
0.35	4.2435245	1	1	1	317.67588	103.44868	69.989659	0.971	0
0.45	4.2435245	1	1	1	317.66786	103.4567	69.982784	0.971	0
0.55	4.2435245	1	1	1	234.33917	68.670138	345.60871	0.971	0
0.65	4.2435245	1	1	1	54.326712	111.27872	284.40307	0.971	0
0.75	4.2435245	1	1	1	54.244206	111.12345	284.34005	0.971	0
0.85	4.2435245	1	1	1	234.92473	67.635376	345.1005	0.971	0
0.95	4.2435245	1	1	1	54.908264	112.36447	284.88378	0.971	0
1.05	4.2435245	1	1	1	54.943788	112.40573	284.93248	0.971	0
1.15	4.2435245	1	1	1	54.943215	112.40573	284.93248	0.971	0
1.25	4.2435245	1	1	1	54.942642	112.40401	284.92733	0.971	0
1.35	4.2435245	1	1	1	54.950663	112.40515	284.94853	0.971	0
1.45	4.2435245	1	1	1	319.45778	104.45479	67.317384	0.971	0
1.55	4.2435245	1	1	1	319.40506	104.32645	67.253786	0.971	0
1.65	4.2435245	1	1	1	55.276103	112.07054	285.42236	0.971	0
1.75	4.2435245	1	1	1	319.45778	104.45479	67.317384	0.971	0
1.85	4.2435245	1	1	1	319.92244	107.94582	69.739277	0.971	0
1.95	4.2435245	1	1	1	56.411133	109.23555	289.04632	0.971	0
2.05	4.2435245	1	1	1	319.92244	107.94525	69.738131	0.971	0
2.15	4.2435245	1	1	1	319.92244	107.94582	69.739277	0.971	0
2.25	4.2435245	1	1	1	43.042308	85.114026	174.65129	0.971	0
2.35	4.2435245	1	1	1	43.042881	85.114026	174.65129	0.971	0
2.45	4.2435245	1	1	1	43.045746	85.111162	174.65014	0.971	0
2.55	4.2435245	1	1	1	43.042308	85.114026	174.65129	0.971	0
2.65	4.2435245	1	1	1	43.042881	85.114026	174.65129	0.971	0
2.75	4.2435245	1	1	1	43.045746	85.111162	174.65014	0.971	0
2.85	4.2435245	1	1	1	43.057205	85.108297	174.64613	0.971	0
2.95	4.2435245	1	1	1	312.39321	84.644774	6.4434834	0.971	0
3.05	4.2435245	1	1	1	222.99403	96.426505	95.383149	0.971	0
3.15	4.2435245	1	1	1	312.34508	84.647639	6.529427	0.971	0
3.25	4.2435245	1	1	1	312.37945	84.644774	6.474996	0.971	0
3.35	4.2435245	1	1	1	222.98314	96.469477	95.394035	0.971	0
3.45	4.2435245	1	1	1	223.03299	93.263205	96.407597	0.971	0
3.55	4.2435245	1	1	1	312.75302	83.528652	3.2864859	0.971	0
3.65	4.2435245	1	1	1	223.24899	93.296437	96.452288	0.971	0
3.75	4.2435245	1	1	1	131.78087	95.764166	356.30011	0.971	0
3.85	4.2435245	1	1	1	131.77857	95.761874	356.29839	0.971	0
3.95	4.2435245	1	1	1	131.778	95.761301	356.29782	0.971	0
4.05	4.2435245	1	1	1	132.05531	96.238002	356.46054	0.971	0
4.15	4.2435245	1	1	1	161.79812	7.1591077	330.44882	0.971	0
4.25	4.2435245	1	1	1	132.02896	96.172685	356.43704	0.971	0
4.35	4.2435245	1	1	1	132.05531	96.238002	356.46054	0.971	0
4.45	4.2435245	1	1	1	161.84453	7.1568158	150.41116	0.971	0
4.55	4.2435245	1	1	1	312.52728	82.103133	4.195197	0.971	0
4.65	4.2435245	1	1	1	162.59224	9.1959726	329.65299	0.971	0
4.75	4.2435245	1	1	1	222.54941	94.704767	97.916195	0.971	0
4.85	4.2435245	1	1	1	311.89301	82.115165	4.7664359	0.971	0
4.95	4.2435245	1	1	1	162.59224	9.1959726	329.65299	0.971	0